{"mode": ["0.0", "MANUAL", "MANUAL", "MANUAL", "MANUAL", "MANUAL", "MANUAL"], "lat_deg": [0.0, 40.6529636, 40.652963299999996, 40.652963, 40.6529628, 40.652962699999996, 40.652962699999996], "lng_deg": [0.0, -119.3534332, -119.35343259999999, -119.35343189999999, -119.3534313, -119.35343069999999, -119.35342999999999], "abs_alt_m": [0.0, 1200.68310546875, 1200.6781005859375, 1200.6881103515625, 1200.697021484375, 1200.7020263671875, 1200.7060546875], "rel_alt_m": [0.0, -0.23000000417232513, -0.23600001633167267, -0.22600001096725464, -0.2160000056028366, -0.2110000103712082, -0.2070000171661377], "x_m": [0.0, -0.20784518122673035, -0.24158746004104614, -0.2723962962627411, -0.292820006608963, -0.30507296323776245, -0.31020644307136536], "y_m": [0.0, 0.39923322200775146, 0.4463573396205902, 0.49935489892959595, 0.5527860522270203, 0.6073232293128967, 0.6665330529212952], "pitch_deg": [0.0, 0.7311305403709412, 0.734258770942688, 0.7405911087989807, 0.7477297186851501, 0.7635713219642639, 0.7641372680664062], "roll_deg": [0.0, 1.7589802742004395, 1.7602018117904663, 1.764535903930664, 1.7667336463928223, 1.7648118734359741, 1.762388825416565], "yaw_deg": [0.0, 154.25047302246094, 154.2244415283203, 154.2054443359375, 154.21011352539062, 154.2082061767578, 154.20355224609375], "lidar": [-1, 0.00999444409950669, 0.009994432191795318, 0.01998884974870966, 0.029983158358530024, 0.00999436413400184, 0.0199887704166815], "target point": [[null, null, null], [null, null, null], [null, null, null], [null, null, null], [null, null, null], [null, null, null], [null, null, null]], "unix time": [0.0, 1663161831619281, 1663161831619281, 1663161832617281, 1663161832617281, 1663161833618281, 1663161833618281]}