{"mode": ["0.0", "0.0", "HOLD", "HOLD", "HOLD", "HOLD", "HOLD"], "lat_deg": [0.0, 40.6529592, 40.652958999999996, 40.6529588, 40.6529587, 40.6529585, 40.652958399999996], "lng_deg": [0.0, -119.3534238, -119.3534237, -119.35342349999999, -119.3534234, -119.35342329999999, -119.3534232], "abs_alt_m": [0.0, 1200.735107421875, 1200.739013671875, 1200.7451171875, 1200.736083984375, 1200.7340087890625, 1200.7451171875], "rel_alt_m": [0.0, 0.0010000000474974513, 0.004000000189989805, 0.01100000087171793, 0.0020000000949949026, 0.0, 0.010000000707805157], "x_m": [0.0, -0.6990224123001099, -0.7223878502845764, -0.740842342376709, -0.7553648948669434, -0.7708324193954468, -0.7868542671203613], "y_m": [0.0, 1.190505862236023, 1.1996073722839355, 1.208766222000122, 1.2163218259811401, 1.225064754486084, 1.2315713167190552], "pitch_deg": [0.0, 0.8044145703315735, 0.8100816011428833, 0.8095249533653259, 0.8140416741371155, 0.8076927065849304, 0.8190245628356934], "roll_deg": [0.0, 1.8024200201034546, 1.7991664409637451, 1.7903531789779663, 1.7905594110488892, 1.7871205806732178, 1.7919402122497559], "yaw_deg": [0.0, 154.36965942382812, 154.43814086914062, 154.5059356689453, 154.5289306640625, 154.54275512695312, 154.55648803710938], "lidar": [-1, 0.019988082514173548, 0.01998814341984267, 0.02998236217826703, 0.01998824566407908, 0.01998822519871405, 0.019988227874689807], "target point": [[null, null, null], [null, null, null], [null, null, null], [null, null, null], [null, null, null], [null, null, null], [null, null, null]], "unix time": [0.0, 1663161844617281, 1663161844617281, 1663161845616281, 1663161845616281, 1663161846615281, 1663161846615281]}