{"mode": ["0.0", "0.0", "HOLD", "HOLD", "HOLD", "HOLD", "HOLD", "HOLD", "HOLD", "HOLD", "TAKEOFF", "TAKEOFF", "TAKEOFF", "TAKEOFF", "TAKEOFF", "TAKEOFF", "TAKEOFF", "TAKEOFF", "TAKEOFF", "TAKEOFF", "TAKEOFF", "TAKEOFF", "TAKEOFF", "TAKEOFF", "TAKEOFF", "TAKEOFF", "TAKEOFF", "TAKEOFF", "TAKEOFF", "TAKEOFF", "LAND", "LAND", "LAND", "LAND", "LAND", "LAND", "LAND", "LAND", "LAND", "LAND", "LAND", "LAND", "LAND", "LAND", "LAND", "LAND", "LAND", "LAND", "LAND", "LAND"], "lat_deg": [0.0, 40.6529586, 40.6529585, 40.6529585, 40.6529586, 40.6529586, 40.6529585, 40.6529585, 40.6529585, 40.6529585, 40.6529586, 40.6529587, 40.6529594, 40.6529599, 40.652960199999995, 40.6529601, 40.6529594, 40.6529589, 40.652958399999996, 40.652958, 40.6529575, 40.652956599999996, 40.6529557, 40.652954799999996, 40.652954099999995, 40.6529536, 40.652953499999995, 40.6529538, 40.6529545, 40.6529551, 40.652955299999995, 40.6529551, 40.6529546, 40.6529536, 40.6529526, 40.6529522, 40.652952, 40.652952, 40.6529519, 40.6529521, 40.6529524, 40.6529526, 40.6529527, 40.652952899999995, 40.652952899999995, 40.652953, 40.6529531, 40.6529531, 40.6529531, 40.6529531], "lng_deg": [0.0, -119.3534236, -119.3534238, -119.35342399999999, -119.3534241, -119.35342419999999, -119.35342419999999, -119.3534243, -119.3534243, -119.3534244, -119.35342449999999, -119.3534243, -119.35342329999999, -119.353421, -119.3534186, -119.3534169, -119.3534165, -119.3534174, -119.3534193, -119.3534222, -119.3534249, -119.3534274, -119.3534289, -119.35342849999999, -119.3534274, -119.35342589999999, -119.35342449999999, -119.3534237, -119.3534231, -119.3534229, -119.35342299999999, -119.3534237, -119.35342449999999, -119.3534249, -119.3534248, -119.3534243, -119.3534234, -119.35342259999999, -119.35342259999999, -119.35342259999999, -119.35342279999999, -119.35342299999999, -119.3534232, -119.35342329999999, -119.3534234, -119.3534236, -119.3534238, -119.35342399999999, -119.3534241, -119.3534241], "abs_alt_m": [0.0, 1200.7191162109375, 1200.72900390625, 1200.7410888671875, 1200.739013671875, 1200.736083984375, 1200.737060546875, 1200.739013671875, 1200.748046875, 1200.7540283203125, 1200.748046875, 1200.779052734375, 1200.9810791015625, 1201.2340087890625, 1201.549072265625, 1201.966064453125, 1202.508056640625, 1203.0570068359375, 1203.466064453125, 1203.7750244140625, 1203.8890380859375, 1203.93310546875, 1203.923095703125, 1203.9000244140625, 1203.9010009765625, 1203.884033203125, 1203.8670654296875, 1203.8560791015625, 1203.93408203125, 1204.2191162109375, 1204.110107421875, 1203.76904296875, 1203.1820068359375, 1202.6240234375, 1202.1060791015625, 1201.634033203125, 1201.2510986328125, 1200.9281005859375, 1200.822021484375, 1200.7430419921875, 1200.7301025390625, 1200.72802734375, 1200.7510986328125, 1200.76611328125, 1200.76904296875, 1200.760009765625, 1200.7510986328125, 1200.74609375, 1200.7451171875, 1200.7410888671875], "rel_alt_m": [0.0, -0.014000000432133675, -0.004000000189989805, 0.007000000216066837, 0.004000000189989805, 0.0010000000474974513, 0.0020000000949949026, 0.0020000000949949026, 0.01100000087171793, 0.017000000923871994, -0.003000000026077032, 0.027000000700354576, 0.2290000170469284, 0.4820000231266022, 0.796000063419342, 1.2140001058578491, 1.755000114440918, 2.305000066757202, 2.7140002250671387, 3.0220000743865967, 3.13700008392334, 3.181000232696533, 3.1710002422332764, 3.1480002403259277, 3.1490001678466797, 3.132000207901001, 3.1150002479553223, 3.1040000915527344, 3.182000160217285, 3.4670002460479736, 3.3580002784729004, 3.0160000324249268, 2.430000066757202, 1.8720000982284546, 1.3530000448226929, 0.8820000290870667, 0.49900001287460327, 0.17600001394748688, 0.07000000029802322, -0.00800000037997961, -0.021000001579523087, -0.023000001907348633, 0.0, 0.014000000432133675, 0.0, -0.00800000037997961, -0.017000000923871994, -0.02200000174343586, -0.023000001907348633, -0.027000000700354576], "x_m": [0.0, -0.7668516039848328, -0.7716869115829468, -0.7702130675315857, -0.7664889693260193, -0.7674418687820435, -0.768616795539856, -0.774304986000061, -0.7738257050514221, -0.7695372104644775, -0.7621520161628723, -0.7521804571151733, -0.6789243221282959, -0.6118583083152771, -0.5814415216445923, -0.6019271612167358, -0.670832633972168, -0.7318210005760193, -0.7931960225105286, -0.840419590473175, -0.8989682197570801, -1.0008758306503296, -1.0823003053665161, -1.1888447999954224, -1.2556654214859009, -1.3203539848327637, -1.323706030845642, -1.2913516759872437, -1.2069603204727173, -1.1444443464279175, -1.133872151374817, -1.1548733711242676, -1.2047322988510132, -1.3177130222320557, -1.4339646100997925, -1.474359154701233, -1.5004855394363403, -1.4983367919921875, -1.5041522979736328, -1.4745054244995117, -1.4523930549621582, -1.4275994300842285, -1.4116164445877075, -1.3992520570755005, -1.3902885913848877, -1.3827474117279053, -1.3744306564331055, -1.3724236488342285, -1.3733168840408325, -1.3780921697616577], "y_m": [0.0, 1.1991205215454102, 1.1836085319519043, 1.1699265241622925, 1.1584500074386597, 1.152547836303711, 1.1470706462860107, 1.1451067924499512, 1.143368124961853, 1.1327279806137085, 1.123194694519043, 1.137630820274353, 1.226627230644226, 1.4299060106277466, 1.6278297901153564, 1.7710533142089844, 1.7963502407073975, 1.7209949493408203, 1.5339891910552979, 1.293472170829773, 1.0627297163009644, 0.848620593547821, 0.758328914642334, 0.7855245471000671, 0.8772721290588379, 1.0191446542739868, 1.1270447969436646, 1.1944515705108643, 1.245950698852539, 1.2641550302505493, 1.2476961612701416, 1.1775791645050049, 1.1244397163391113, 1.0971506834030151, 1.0998616218566895, 1.1492767333984375, 1.2200939655303955, 1.2883124351501465, 1.2920342683792114, 1.2813588380813599, 1.2695974111557007, 1.2513363361358643, 1.2377774715423584, 1.2295291423797607, 1.214654564857483, 1.1990913152694702, 1.1821008920669556, 1.1686948537826538, 1.1595157384872437, 1.1569042205810547], "pitch_deg": [0.0, 0.7384628057479858, 0.7367923855781555, 0.7506623864173889, 0.7467840909957886, 0.7490678429603577, 0.7410610318183899, 0.7774041891098022, 0.7123093605041504, 0.9879031181335449, 0.7124887108802795, 0.32880204916000366, -1.170276403427124, -1.1978832483291626, -3.1069469451904297, -4.002889156341553, -3.1836471557617188, -3.3441789150238037, -1.5705100297927856, 0.07595814019441605, 1.1853991746902466, 2.084923028945923, 1.6339337825775146, 1.0073015689849854, -0.08981245011091232, -1.3405770063400269, -1.5653421878814697, -1.3319557905197144, -1.1589082479476929, 0.09612488001585007, -0.1881379932165146, 0.2565859854221344, 1.0440757274627686, 0.7219864130020142, 0.03516227379441261, -0.36500707268714905, -1.1125342845916748, -1.4992480278015137, -1.2876816987991333, -1.3125567436218262, -1.0446165800094604, -1.9667012691497803, -1.9027550220489502, -1.8643423318862915, -1.7863481044769287, -1.7193576097488403, -1.6409252882003784, -1.559237003326416, -1.4848949909210205, -1.4120432138442993], "roll_deg": [0.0, 1.806829571723938, 1.7996405363082886, 1.8048146963119507, 1.7998379468917847, 1.7910842895507812, 1.7903296947479248, 1.8442420959472656, 1.8137344121932983, 1.7423880100250244, 0.6105647087097168, 1.1505151987075806, 3.253633975982666, 5.387507438659668, 7.261287212371826, 5.721372127532959, 5.900694847106934, 3.0448694229125977, 2.0925443172454834, 1.7100584506988525, 3.1766772270202637, 5.6861467361450195, 3.530982494354248, 6.4135284423828125, 3.252859115600586, 3.564284086227417, 1.5649484395980835, 5.698992729187012, 2.8426620960235596, 0.2332770973443985, 3.151623487472534, 2.1425347328186035, 4.358521461486816, 4.3790388107299805, 6.9696831703186035, 3.5635952949523926, 3.87064790725708, 4.750539302825928, 4.268819808959961, 1.5323129892349243, 1.0367506742477417, 1.8133877515792847, 1.8015779256820679, 1.7505007982254028, 1.734060287475586, 1.7439589500427246, 1.732333779335022, 1.7185028791427612, 1.7128723859786987, 1.7142521142959595],