{"mode": ["0.0", "MANUAL", "MANUAL", "HOLD"], "lat_deg": [0.0, 40.8706476, 40.8706479, 40.8706481], "lng_deg": [0.0, -119.1045237, -119.104524, -119.10452409999999], "abs_alt_m": [0.0, 1189.8780517578125, 1189.89501953125, 1189.89501953125], "rel_alt_m": [0.0, 0.007000000216066837, 0.024000000208616257, 0.024000000208616257], "x_m": [0.0, 5.569016456604004, 5.598633289337158, 5.6239237785339355], "y_m": [0.0, 7.088879108428955, 7.07050895690918, 7.060328006744385], "pitch_deg": [0.0, -1.662835955619812, -1.6430907249450684, -1.6386593580245972], "roll_deg": [0.0, 3.3479888439178467, 3.3492019176483154, 3.343238353729248], "yaw_deg": [0.0, -71.25501251220703, -71.23553466796875, -71.21263122558594], "lidar": [-1, 0.01995734257993205, 0.01995751734120528, 0.02993661589425574], "target point": [[null, null, null], [null, null, null], [null, null, null], [null, null, null]], "unix time": [0.0, 0.0, 1663164733599580, 1663164733599580]}