{"lat_deg": [0.0, 0.0, 0.0, 0.0, 0.0, 0.0, 0.0, 0.0, 0.0, 0.0, 0.0, 0.0, 0.0, 0.0, 0.0, 0.0, 0.0, 0.0, 0.0, 0.0, 0.0, 0.0, 0.0, 0.0, 0.0, 0.0, 0.0, 0.0, 40.8706774, 40.8706779, 40.8706783, 40.8706781, 40.8706775, 40.8706804, 40.8706811, 40.8706786, 40.8706734, 40.8706706, 40.8706702, 40.8706716, 40.8706728, 40.8706732, 40.8706722, 40.8706718, 40.8706733, 40.870674699999995, 40.8706762, 40.870677799999996, 40.8706798, 40.870682599999995, 40.8706834, 40.8706837, 40.8706837, 40.8706835, 40.8706862, 40.8706883, 40.8706867, 40.8706835, 40.8706823, 40.8706828, 40.8706824, 40.8706834, 40.8706866, 40.870689899999995, 40.870691099999995, 40.8706921, 40.8706928, 40.8706931, 40.8706943, 40.870695, 40.8706908, 40.870684399999995, 40.8706817, 40.870683, 40.8706858, 40.8706876, 40.870688699999995, 40.870689299999995, 40.8706898, 40.8706897, 40.8706891, 40.870691, 40.8706939, 40.8706931, 40.870689999999996, 40.8706873, 40.8706867, 40.8706864, 40.8706853, 40.8706847, 40.870684999999995, 40.8706854, 40.8706864, 40.8706867, 40.8706855, 40.870686, 40.8706885, 40.870689999999996, 40.870689999999996, 40.8706909, 40.870691799999996, 40.870694199999996, 40.870696099999996, 40.870698999999995, 40.8707018, 40.8707079, 40.870711899999996, 40.870713699999996, 40.870713699999996, 40.8707141, 40.8707141, 40.8707144, 40.8707147, 40.8707158, 40.8707171, 40.8707186, 40.870719799999996, 40.8707202, 40.8707212, 40.8707226, 40.8707249, 40.8707272, 40.8707267, 40.8707257, 40.870726399999995, 40.870727699999996, 40.8707296, 40.8707291, 40.870729499999996, 40.8707311, 40.870733099999995, 40.8707348, 40.870736099999995, 40.8707371, 40.8707363, 40.8707348, 40.870734299999995, 40.8707341, 40.8707341, 40.8707336, 40.8707328, 40.870731, 40.870728799999995, 40.870727699999996, 40.8707267, 40.8707254, 40.8707232, 40.8707189, 40.8707141, 40.870709, 40.870705099999995, 40.870702, 40.870698399999995, 40.8706938, 40.870689399999996, 40.8706852, 40.8706817, 40.8706787, 40.870674799999996, 40.8706716, 40.8706679, 40.8706634, 40.870657, 40.8706518, 40.8706472, 40.8706434, 40.8706404, 40.870636999999995, 40.870635, 40.8706329, 40.870632, 40.8706318, 40.8706311, 40.8706307, 40.870630399999996, 40.8706302], "lng_deg": [0.0, 0.0, 0.0, 0.0, 0.0, 0.0, 0.0, 0.0, 0.0, 0.0, 0.0, 0.0, 0.0, 0.0, 0.0, 0.0, 0.0, 0.0, 0.0, 0.0, 0.0, 0.0, 0.0, 0.0, 0.0, 0.0, 0.0, 0.0, -119.1045166, -119.1045158, -119.10451619999999, -119.10451549999999, -119.104514, -119.10451409999999, -119.1045161, -119.10451719999999, -119.10451309999999, -119.10451069999999, -119.10451069999999, -119.1045109, -119.10451069999999, -119.10451189999999, -119.1045115, -119.1045094, -119.10451069999999, -119.10451099999999, -119.10451069999999, -119.1045103, -119.104508, -119.10450549999999, -119.1045041, -119.1045032, -119.1045017, -119.1045003, -119.10450069999999, -119.10450499999999, -119.1045084, -119.1045068, -119.104506, -119.104508, -119.1045082, -119.104508, -119.10450449999999, -119.10450279999999, -119.1045023, -119.1045012, -119.1045006, -119.1045003, -119.1044993, -119.1045024, -119.1045079, -119.10451019999999, -119.1045113, -119.104513, -119.10450929999999, -119.1045041, -119.1044996, -119.10449849999999, -119.10449829999999, -119.1044977, -119.10449639999999, -119.1044965, -119.1045006, -119.10450379999999, -119.10450399999999, -119.1045034, -119.10450429999999, -119.1045036, -119.1045027, -119.10450039999999, -119.1044979, -119.1044962, -119.1044963, -119.10449639999999, -119.10449679999999, -119.1044984, -119.1045008, -119.10450159999999, -119.1045022, -119.10450159999999, -119.10450189999999, -119.104503, -119.10450309999999, -119.10450209999999, -119.10450259999999, -119.1045, -119.1045, -119.10450069999999, -119.10450069999999, -119.1045027, -119.1045048, -119.1045056, -119.104506, -119.1045058, -119.10450549999999, -119.1045054, -119.10450519999999, -119.1045054, -119.1045044, -119.1045034, -119.1045022, -119.1045006, -119.10450069999999, -119.10450069999999, -119.1044996, -119.10449829999999, -119.10449639999999, -119.1044958, -119.1044955, -119.10449539999999, -119.1044963, -119.10449639999999, -119.104497, -119.10449779999999, -119.1044991, -119.1045003, -119.1045015, -119.10450279999999, -119.1045039, -119.1045053, -119.1045077, -119.1045104, -119.10451289999999, -119.10451289999999, -119.10451339999999, -119.1045161, -119.10452049999999, -119.10452629999999, -119.1045321, -119.1045374, -119.1045419, -119.1045461, -119.1045504, -119.1045561, -119.1045606, -119.1045642, -119.1045699, -119.10457609999999, -119.10458299999999, -119.1045869, -119.1045912, -119.1045946, -119.10459709999999, -119.1045989, -119.10460119999999, -119.104604, -119.1046078, -119.10461319999999, -119.10461719999999, -119.10462, -119.10462129999999, -119.1046219, -119.10462199999999, -119.1046217, -119.1046214, -119.10462129999999], "rel_alt_m": [0.0, 0.0, 0.0, 0.0, 0.0, 0.0, 0.0, 0.0, 0.0, 0.0, 0.0, 0.0, 0.0, 0.0, 0.0, 0.0, 0.0, 0.0, 0.0, 0.0, 0.0, 0.0, 0.0, 0.0, 0.0, 0.0, 0.0, 0.0, 1.249000072479248, 1.343000054359436, 1.374000072479248, 1.4590001106262207, 1.4870001077651978, 1.5040000677108765, 1.6110000610351562, 1.6450001001358032, 1.5890001058578491, 1.6130000352859497, 1.559000015258789, 1.6370000839233398, 1.6780000925064087, 1.6160000562667847, 1.5790001153945923, 1.659000039100647, 1.6120001077651978, 1.6170001029968262, 1.6360000371932983, 1.6120001077651978, 1.5890001058578491, 1.630000114440918, 1.6790001392364502, 1.693000078201294, 1.7080000638961792, 1.7340000867843628, 1.7380000352859497, 1.7510000467300415, 1.7590000629425049, 1.7130000591278076, 1.6760001182556152, 1.6190000772476196, 1.5890001058578491, 1.590000033378601, 1.7140001058578491, 1.8540000915527344, 1.933000087738037, 1.9070000648498535, 1.8220001459121704, 1.721000075340271, 1.7570000886917114, 1.8020000457763672, 1.8340001106262207, 1.8370001316070557, 1.7920000553131104, 1.7100000381469727, 1.6420000791549683, 1.683000087738037, 1.7100000381469727, 1.7370001077651978, 1.7620000839233398, 1.7910001277923584, 1.7940000295639038, 1.7760001420974731, 1.7620000839233398, 1.78600013256073, 1.8350000381469727, 1.78600013256073, 1.6070001125335693, 1.627000093460083, 1.5410001277923584, 1.4290000200271606, 1.1990000009536743, 1.2090001106262207, 1.446000099182129, 1.406000018119812, 1.2790000438690186, 1.277000069618225, 1.193000078201294, 1.0740000009536743, 1.065000057220459, 1.0940001010894775, 1.0730000734329224, 1.1170001029968262, 1.1670000553131104, 1.0520000457763672, 0.9040000438690186, 0.9230000376701355, 0.9520000219345093, 1.0040000677108765, 1.0040000677108765, 0.9960000514984131, 0.9660000205039978, 0.9620000720024109, 0.9900000691413879, 0.9970000386238098, 1.0120000839233398, 1.061000108718872, 1.1060000658035278, 1.152999997138977, 1.1990000009536743, 1.2310000658035278, 1.3820000886917114, 1.6370000839233398, 1.630000114440918, 1.5600000619888306, 1.5250000953674316, 1.5040000677108765, 1.5230001211166382, 1.4810000658035278, 1.5040000677108765, 1.5410001277923584, 1.5630000829696655, 1.6220000982284546, 1.7440000772476196, 1.6640000343322754, 1.284000039100647, 0.9940000176429749, 0.8130000233650208, 0.921000063419342, 1.165000081062317, 1.3480000495910645, 1.4910000562667847, 1.5110000371932983, 1.3350000381469727, 1.2100000381469727, 1.1570000648498535, 1.1290000677108765, 1.1120001077651978, 1.1400001049041748, 1.121000051498413, 1.2340000867843628, 1.38100004196167, 1.533000111579895, 1.7360000610351562, 1.8870000839233398, 1.727000117301941, 1.3370000123977661, 1.1180000305175781, 1.190000057220459, 1.2010000944137573, 1.0750000476837158, 0.9470000267028809, 0.8460000157356262, 0.8190000653266907, 0.8030000329017639, 0.796000063419342, 0.7510000467300415, 0.7020000219345093, 0.6690000295639038, 0.5850000381469727, 0.43400001525878906, 0.23400001227855682, 0.08800000697374344, 0.004000000189989805, -0.0020000000949949026, 0.015000000596046448, 0.04700000211596489],