{"mode": ["0.0", "LAND", "LAND", "LAND", "LAND"], "lat_deg": [0.0, 40.870611, 40.870611, 40.870611, 40.8706112], "lng_deg": [0.0, -119.1045717, -119.1045719, -119.10457199999999, -119.1045721], "abs_alt_m": [0.0, 1187.7000732421875, 1187.716064453125, 1187.7320556640625, 1187.7320556640625], "rel_alt_m": [0.0, -0.20800000429153442, -0.19200000166893005, -0.17600001394748688, -0.17600001394748688], "x_m": [0.0, 0.3671952784061432, 0.3686908781528473, 0.3778274953365326, 0.39044445753097534], "y_m": [0.0, 0.8164297938346863, 0.7993394136428833, 0.7911894917488098, 0.7888153791427612], "pitch_deg": [0.0, 0.1498839557170868, 0.16727016866207123, 0.16658172011375427, 0.17828644812107086], "roll_deg": [0.0, 0.6864615678787231, 0.6829180717468262, 0.6785401701927185, 0.6752558350563049], "yaw_deg": [0.0, -160.56504821777344, -160.5536346435547, -160.53843688964844, -160.52383422851562], "lidar": [-1, 0.019998478643998892, 0.019998487718068784, 0.0199984984821647, 0.01999851423161299], "target point": [[null, null, null], [null, null, null], [null, null, null], [null, null, null], [null, null, null]], "unix time": [0.0, 0.0, 1663165479198806, 1663165479198806, 1663165480200806]}