{"mode": ["0.0", "0.0", "LAND", "LAND", "MANUAL", "MANUAL"], "lat_deg": [0.0, 40.8706148, 40.870615, 40.8706149, 40.8706148, 40.8706144], "lng_deg": [0.0, -119.1045729, -119.1045728, -119.1045726, -119.1045726, -119.10457269999999], "abs_alt_m": [0.0, 1188.8050537109375, 1188.8460693359375, 1188.89208984375, 1188.8890380859375, 1188.881103515625], "rel_alt_m": [0.0, 0.8960000276565552, 0.937000036239624, 0.9820000529289246, 0.9800000190734863, 0.9720000624656677], "x_m": [0.0, 0.8015033602714539, 0.8179178833961487, 0.8080796003341675, 0.797756016254425, 0.7489003539085388], "y_m": [0.0, 0.7174168825149536, 0.7276064157485962, 0.7467937469482422, 0.7465332746505737, 0.7313576936721802], "pitch_deg": [0.0, 6.481335163116455, 3.4804956912994385, 8.119743347167969, 6.501889228820801, 4.215097427368164], "roll_deg": [0.0, 4.766393661499023, 2.1002492904663086, 2.2591331005096436, 0.08195938915014267, 3.0701873302459717], "yaw_deg": [0.0, 179.45318603515625, -158.00462341308594, -132.85963439941406, -118.25861358642578, -109.67649841308594], "lidar": [-1, 0.7321382163872696, 0.7091449236874514, 0.7047704432101954, 0.707071646293627, 0.7541571704930569], "target point": [[null, null, null], [null, null, null], [null, null, null], [null, null, null], [null, null, null], [null, null, null]], "unix time": [0.0, 0.0, 1663165497200806, 1663165497200806, 1663165498200806, 1663165498200806]}