{"lat_deg": [0.0, 40.870575699999996, 40.8705755, 40.870575699999996, 40.8705758, 40.870576, 40.870576199999995, 40.8705765, 40.8705766, 40.8705767, 40.8705765, 40.8705764, 40.8705765, 40.8705766, 40.8705767, 40.870576799999995, 40.8705772, 40.870577499999996, 40.8705778, 40.8705779, 40.870578099999996, 40.8705783, 40.8705785, 40.870578699999996, 40.870579, 40.870579299999996, 40.8705797, 40.8705801, 40.8705804, 40.8705803, 40.87058, 40.8705798, 40.8705796, 40.8705798, 40.8705804, 40.8705806, 40.8705807, 40.8705807, 40.8705807, 40.8705808, 40.8705809, 40.8705809, 40.870581, 40.870581099999995, 40.8705812, 40.8705813, 40.8705814, 40.8705814, 40.8705815, 40.8705815, 40.8705815, 40.8705815, 40.870581099999995, 40.870581, 40.8705807, 40.870580499999996, 40.870580499999996, 40.8705806, 40.8705807, 40.8705809, 40.870581, 40.870581, 40.870581099999995, 40.870581099999995, 40.8705809, 40.8705808, 40.8705808, 40.8705808, 40.8705808, 40.8705808, 40.8705807, 40.8705806, 40.870580499999996, 40.8705804, 40.8705803, 40.8705802, 40.8705801, 40.8705801, 40.87058, 40.870579899999996, 40.8705798, 40.8705797, 40.8705795, 40.8705794, 40.870579299999996, 40.8705791, 40.8705791, 40.8705789, 40.8705788, 40.870578699999996, 40.8705784, 40.8705784, 40.8705784, 40.8705783, 40.8705782, 40.870577999999995, 40.8705778, 40.8705776, 40.870577399999995, 40.8705772, 40.8705771, 40.8705771, 40.8705771, 40.8705771, 40.870577, 40.8705771, 40.8705771, 40.8705771, 40.8705772, 40.8705771, 40.8705772, 40.8705773, 40.870577399999995, 40.8705776, 40.870577999999995, 40.8705782, 40.8705785, 40.8705785, 40.8705788, 40.870579, 40.8705788, 40.8705788, 40.8705789, 40.8705789, 40.8705789, 40.870579], "lng_deg": [0.0, -119.1046726, -119.1046732, -119.10467369999999, -119.1046736, -119.10467399999999, -119.1046743, -119.1046746, -119.10467489999999, -119.10467519999999, -119.1046755, -119.1046757, -119.1046758, -119.104676, -119.10467609999999, -119.1046762, -119.10467609999999, -119.10467609999999, -119.10467639999999, -119.10467659999999, -119.1046765, -119.1046765, -119.10467659999999, -119.10467659999999, -119.10467659999999, -119.1046767, -119.1046767, -119.1046768, -119.1046768, -119.1046769, -119.104677, -119.104677, -119.1046769, -119.1046767, -119.10467709999999, -119.1046774, -119.10467759999999, -119.1046777, -119.10467759999999, -119.1046775, -119.10467759999999, -119.1046775, -119.1046774, -119.10467729999999, -119.10467729999999, -119.10467709999999, -119.10467709999999, -119.1046767, -119.1046765, -119.1046763, -119.1046762, -119.1046763, -119.10467659999999, -119.10467659999999, -119.1046767, -119.1046768, -119.1046769, -119.1046769, -119.1046769, -119.104677, -119.10467709999999, -119.10467729999999, -119.1046774, -119.10467759999999, -119.1046779, -119.1046781, -119.10467829999999, -119.10467849999999, -119.1046787, -119.10467899999999, -119.10467919999999, -119.10467949999999, -119.1046798, -119.10467999999999, -119.1046803, -119.10468039999999, -119.1046806, -119.10468069999999, -119.1046808, -119.104681, -119.1046812, -119.1046813, -119.1046815, -119.10468159999999, -119.1046817, -119.1046818, -119.104682, -119.10468209999999, -119.1046823, -119.1046825, -119.1046827, -119.10468259999999, -119.1046824, -119.1046824, -119.1046824, -119.1046825, -119.10468259999999, -119.1046827, -119.1046827, -119.1046827, -119.1046827, -119.1046827, -119.10468259999999, -119.10468259999999, -119.1046827, -119.1046827, -119.10468279999999, -119.1046827, -119.10468279999999, -119.10468279999999, -119.10468279999999, -119.10468279999999, -119.1046827, -119.1046827, -119.10468279999999, -119.1046827, -119.1046825, -119.1046824, -119.1046822, -119.1046822, -119.1046822, -119.104682, -119.104682, -119.10468209999999, -119.104682, -119.104682], "rel_alt_m": [0.0, 0.036000002175569534, 0.00800000037997961, -0.003000000026077032, 0.020000001415610313, 0.021000001579523087, 0.029000001028180122, 0.0, -0.03400000184774399, -0.06000000238418579, -0.055000003427267075, -0.05100000277161598, -0.04400000348687172, -0.03400000184774399, -0.026000000536441803, -0.027000000700354576, -0.017000000923871994, -0.03500000014901161, -0.06200000271201134, -0.04800000041723251, -0.02500000037252903, -0.01100000087171793, 0.023000001907348633, 0.03800000250339508, 0.03400000184774399, 0.03100000135600567, 0.027000000700354576, 0.010000000707805157, -0.013000000268220901, -0.05300000309944153, -0.0690000057220459, -0.08700000494718552, -0.06400000303983688, -0.03400000184774399, 0.014000000432133675, -0.004000000189989805, -0.01900000125169754, -0.01100000087171793, 0.0020000000949949026, 0.014000000432133675, 0.03400000184774399, 0.04200000315904617, 0.06100000441074371, 0.07500000298023224, 0.01900000125169754, 0.06400000303983688, 0.015000000596046448, 0.06599999964237213, 0.12400000542402267, 0.17600001394748688, 0.21800000965595245, 0.2750000059604645, 0.3070000112056732, 0.36000001430511475, 0.4220000207424164, 0.46700000762939453, 0.5120000243186951, 0.550000011920929, 0.5390000343322754, 0.5380000472068787, 0.5360000133514404, 0.527999997138977, 0.5250000357627869, 0.5190000534057617, 0.5190000534057617, 0.5270000100135803, 0.5290000438690186, 0.5220000147819519, 0.503000020980835, 0.48900002241134644, 0.4790000319480896, 0.4650000333786011, 0.4480000138282776, 0.4390000104904175, 0.42500001192092896, 0.4130000174045563, 0.39500001072883606, 0.3750000298023224, 0.35600000619888306, 0.31200000643730164, 0.2070000171661377, 0.11000000685453415, 0.015000000596046448, -0.06200000271201134, -0.13600000739097595, -0.1850000023841858, -0.24300001561641693, -0.2970000207424164, -0.34700000286102295, -0.3790000081062317, -0.4050000309944153, -0.42500001192092896, -0.4310000240802765, -0.4540000259876251, -0.46800002455711365, -0.48000001907348633, -0.4870000183582306, -0.48600003123283386, -0.484000027179718, -0.4820000231266022, -0.4790000319480896, -0.47600001096725464, -0.48000001907348633, -0.48000001907348633, -0.4870000183582306, -0.4970000088214874, -0.4970000088214874, -0.4910000264644623, -0.49900001287460327, -0.49900001287460327, -0.4970000088214874, -0.492000013589859, -0.4910000264644623, -0.49500003457069397, -0.5120000243186951, -0.5370000004768372, -0.5580000281333923, -0.5400000214576721, -0.5170000195503235, -0.5300000309944153, -0.5300000309944153, -0.5190000534057617, -0.5100000500679016, -0.5139999985694885, -0.5250000357627869, -0.5290000438690186],