{"mode": ["0.0", "MANUAL", "MANUAL", "HOLD"], "lat_deg": [0.0, 40.8714582, 40.8714584, 40.871458499999996], "lng_deg": [0.0, -119.1057799, -119.10578009999999, -119.1057802], "abs_alt_m": [0.0, 1187.2950439453125, 1187.3060302734375, 1187.322998046875], "rel_alt_m": [0.0, 0.007000000216066837, 0.018000001087784767, 0.03500000014901161], "x_m": [0.0, -0.44482049345970154, -0.4333997964859009, -0.41544729471206665], "y_m": [0.0, 0.1090017706155777, 0.09989780932664871, 0.09096144884824753], "pitch_deg": [0.0, -1.0860812664031982, -1.0699222087860107, -1.0674940347671509], "roll_deg": [0.0, 6.17106819152832, 6.174782752990723, 6.190321922302246], "yaw_deg": [0.0, -113.3798599243164, -113.45144653320312, -113.51873016357422], "lidar": [-1, 0.009940293335290357, 0.009940334877167244, 0.009939966470252597], "target point": [[null, null, null], [null, null, null], [null, null, null], [null, null, null]], "unix time": [0.0, 0.0, 1663171486407754, 1663171486407754]}