{"lat_deg": [0.0, 40.652557099999996, 40.652557099999996, 40.652557099999996, 40.6525568, 40.652557, 40.652557, 40.652557099999996, 40.652557099999996, 40.652557, 40.652557099999996, 40.6525574, 40.6525575, 40.6525576, 40.6525576, 40.652557699999996, 40.652557699999996, 40.6525579, 40.6525578, 40.652558, 40.6525581, 40.6525581, 40.6525585, 40.652558899999995, 40.652559, 40.652559, 40.652558899999995, 40.652558899999995, 40.652558899999995, 40.6525588, 40.6525588, 40.652558899999995, 40.6525591, 40.6525594, 40.6525596, 40.652559499999995, 40.652559499999995, 40.6525593, 40.6525591, 40.6525591, 40.6525591, 40.6525591, 40.6525592, 40.6525593, 40.6525593, 40.6525593, 40.6525594, 40.6525593, 40.6525592, 40.6525592, 40.6525591, 40.6525591, 40.6525592, 40.6525594, 40.6525594, 40.652559499999995, 40.6525597, 40.6525597, 40.6525598, 40.6525599, 40.6525599, 40.6525598, 40.6525597, 40.6525596, 40.6525597, 40.6525598, 40.6525599, 40.6525598, 40.6525599, 40.6525599, 40.65256, 40.652560199999996, 40.6525604, 40.6525606, 40.652560699999995, 40.6525609, 40.6525611, 40.652561399999996, 40.6525616, 40.6525617, 40.6525617, 40.652561999999996, 40.652562499999995, 40.652563099999995, 40.6525635, 40.6525636], "lng_deg": [0.0, -119.3540831, -119.3540828, -119.35408299999999, -119.3540831, -119.3540836, -119.3540835, -119.3540834, -119.3540831, -119.3540826, -119.35408269999999, -119.35408319999999, -119.35408319999999, -119.35408299999999, -119.3540828, -119.3540828, -119.3540828, -119.3540828, -119.35408249999999, -119.35408269999999, -119.3540826, -119.35408249999999, -119.3540831, -119.35408369999999, -119.35408389999999, -119.3540836, -119.35408319999999, -119.3540831, -119.35408299999999, -119.3540828, -119.3540824, -119.3540824, -119.35408249999999, -119.3540828, -119.35408299999999, -119.3540828, -119.35408249999999, -119.3540821, -119.3540819, -119.3540819, -119.35408199999999, -119.35408199999999, -119.35408199999999, -119.3540821, -119.3540821, -119.3540821, -119.35408199999999, -119.35408179999999, -119.35408149999999, -119.3540814, -119.3540812, -119.35408109999999, -119.354081, -119.3540809, -119.3540809, -119.35408079999999, -119.3540804, -119.35408009999999, -119.35408, -119.3540797, -119.3540793, -119.3540788, -119.35407819999999, -119.3540776, -119.3540771, -119.3540768, -119.3540764, -119.35407599999999, -119.3540757, -119.35407529999999, -119.354075, -119.35407479999999, -119.3540747, -119.3540745, -119.35407409999999, -119.354074, -119.354074, -119.35407409999999, -119.354074, -119.35407389999999, -119.35407389999999, -119.354074, -119.3540745, -119.3540747, -119.354075, -119.354075], "rel_alt_m": [0.0, -0.013000000268220901, -0.01100000087171793, 0.04400000348687172, 0.18400001525878906, 0.21300001442432404, 0.1990000158548355, 0.1900000125169754, 0.18800000846385956, 0.16700001060962677, 0.12600000202655792, 0.07500000298023224, 0.039000000804662704, 0.0020000000949949026, -0.03200000151991844, -0.06800000369548798, -0.09700000286102295, -0.1120000034570694, -0.13199999928474426, -0.13600000739097595, -0.13199999928474426, -0.13300000131130219, -0.11900000274181366, -0.09100000560283661, -0.08300000429153442, -0.08100000023841858, -0.07600000500679016, -0.05400000140070915, -0.03500000014901161, -0.0430000014603138, -0.049000002443790436, -0.05300000309944153, -0.046000003814697266, -0.04100000113248825, -0.04000000283122063, -0.04000000283122063, -0.055000003427267075, -0.08400000631809235, -0.10400000214576721, -0.11700000613927841, -0.13700000941753387, -0.1550000011920929, -0.1730000078678131, -0.1720000058412552, -0.1600000113248825, -0.14100000262260437, -0.13100001215934753, -0.11900000274181366, -0.10000000149011612, -0.07300000637769699, -0.05400000140070915, -0.04100000113248825, -0.04500000178813934, -0.06200000271201134, -0.07300000637769699, -0.08000000566244125, -0.09000000357627869, -0.11900000274181366, -0.16900001466274261, -0.203000009059906, -0.21700000762939453, -0.22700001299381256, -0.23400001227855682, -0.23800000548362732, -0.22800001502037048, -0.22300000488758087, -0.22100001573562622, -0.2200000137090683, -0.2110000103712082, -0.2110000103712082, -0.1980000138282776, -0.16200000047683716, -0.12800000607967377, -0.0950000062584877, -0.06800000369548798, -0.05700000375509262, -0.03500000014901161, -0.030000001192092896, -0.0430000014603138, -0.049000002443790436, -0.06200000271201134, -0.07400000095367432, -0.0430000014603138, -0.004000000189989805, -0.0010000000474974513, -0.00800000037997961], "lidar": [-1, -1, -1, -1, -1, -1, -1, -1, -1, -1, -1, -1, -1, -1, -1, -1, -1, -1, -1, -1, -1, -1, -1, -1, -1, -1, -1, -1, -1, -1, -1, -1, -1, -1, -1, -1, -1, -1, -1, -1, -1, -1, -1, -1, -1, -1, -1, -1, -1, -1, -1, -1, -1, -1, -1, -1, -1, -1, -1, -1, -1, -1, -1, -1, -1, -1, -1, -1, -1, -1, -1, -1, -1, -1, -1, -1, -1, -1, -1, -1, -1, -1, -1, -1, -1, -1], "target point": [[40.900511, -119.079115, 200.0], [40.900511, -119.079115, 200.0], [40.900511, -119.079115, 200.0], [40.900511, -119.079115, 200.0], [40.900511, -119.079115, 200.0], [40.900511, -119.079115, 200.0], [40.900511, -119.079115, 200.0], [40.900511, -119.079115, 200.0], [40.900511, -119.079115, 200.0], [40.900511, -119.079115, 200.0], [40.900511, -119.079115, 200.0], [40.900511, -119.079115, 200.0], [40.900511, -119.079115, 200.0], [40.900511, -119.079115, 200.0], [40.900511, -119.079115, 200.0], [40.900511, -119.079115, 200.0], [40.900511, -119.079115, 200.0], [40.900511, -119.079115, 200.0], [40.900511, -119.079115, 200.0], [40.900511, -119.079115, 200.0], [40.900511, -119.079115, 200.0], [40.900511, -119.079115, 200.0], [40.900511, -119.079115, 200.0], [40.900511, -119.079115, 200.0], [40.900511, -119.079115, 200.0], [40.900511, -119.079115, 200.0], [40.900511, -119.079115, 200.0], [40.900511, -119.079115, 200.0], [40.900511, -119.079115, 200.0], [40.900511, -119.079115, 200.0], [40.900511, -119.079115, 200.0], [40.900511, -119.079115, 200.0], [40.900511, -119.079115, 200.0], [40.900511, -119.079115, 200.0], [40.900511, -119.079115, 200.0], [40.900511, -119.079115, 200.0], [40.900511, -119.079115, 200.0], [40.900511, -119.079115, 200.0], [40.900511, -119.079115, 200.0], [40.900511, -119.079115, 200.0], [40.900511, -119.079115, 200.0], [40.900511, -119.079115, 200.0], [40.900511, -119.079115, 200.0], [40.900511, -119.079115, 200.0], [40.900511, -119.079115, 200.0], [40.900511, -119.079115, 200.0], [40.900511, -119.079115, 200.0], [40.900511, -119.079115, 200.0], [40.900511, -119.079115, 200.0], [40.900511, -119.079115, 200.0], [40.900511, -119.079115, 200.0], [40.900511, -119.079115, 200.0], [40.900511, -119.079115, 200.0], [40.900511, -119.079115, 200.0], [40.900511, -119.079115, 200.0], [40.900511, -119.079115, 200.0], [40.900511, -119.079115, 200.0], [40.900511, -119.079115, 200.0], [40.900511, -119.079115, 200.0], [40.900511, -119.079115, 200.0], [40.900511, -119.079115, 200.0], [40.900511, -119.079115, 200.0], [40.900511, -119.079115, 200.0], [40.900511, -119.079115, 200.0], [40.900511, -119.079115, 200.0], [40.900511, -119.079115, 200.0], [40.900511, -119.079115, 200.0], [40.900511, -119.079115, 200.0], [40.900511, -119.079115, 200.0], [40.900511, -119.079115, 200.0], [40.900511, -119.079115, 200.0], [40.900511, -119.079115, 200.0], [40.900511, -119.079115, 200.0], [40.900511, -119.079115, 200.0], [40.900511, -119.079115, 200.0], [40.900511, -119.079115, 200.0], [40.900511, -119.079115, 200.0], [40.900511, -119.079115, 200.0], [40.900511, -119.079115, 200.0], [40.900511, -119.079115, 200.0], [40.900511, -119.079115, 200.0], [40.900511, -119.079115, 200.0], [40.900511, -119.079115, 200.0], [40.900511, -119.079115, 200.0], [40.900511, -119.079115, 200.0], [40.900511, -119.079115, 200.0]],