{"mode": ["0.0", "0.0", "MANUAL"], "lat_deg": [0.0, 40.6525092, 40.6525089], "lng_deg": [0.0, -119.3542485, -119.35424859999999], "abs_alt_m": [0.0, 1223.672119140625, 1223.6690673828125], "rel_alt_m": [0.0, 27.487001419067383, 27.48400115966797], "x_m": [0.0, 8.094023704528809, 8.057626724243164], "y_m": [0.0, 3.5444040298461914, 3.5405659675598145], "pitch_deg": [0.0, 4.494264602661133, 4.472558975219727], "roll_deg": [0.0, -5.947390079498291, -5.925822734832764], "yaw_deg": [0.0, 165.5534210205078, 165.86387634277344], "lidar": [-1, -1, -1], "target point": [[null, null, null], [null, null, null], [null, null, null]], "unix time": [0.0, 1663198525350458, 1663198525350458]}