{"mode": ["0.0", "MANUAL", "MANUAL", "MANUAL", "MANUAL", "MANUAL", "MANUAL"], "lat_deg": [0.0, 40.6556869, 40.6556868, 40.6556868, 40.6556867, 40.655686599999996, 40.6556865], "lng_deg": [0.0, -119.3728775, -119.3728776, -119.3728776, -119.37287769999999, -119.3728778, -119.37287789999999], "abs_alt_m": [0.0, 1209.6390380859375, 1209.64404296875, 1209.6400146484375, 1209.6600341796875, 1209.675048828125, 1209.6710205078125], "rel_alt_m": [0.0, -0.6910000443458557, -0.6860000491142273, -0.6890000104904175, -0.6690000295639038, -0.6550000309944153, -0.6580000519752502], "x_m": [0.0, -1.9834654331207275, -1.9914627075195312, -1.9897574186325073, -2.0064210891723633, -2.0215303897857666, -2.0275115966796875], "y_m": [0.0, -1.7234923839569092, -1.734788417816162, -1.733310341835022, -1.7377350330352783, -1.747957706451416, -1.7553764581680298], "pitch_deg": [0.0, 0.5117303133010864, 0.5362299680709839, 0.5116786360740662, 0.5042447447776794, 0.499044269323349, 0.4912998080253601], "roll_deg": [0.0, -3.067072868347168, -3.0118350982666016, -3.0365800857543945, -3.0218400955200195, -3.016618251800537, -3.02919864654541], "yaw_deg": [0.0, 174.5052490234375, 174.42803955078125, 174.3509979248047, 174.34185791015625, 174.28993225097656, 174.2469024658203], "lidar": [-1, -1, -1, -1, -1, -1, -1], "target point": [[null, null, null], [null, null, null], [null, null, null], [null, null, null], [null, null, null], [null, null, null], [null, null, null]], "unix time": [0.0, 0.0, 1663199210314082, 1663199210314082, 1663199211314082, 1663199211314082, 1663199212314082]}