{"mode": ["0.0", "MANUAL", "MANUAL", "MANUAL", "MANUAL"], "lat_deg": [0.0, 40.6556141, 40.6556139, 40.6556141, 40.655614299999996], "lng_deg": [0.0, -119.37323099999999, -119.3732306, -119.3732306, -119.3732307], "abs_alt_m": [0.0, 1208.7630615234375, 1208.7840576171875, 1208.7880859375, 1208.76806640625], "rel_alt_m": [0.0, -0.4300000071525574, -0.4090000092983246, -0.406000018119812, -0.42600002884864807], "x_m": [0.0, -0.016805099323391914, -0.035044483840465546, -0.019676420837640762, 0.008557198569178581], "y_m": [0.0, -3.091212034225464, -3.0608716011047363, -3.0578174591064453, -3.0696020126342773], "pitch_deg": [0.0, -2.432546377182007, -2.443469285964966, -2.460667610168457, -2.40952205657959], "roll_deg": [0.0, -1.0359458923339844, -1.0467674732208252, -1.0693004131317139, -1.0947957038879395], "yaw_deg": [0.0, 58.86783218383789, 58.89532470703125, 58.88290023803711, 58.8763313293457], "lidar": [-1, -1, -1, -1, -1], "target point": [[null, null, null], [null, null, null], [null, null, null], [null, null, null], [null, null, null]], "unix time": [0.0, 0.0, 1663201567799112, 1663201567799112, 1663201568800112]}