{"mode": ["0.0", "0.0", "MANUAL", "MANUAL"], "lat_deg": [0.0, 40.6556168, 40.655616699999996, 40.6556168], "lng_deg": [0.0, -119.3732354, -119.3732352, -119.373235], "abs_alt_m": [0.0, 1208.5791015625, 1209.541015625, 1210.6361083984375], "rel_alt_m": [0.0, -0.6140000224113464, 0.34700000286102295, 1.4410001039505005], "x_m": [0.0, 0.2873624563217163, 0.27488166093826294, 0.280735582113266], "y_m": [0.0, -3.4604058265686035, -3.442140579223633, -3.4293479919433594], "pitch_deg": [0.0, -2.9904158115386963, -3.558011293411255, -2.9224236011505127], "roll_deg": [0.0, -1.1842503547668457, -1.418913722038269, -1.3514339923858643], "yaw_deg": [0.0, 59.087825775146484, 62.93885040283203, 63.68913269042969], "lidar": [-1, -1, -1, -1], "target point": [[null, null, null], [null, null, null], [null, null, null], [null, null, null]], "unix time": [0.0, 1663201584803112, 1663201584803112, 1663201585801112]}