{"mode": ["0.0", "0.0", "HOLD", "HOLD", "HOLD", "HOLD", "HOLD"], "lat_deg": [0.0, 40.655618, 40.6556181, 40.6556181, 40.6556182, 40.6556183, 40.6556183], "lng_deg": [0.0, -119.3732392, -119.3732393, -119.37323939999999, -119.3732395, -119.3732397, -119.3732398], "abs_alt_m": [0.0, 1208.666015625, 1208.6610107421875, 1208.6590576171875, 1208.655029296875, 1208.64208984375, 1208.64404296875], "rel_alt_m": [0.0, 0.003000000026077032, -0.0020000000949949026, -0.003000000026077032, -0.007000000216066837, -0.021000001579523087, -0.018000001087784767], "x_m": [0.0, 0.41398751735687256, 0.4285144805908203, 0.42664533853530884, 0.44074586033821106, 0.4552498161792755, 0.4479256868362427], "y_m": [0.0, -3.7812349796295166, -3.7887837886810303, -3.7979743480682373, -3.8110647201538086, -3.8294291496276855, -3.8334288597106934], "pitch_deg": [0.0, -2.7705018520355225, -2.7187681198120117, -2.745706558227539, -2.714313507080078, -2.7146921157836914, -2.7119972705841064], "roll_deg": [0.0, -1.0881531238555908, -1.1023921966552734, -1.0907126665115356, -1.1151254177093506, -1.1175462007522583, -1.09674870967865], "yaw_deg": [0.0, 57.78722381591797, 58.144187927246094, 58.385860443115234, 58.69872283935547, 58.99364471435547, 59.18181610107422], "lidar": [-1, -1, -1, -1, -1, -1, -1], "target point": [[null, null, null], [null, null, null], [null, null, null], [null, null, null], [null, null, null], [null, null, null], [null, null, null]], "unix time": [0.0, 1663201606801112, 1663201607801112, 1663201607801112, 1663201608801112, 1663201608801112, 1663201609802112]}