{"mode": ["0.0", "0.0", "HOLD", "HOLD", "HOLD", "HOLD", "HOLD", "HOLD", "HOLD", "HOLD", "TAKEOFF", "TAKEOFF", "TAKEOFF", "TAKEOFF", "TAKEOFF", "TAKEOFF", "TAKEOFF", "TAKEOFF", "TAKEOFF", "TAKEOFF", "TAKEOFF", "TAKEOFF", "TAKEOFF", "TAKEOFF", "TAKEOFF", "TAKEOFF", "TAKEOFF", "TAKEOFF", "TAKEOFF", "TAKEOFF", "LAND", "LAND", "LAND", "LAND", "LAND", "LAND", "LAND", "LAND", "LAND", "LAND", "LAND", "LAND", "LAND", "LAND"], "lat_deg": [0.0, 40.6556175, 40.655617199999995, 40.655617199999995, 40.6556171, 40.655617, 40.6556171, 40.655617199999995, 40.6556169, 40.6556168, 40.6556168, 40.6556163, 40.6556165, 40.6556162, 40.655615999999995, 40.6556158, 40.6556157, 40.655615499999996, 40.6556145, 40.6556139, 40.6556152, 40.6556175, 40.655621499999995, 40.655622099999995, 40.6556206, 40.6556175, 40.6556186, 40.6556204, 40.655622, 40.6556225, 40.655622699999995, 40.6556223, 40.6556219, 40.655622, 40.655622699999995, 40.655623999999996, 40.6556255, 40.6556259, 40.655625099999995, 40.655624599999996, 40.655625, 40.655625, 40.6556247, 40.6556244], "lng_deg": [0.0, -119.37324319999999, -119.37324299999999, -119.3732429, -119.3732428, -119.3732429, -119.37324299999999, -119.37324299999999, -119.3732421, -119.3732416, -119.3732417, -119.37324149999999, -119.3732411, -119.3732407, -119.3732404, -119.37323719999999, -119.37323389999999, -119.3732321, -119.3732325, -119.373233, -119.3732338, -119.3732335, -119.37322999999999, -119.3732268, -119.3732244, -119.37322479999999, -119.37322569999999, -119.3732273, -119.3732306, -119.3732337, -119.373234, -119.3732319, -119.3732282, -119.373224, -119.373221, -119.3732199, -119.37322139999999, -119.373224, -119.37322669999999, -119.3732297, -119.37322909999999, -119.37322909999999, -119.37322929999999, -119.3732294], "abs_alt_m": [0.0, 1208.666015625, 1208.675048828125, 1208.68505859375, 1208.6910400390625, 1208.68603515625, 1208.6600341796875, 1208.6800537109375, 1209.6790771484375, 1244.864013671875, 1242.6461181640625, 1242.68505859375, 1242.1370849609375, 1242.2091064453125, 1242.4940185546875, 1243.0030517578125, 1243.5340576171875, 1243.2640380859375, 1241.3800048828125, 1241.718017578125, 1243.0010986328125, 1244.339111328125, 1245.14404296875, 1245.22705078125, 1244.6630859375, 1243.5670166015625, 1242.85107421875, 1242.5350341796875, 1213.3150634765625, 1213.9381103515625, 1214.18701171875, 1214.375, 1214.2301025390625, 1213.8330078125, 1213.33203125, 1212.623046875, 1212.0540771484375, 1211.4560546875, 1210.81005859375, 1210.5640869140625, 1210.2430419921875, 1209.968017578125, 1209.7611083984375, 1209.5810546875], "rel_alt_m": [0.0, 0.003000000026077032, 0.012000000104308128, 0.02200000174343586, 0.02800000086426735, 0.023000001907348633, -0.0020000000949949026, 0.023000001907348633, 1.0220000743865967, 0.42000001668930054, -1.7970000505447388, -1.758000135421753, -2.305999994277954, -2.2340002059936523, -1.9480000734329224, -1.440000057220459, -0.909000039100647, -1.1790000200271606, -3.062000036239624, -2.7250001430511475, -1.4420000314712524, -0.10400000214576721, 0.7010000348091125, 0.7830000519752502, 0.21900001168251038, -0.8760000467300415, -1.592000126838684, -1.908000111579895, -31.12700080871582, -30.505001068115234, -30.255001068115234, -30.06800079345703, -30.213001251220703, -30.610000610351562, -31.11100196838379, -31.819002151489258, -32.38800048828125, -32.987003326416016, -33.63300323486328, -33.87900161743164, -34.20000076293945, -34.474002838134766, -0.09000000357627869, -0.27000001072883606], "x_m": [0.0, 0.3541072905063629, 0.3302365839481354, 0.3304470479488373, 0.30912140011787415, 0.3025825321674347, 0.31540828943252563, 0.3230692744255066, 0.2962806522846222, 0.28854385018348694, 0.2749139368534088, 0.2229788452386856, 0.24509835243225098, 0.2160452902317047, 0.19607335329055786, 0.17086654901504517, 0.15453624725341797, 0.1337711662054062, 0.021902820095419884, -0.03750256821513176, 0.1221253052353859, 0.4232772886753082, 0.8390158414840698, 0.8618727326393127, 0.6601770520210266, 0.3585796654224396, 0.4800867438316345, 0.6870577335357666, 0.8701511025428772, 0.9183545112609863, 0.9337326884269714, 0.8863832950592041, 0.8411951661109924, 0.8681550025939941, 0.9563681483268738, 1.0892447233200073, 1.2516262531280518, 1.2932919263839722, 1.203125, 1.1578558683395386, 1.1894474029541016, 1.1887118816375732, 1.1657434701919556, 1.1266930103302002], "y_m": [0.0, -4.120314121246338, -4.100884437561035, -4.094630718231201, -4.085960388183594, -4.09435510635376, -4.101367473602295, -4.093922138214111, -4.014983177185059, -3.985172986984253, -3.9947457313537598, -3.977719306945801, -3.944319009780884, -3.9107718467712402, -3.883662223815918, -3.615985631942749, -3.3199784755706787, -3.182159423828125, -3.2173359394073486, -3.2619588375091553, -3.3320987224578857, -3.2693889141082764, -2.970658540725708, -2.702794075012207, -2.5255706310272217, -2.5707733631134033, -2.6433231830596924, -2.7758841514587402, -3.0759880542755127, -3.329491376876831, -3.340245246887207, -3.137498378753662, -2.800783634185791, -2.4631247520446777, -2.2221226692199707, -2.1555252075195312, -2.2856359481811523, -2.5048751831054688, -2.7287120819091797, -2.9957003593444824, -2.9317266941070557, -2.9353108406066895, -2.9549992084503174, -2.95565128326416], "pitch_deg": [0.0, -2.764082193374634, -2.766979455947876, -2.7666425704956055, -2.797010660171509, -2.802401065826416, -2.8040313720703125, -3.2097954750061035, -3.3450992107391357, -2.2765591144561768, -0.8346258997917175, -0.8471094965934753, -0.14889809489250183, -1.3537287712097168, 0.0681135281920433, 4.378667831420898, 3.611069917678833, -1.029338002204895, -8.04451847076416, -9.169713973999023, -9.438108444213867, -10.658960342407227, -15.527854919433594, -16.0025691986084, -15.715545654296875, -14.258981704711914, -14.952061653137207, -15.099527359008789, -13.34035587310791, -7.807645320892334, -8.892414093017578, -13.508638381958008, -14.820268630981445, -16.317583084106445, -17.1685848236084, -16.39111328125, -15.53656005859375, -12.271770477294922, -16.584047317504883, -20.523584365844727, 2.8588178157806396, -0.6081596612930298, -2.5471622943878174, -2.7032487392425537], "roll_deg": [0.0, -1.0747315883636475, -1.0668115615844727, -1.0955305099487305, -1.0930899381637573, -1.115106225013733, -1.133840560913086, -1.1916790008544922, -1.3598310947418213, -1.6669249534606934, -0.7991669774055481, 0.33184945583343506, 0.4639609158039093, 0.04865275323390961, -1.1238071918487549, -4.722342491149902, -8.709861755371094, -8.403217315673828, -4.3896484375, -4.139471530914307, -3.274038553237915, -3.530977725982666, -3.0638175010681152, 3.2341532707214355, 3.3054885864257812, 2.48530650138855, -0.9091810584068298, -1.6440486907958984, -0.42552822828292847, -0.07350800931453705, 0.862366259098053, 3.0393824577331543, 5.979062557220459, 5.549969673156738, 5.472699165344238, 4.070349216461182, 1.7155157327651978, 1.3303844928741455, 1.3120803833007812, 12.662604331970215, -5.8747992515563965, -1.9965922832489014, -0.43682289123535156, -0.30234432220458984], "yaw_deg": [0.0, 57.79247283935547, 57.79838180541992, 57.82898712158203, 57.79736328125, 57.783042907714844, 57.822296142578125, 58.208980560302734, 62.827293395996094, 67.72390747070312, 65.95013427734375, 61.856178283691406, 58.536678314208984, 58.86310577392578, 59.368526458740234, 44.99846649169922, 25.518150329589844, 1.6555174589157104, -21.51168441772461, -44.156837463378906, -66.61546325683594, -88.28394317626953, -108.76889038085938, -114.08552551269531, -103.94776153564453, -93.2013168334961, -101.79258728027344, -108.50565338134766, -120.58274841308594, -120.56639862060547, -119.57781219482422, -119.58657836914062, -119.66368103027344, -119.7178955078125, -119.69850158691406, -120.00019836425781, -119.81671905517578, -120.02696228027344, -118.53545379638672, -113.23471069335938, -100.43162536621094, -100.68695831298828, -101.60160064697266, -101.64603424072266],