{"mode": ["0.0", "MANUAL", "MANUAL", "MANUAL", "MANUAL", "MANUAL"], "lat_deg": [0.0, 40.655608099999995, 40.655608199999996, 40.655608199999996, 40.6556083, 40.655608199999996], "lng_deg": [0.0, -119.37324629999999, -119.37324629999999, -119.3732464, -119.3732466, -119.3732469], "abs_alt_m": [0.0, 1211.4620361328125, 1211.455078125, 1211.4591064453125, 1211.4820556640625, 1211.507080078125], "rel_alt_m": [0.0, -0.9640000462532043, -0.971000075340271, -0.9670000672340393, -0.9440000653266907, -0.9190000295639038], "x_m": [0.0, -0.19427014887332916, -0.18464647233486176, -0.17769677937030792, -0.17786253988742828, -0.18936410546302795], "y_m": [0.0, 0.3471759855747223, 0.3483521342277527, 0.34400904178619385, 0.3242531418800354, 0.3009320795536041], "pitch_deg": [0.0, 0.3140045404434204, 0.39861172437667847, 0.11754793673753738, 0.0997583344578743, 0.05761651694774628], "roll_deg": [0.0, -3.4104092121124268, -3.4185028076171875, -3.402719497680664, -3.3852481842041016, -3.3988921642303467], "yaw_deg": [0.0, -139.9384307861328, -140.27191162109375, -140.53639221191406, -140.79867553710938, -141.05038452148438], "lidar": [-1, -1, -1, -1, -1, -1], "target point": [[null, null, null], [null, null, null], [null, null, null], [null, null, null], [null, null, null], [null, null, null]], "unix time": [0.0, 0.0, 1663202490649558, 1663202490649558, 1663202491651558, 1663202491651558]}