{"mode": ["0.0", "0.0", "HOLD", "HOLD", "HOLD", "HOLD", "HOLD", "HOLD", "HOLD", "HOLD", "TAKEOFF", "TAKEOFF", "TAKEOFF", "TAKEOFF", "TAKEOFF", "TAKEOFF", "TAKEOFF", "TAKEOFF", "TAKEOFF", "TAKEOFF", "TAKEOFF", "TAKEOFF", "TAKEOFF", "TAKEOFF", "TAKEOFF", "TAKEOFF", "TAKEOFF", "TAKEOFF", "TAKEOFF", "TAKEOFF", "LAND", "LAND", "LAND", "LAND"], "lat_deg": [0.0, 40.6556115, 40.6556117, 40.655611799999996, 40.6556121, 40.6556121, 40.6556122, 40.655612399999995, 40.6556126, 40.6556128, 40.6556132, 40.655613599999995, 40.6556147, 40.655615499999996, 40.6556162, 40.655617299999996, 40.6556181, 40.655617899999996, 40.6556178, 40.6556177, 40.6556176, 40.6556175, 40.6556175, 40.6556176, 40.6556176, 40.6556177, 40.6556176, 40.6556175, 40.6556174, 40.6556174, 40.6556174, 40.6556175, 40.6556175, 40.6556175], "lng_deg": [0.0, -119.37324559999999, -119.3732455, -119.3732453, -119.37324509999999, -119.3732448, -119.3732447, -119.3732445, -119.3732443, -119.373244, -119.3732436, -119.3732429, -119.3732414, -119.37323959999999, -119.37323819999999, -119.37323749999999, -119.3732368, -119.3732364, -119.3732368, -119.3732371, -119.37323749999999, -119.3732378, -119.3732378, -119.37323789999999, -119.37323789999999, -119.373238, -119.37323789999999, -119.3732378, -119.3732374, -119.3732373, -119.3732373, -119.37323719999999, -119.3732371, -119.37323699999999], "abs_alt_m": [0.0, 1211.2650146484375, 1211.257080078125, 1211.2520751953125, 1211.2451171875, 1211.2301025390625, 1211.2220458984375, 1211.2210693359375, 1211.2200927734375, 1211.2020263671875, 1211.176025390625, 1211.2490234375, 1211.39111328125, 1211.5, 1211.5970458984375, 1211.6361083984375, 1211.613037109375, 1211.5330810546875, 1211.4990234375, 1211.507080078125, 1211.5220947265625, 1211.5360107421875, 1211.5440673828125, 1211.5531005859375, 1211.5350341796875, 1211.5230712890625, 1211.5130615234375, 1211.509033203125, 1211.5130615234375, 1211.5230712890625, 1211.5390625, 1211.51904296875, 1211.489013671875, 1211.4610595703125], "rel_alt_m": [0.0, 0.004000000189989805, -0.003000000026077032, -0.009000000543892384, -0.015000000596046448, -0.030000001192092896, -0.03800000250339508, 0.0, -0.0010000000474974513, -0.018000001087784767, -0.004000000189989805, 0.06800000369548798, 0.21000000834465027, 0.3190000057220459, 0.41600000858306885, 0.4540000259876251, 0.4310000240802765, 0.35200002789497375, 0.31800001859664917, 0.32600000500679016, 0.3400000035762787, 0.35500001907348633, 0.3620000183582306, 0.3720000088214874, 0.3530000150203705, 0.34200000762939453, 0.33100003004074097, 0.3270000219345093, 0.33100003004074097, 0.3410000205039978, 0.3580000102519989, 0.33800002932548523, 0.3070000112056732, 0.27900001406669617], "x_m": [0.0, 0.1850685179233551, 0.20687122642993927, 0.22510980069637299, 0.244680717587471, 0.2533538043498993, 0.26478609442710876, 0.2799373269081116, 0.30167439579963684, 0.33067023754119873, 0.3710534870624542, 0.42164918780326843, 0.5396435856819153, 0.6343606114387512, 0.7089251279830933, 0.844062328338623, 0.9162171483039856, 0.8981130123138428, 0.8822274804115295, 0.8757888674736023, 0.8538185954093933, 0.8546391725540161, 0.8549511432647705, 0.8630955219268799, 0.8628617525100708, 0.8681943416595459, 0.8580155372619629, 0.8512885570526123, 0.8445079922676086, 0.8372055292129517, 0.8397953510284424, 0.8461081981658936, 0.8497953414916992, 0.8536388874053955], "y_m": [0.0, 0.41126278042793274, 0.42256611585617065, 0.4331508278846741, 0.447037011384964, 0.47651228308677673, 0.48748886585235596, 0.4981495440006256, 0.5178435444831848, 0.5458642244338989, 0.5798404216766357, 0.6435534358024597, 0.7685824632644653, 0.9141706228256226, 1.0316284894943237, 1.09613835811615, 1.1553032398223877, 1.188516616821289, 1.146928310394287, 1.1197710037231445, 1.0873920917510986, 1.0644630193710327, 1.066271185874939, 1.0590771436691284, 1.0564197301864624, 1.0534522533416748, 1.0626757144927979, 1.0722655057907104, 1.1002898216247559, 1.1097335815429688, 1.1085216999053955, 1.1188522577285767, 1.1234166622161865, 1.1345692873001099], "pitch_deg": [0.0, -0.00199494487605989, 0.005577282514423132, 0.019515227526426315, -0.003714209422469139, 0.000715211033821106, 0.005976285319775343, 0.18156850337982178, 0.3045669198036194, 0.3796219229698181, 1.1132484674453735, -4.376643180847168, -7.031028747558594, -8.147950172424316, -8.9755859375, -10.215446472167969, -8.93915843963623, -9.353271484375, -9.240939140319824, -7.92391300201416, -8.003371238708496, -7.361276149749756, -7.54777193069458, -7.129794597625732, -6.820889949798584, -6.388587951660156, -6.099571228027344, -6.026944637298584, -7.295586585998535, -7.919491291046143, -7.859788417816162, -7.82021951675415, -7.786777973175049, -7.769741058349609], "roll_deg": [0.0, -3.349787712097168, -3.339477777481079, -3.34883713722229, -3.3494226932525635, -3.3649654388427734, -3.3581228256225586, -3.3636202812194824, -3.4287312030792236, -3.047983407974243, -1.1197452545166016, 1.1593947410583496, 1.3238816261291504, 1.0901697874069214, 1.751706838607788, -0.01473410427570343, 0.018381034955382347, 1.219699740409851, 0.8832514882087708, 0.1416723132133484, -1.2032016515731812, -1.5766136646270752, -1.5184314250946045, -1.638729453086853, -1.2315900325775146, -1.2111775875091553, -1.1067413091659546, -0.6992628574371338, -2.4577295780181885, -2.6826820373535156, -2.674534320831299, -2.674691915512085, -2.693974256515503, -2.70469331741333], "yaw_deg": [0.0, -142.37684631347656, -142.53353881835938, -142.6574249267578, -142.80535888671875, -142.8335723876953, -142.81959533691406, -143.06024169921875, -143.26416015625, -143.4984893798828, -146.37620544433594, -146.13790893554688, -134.43601989746094, -131.43910217285156, -129.3528594970703, -134.05120849609375, -134.6065673828125, -131.6158905029297, -132.13487243652344, -134.04869079589844, -133.575927734375, -134.5474853515625, -134.56996154785156, -135.0277557373047, -135.0474090576172, -135.6093292236328, -135.3001708984375, -135.03021240234375, -134.8054656982422, -134.7320556640625, -134.7627410888672, -134.8900146484375, -134.88133239746094, -134.8895263671875], "lidar": [-1, -1, -1, -1, -1, -1, -1, -1, -1, -1, -1, -1, -1, -1, -1, -1, -1, -1, -1, -1, -1, -1, -1, -1, -1, -1, -1, -1, -1, -1, -1, -1, -1, -1], "target point": [[null, null, null], [null, null, null], [null, null, null], [null, null, null], [null, null, null], [null, null, null], [null, null, null], [null, null, null], [null, null, null], [null, null, null], [null, null, null], [null, null, null], [null, null, null], [null, null, null], [null, null, null], [null, null, null], [null, null, null], [null, null, null], [null, null, null], [null, null, null], [null, null, null], [null, null, null], [null, null, null], [null, null, null], [null, null, null], [null, null, null], [null, null, null], [null, null, null], [null, null, null], [null, null, null], [null, null, null], [null, null, null], [null, null, null], [null, null, null]], "unix time": [0.0, 1663202508649558, 1663202508649558, 1663202509649558, 1663202509649558, 1663202510651558, 1663202510651558, 1663202511649558, 1663202511649558, 1663202512651558, 1663202512651558, 1663202513650558, 1663202513650558, 1663202514651558, 1663202514651558, 1663202515650558, 1663202515650558, 1663202516650558, 1663202516650558, 1663202517650558, 1663202517650558, 1663202518649558, 1663202518649558, 1663202519651558, 1663202519651558, 1663202520650558, 1663202520650558, 1663202521651558, 1663202521651558, 1663202522650558, 1663202522650558, 1663202523653558, 1663202523653558, 1663202524651558]}