{"mode": ["0.0", "0.0", "HOLD", "HOLD", "HOLD", "HOLD", "HOLD", "HOLD", "HOLD", "HOLD", "TAKEOFF", "TAKEOFF", "TAKEOFF", "TAKEOFF", "TAKEOFF", "TAKEOFF", "TAKEOFF", "TAKEOFF", "TAKEOFF", "TAKEOFF", "TAKEOFF", "TAKEOFF", "TAKEOFF", "TAKEOFF", "LAND", "LAND", "LAND", "LAND", "LAND", "LAND", "LAND", "LAND", "LAND", "LAND", "LAND", "LAND", "LAND", "LAND", "LAND", "LAND", "LAND", "LAND", "LAND", "LAND"], "lat_deg": [0.0, 40.6556141, 40.6556141, 40.6556145, 40.655615, 40.6556152, 40.655615399999995, 40.655615499999996, 40.6556156, 40.6556157, 40.6556157, 40.6556159, 40.6556162, 40.6556165, 40.655617, 40.6556178, 40.655618, 40.6556184, 40.655619099999996, 40.6556201, 40.6556208, 40.655620899999995, 40.6556205, 40.6556202, 40.6556207, 40.6556214, 40.6556218, 40.6556224, 40.6556229, 40.6556231, 40.655622799999996, 40.655622, 40.655621599999996, 40.6556212, 40.6556208, 40.6556206, 40.6556206, 40.6556205, 40.6556204, 40.655620299999995, 40.6556202, 40.6556201, 40.6556201, 40.65562], "lng_deg": [0.0, -119.3732531, -119.3732534, -119.37325279999999, -119.37325229999999, -119.3732522, -119.37325209999999, -119.3732519, -119.3732522, -119.3732526, -119.37325279999999, -119.3732529, -119.37325249999999, -119.3732517, -119.37324989999999, -119.37324679999999, -119.3732448, -119.3732438, -119.3732429, -119.37324249999999, -119.37324219999999, -119.3732416, -119.373241, -119.37324029999999, -119.37323839999999, -119.3732368, -119.3732356, -119.3732347, -119.3732347, -119.37323549999999, -119.3732368, -119.373238, -119.37323839999999, -119.3732386, -119.3732383, -119.3732383, -119.3732383, -119.3732385, -119.3732387, -119.37323889999999, -119.373239, -119.373239, -119.37323889999999, -119.37323889999999], "abs_alt_m": [0.0, 1210.904052734375, 1210.903076171875, 1210.9400634765625, 1210.99609375, 1211.027099609375, 1211.0440673828125, 1211.06201171875, 1211.0570068359375, 1211.0469970703125, 1211.0440673828125, 1211.0640869140625, 1211.2030029296875, 1211.4100341796875, 1211.74609375, 1212.2191162109375, 1212.570068359375, 1212.9320068359375, 1213.382080078125, 1213.7760009765625, 1214.0430908203125, 1214.0760498046875, 1213.7940673828125, 1213.4830322265625, 1213.173095703125, 1212.74609375, 1212.3160400390625, 1211.9720458984375, 1211.8350830078125, 1211.70703125, 1211.5760498046875, 1211.3680419921875, 1211.2960205078125, 1211.2100830078125, 1211.166015625, 1211.14111328125, 1211.14306640625, 1211.1370849609375, 1211.1400146484375, 1211.135009765625, 1211.12109375, 1211.0970458984375, 1211.06103515625, 1211.01904296875], "rel_alt_m": [0.0, 0.05000000074505806, 0.04800000041723251, 0.08500000089406967, 0.14100000262260437, 0.1720000058412552, 0.18900001049041748, 0.015000000596046448, 0.010000000707805157, 0.0, 0.0, 0.01900000125169754, 0.15800000727176666, 0.3660000264644623, 0.7020000219345093, 1.1750000715255737, 1.5250000953674316, 1.8870000839233398, 2.3370001316070557, 2.7310001850128174, 2.999000072479248, 3.0320000648498535, 2.749000072479248, 2.438000202178955, 2.129000186920166, 1.7010000944137573, 1.2720000743865967, 0.9280000329017639, 0.7900000214576721, 0.6620000600814819, 0.531000018119812, 0.3230000138282776, 0.2510000169277191, 0.16500000655651093, 0.12200000882148743, 0.09600000083446503, 0.09800000488758087, 0.09200000762939453, 0.0950000062584877, 0.09000000357627869, -0.005000000353902578, -0.02800000086426735, -0.06400000303983688, -0.10700000822544098], "x_m": [0.0, 0.47115641832351685, 0.4756062924861908, 0.5265634655952454, 0.5699286460876465, 0.5981154441833496, 0.6151548624038696, 0.6308585405349731, 0.6457731127738953, 0.6532981991767883, 0.6536855697631836, 0.6751412749290466, 0.706593930721283, 0.7447898387908936, 0.7996177077293396, 0.8868462443351746, 0.9061307907104492, 0.9470118880271912, 1.0383063554763794, 1.150733470916748, 1.2192014455795288, 1.2272688150405884, 1.1793543100357056, 1.1556843519210815, 1.2151254415512085, 1.293049693107605, 1.3385990858078003, 1.4080477952957153, 1.4489047527313232, 1.4781757593154907, 1.4410350322723389, 1.352599859237671, 1.3087635040283203, 1.2547911405563354, 1.2203694581985474, 1.1973267793655396, 1.1918364763259888, 1.1815614700317383, 1.1681337356567383, 1.1566340923309326, 1.146236777305603, 1.1406768560409546, 1.1336466073989868, 1.1261367797851562], "y_m": [0.0, -0.22696606814861298, -0.25417661666870117, -0.19674143195152283, -0.15161235630512238, -0.1472466140985489, -0.1360459178686142, -0.1291683167219162, -0.1543864756822586, -0.18557536602020264, -0.1980047971010208, -0.20867666602134705, -0.16561467945575714, -0.09048972278833389, 0.07699017226696014, 0.301096111536026, 0.4727379083633423, 0.5579034686088562, 0.6378796696662903, 0.674060046672821, 0.7010460495948792, 0.7503498196601868, 0.7982321977615356, 0.8701099753379822, 1.0349973440170288, 1.1664040088653564, 1.261017084121704, 1.337467908859253, 1.3300594091415405, 1.2601529359817505, 1.1438586711883545, 1.0482169389724731, 1.0151623487472534, 1.003873586654663, 1.0187793970108032, 1.0292046070098877, 1.0223056077957153, 1.0086021423339844, 0.9893938899040222, 0.9770877957344055, 0.9670215845108032, 0.9696310758590698, 0.9732638597488403, 0.9735900163650513], "pitch_deg": [0.0, -2.842212677001953, -2.7984774112701416, -2.816922187805176, -2.8110873699188232, -2.7903270721435547, -2.7950186729431152, -2.8874497413635254, -3.0190932750701904, -2.792013645172119, -2.148710012435913, -1.7480641603469849, -0.7548969388008118, 0.08713122457265854, 0.3782997727394104, -2.371140480041504, -2.019791841506958, -5.574761867523193, -8.728434562683105, -9.791216850280762, -11.198809623718262, -11.20339298248291, -9.491116523742676, -3.343204975128174, -10.61716079711914, -8.130128860473633, -7.760570526123047, -8.100184440612793, -7.362746238708496, -7.310597896575928, -6.786208629608154, -8.173771858215332, -6.269951343536377, -5.052960395812988, -0.5013814568519592, -0.31494030356407166, -0.22005236148834229, -0.42762377858161926, -0.37848109006881714, -0.3109668493270874, -0.49639892578125, -0.6132370829582214, -0.5811470150947571, -0.5415739417076111], "roll_deg": [0.0, -2.4185192584991455, -2.3961868286132812, -2.471006393432617, -2.4649765491485596, -2.445505380630493, -2.423449993133545, -2.530775785446167, -2.4911043643951416, -2.1388962268829346, -1.2724933624267578, 1.4912110567092896, 2.958895444869995, 4.2077436447143555, 5.855423450469971, 7.879136085510254, 8.425963401794434, 7.2830305099487305, 4.787332057952881, -0.18505437672138214, -0.3619665503501892, 1.3572341203689575, 1.6880958080291748, 1.4261881113052368, 1.35635244846344, 1.1268813610076904, 1.3046252727508545, 1.5234332084655762, 0.6036702990531921, -0.07994989305734634, 1.029599905014038, -1.1088391542434692, 0.6004164218902588, 1.3933426141738892, -0.974497377872467, -0.9826152920722961, -1.2890453338623047, -1.3621748685836792, -1.325636386871338, -1.375435709953308, -1.3384729623794556, -1.2793000936508179, -1.2808725833892822, -1.2898439168930054], "yaw_deg": [0.0, 139.48031616210938, 139.7276153564453, 140.00428771972656, 140.22293090820312, 140.44712829589844, 140.68826293945312, 140.93255615234375, 141.26315307617188, 141.49781799316406, 141.2613983154297, 137.6943817138672, 135.3954620361328, 137.38787841796875, 145.76138305664062, 169.3875274658203, 169.966796875, -166.07127380371094, -142.93380737304688, -118.35889434814453, -121.3792953491211, -121.50535583496094, -118.02812194824219, -119.5486831665039, -118.39089965820312, -118.74361419677734, -118.75160217285156, -118.27005767822266, -117.76535034179688, -118.27330017089844, -118.53287506103516, -117.90496063232422, -117.29849243164062, -116.59500885009766, -115.13811492919922, -115.72106170654297, -115.80033111572266, -115.48882293701172, -115.17498779296875, -114.8191909790039, -114.62627410888672, -114.71416473388672, -114.38495635986328, -114.13124084472656],