{"mode": ["0.0", "0.0", "HOLD", "HOLD"], "lat_deg": [0.0, 40.655463, 40.6554631, 40.6554631], "lng_deg": [0.0, -119.3730978, -119.37309789999999, -119.373098], "abs_alt_m": [0.0, 1205.6361083984375, 1205.6380615234375, 1205.6490478515625], "rel_alt_m": [0.0, -0.005000000353902578, -0.003000000026077032, 0.006000000052154064], "x_m": [0.0, 1.644870400428772, 1.6509292125701904, 1.6551982164382935], "y_m": [0.0, -1.3323891162872314, -1.339145302772522, -1.3456449508666992], "pitch_deg": [0.0, -3.6641948223114014, -3.6861324310302734, -3.69183611869812], "roll_deg": [0.0, -2.341196298599243, -2.3290839195251465, -2.3342533111572266], "yaw_deg": [0.0, -121.20117950439453, -121.35144805908203, -121.49150848388672], "lidar": [-1, -1, -1, -1], "target point": [[null, null, null], [null, null, null], [null, null, null], [null, null, null]], "unix time": [0.0, 1663202873016677, 1663202874015677, 1663202874015677]}