{"lat_deg": [0.0, 40.6555988, 40.6555987, 40.6555988, 40.6555987, 40.6555988, 40.655598999999995, 40.655599099999996, 40.6555989, 40.655598399999995, 40.655598399999995, 40.6555995, 40.6556011, 40.655603, 40.6556048, 40.655605699999995, 40.6556062, 40.6556055, 40.6556042, 40.6556024, 40.655600199999995, 40.6555986, 40.655597, 40.6555968, 40.655597799999995, 40.6556001, 40.6556006, 40.6555999, 40.6555983, 40.6555965, 40.6555937, 40.6555902, 40.6555858, 40.6555846, 40.655586199999995, 40.6555892, 40.6555914, 40.6555931, 40.655594199999996, 40.6555939, 40.6555921, 40.65559, 40.6555891, 40.6555889, 40.6555894, 40.6555903, 40.655589899999995, 40.6555892, 40.655588699999996, 40.6555876, 40.655585699999996, 40.6555848, 40.6555847, 40.655583199999995, 40.6555776, 40.655566199999996, 40.6555487, 40.655528, 40.6555073, 40.6554929, 40.6554851, 40.6554846, 40.6554893, 40.655494499999996, 40.655496299999996, 40.655495099999996, 40.6554928, 40.6554905, 40.655488299999995, 40.655485899999995, 40.655482299999996, 40.6554773, 40.6554739, 40.655471299999995, 40.655469599999996, 40.655469, 40.6554691, 40.6554699, 40.655470799999996, 40.655471399999996, 40.6554717, 40.655471899999995, 40.6554721, 40.6554724, 40.6554723, 40.6554721, 40.6554715, 40.655471399999996, 40.6554716, 40.6554716, 40.655471399999996, 40.6554712, 40.655470799999996, 40.655471, 40.6554711, 40.6554712, 40.6554711, 40.6554712, 40.6554716, 40.6554722, 40.655472499999995, 40.6554727, 40.6554729, 40.655473, 40.655473099999995, 40.655473099999995, 40.655473099999995, 40.655473099999995, 40.6554733, 40.6554733, 40.6554733], "lng_deg": [0.0, -119.37324369999999, -119.373244, -119.3732443, -119.3732445, -119.3732447, -119.373245, -119.37324489999999, -119.3732436, -119.3732417, -119.3732393, -119.3732371, -119.3732352, -119.3732342, -119.37323359999999, -119.3732343, -119.3732356, -119.37323719999999, -119.3732387, -119.3732393, -119.3732397, -119.3732388, -119.3732374, -119.3732343, -119.37323169999999, -119.3732299, -119.37322879999999, -119.3732311, -119.3732371, -119.37324339999999, -119.37324609999999, -119.37324299999999, -119.3732371, -119.37322999999999, -119.3732228, -119.3732172, -119.37321469999999, -119.3732165, -119.3732208, -119.3732258, -119.37323099999999, -119.3732319, -119.37323029999999, -119.3732271, -119.37322329999999, -119.37321969999999, -119.3732175, -119.37321899999999, -119.37322259999999, -119.37322429999999, -119.37322289999999, -119.37321999999999, -119.3732173, -119.37321419999999, -119.37320799999999, -119.3731976, -119.37318219999999, -119.37316399999999, -119.3731471, -119.37313259999999, -119.37312019999999, -119.37311059999999, -119.3731042, -119.3731016, -119.37310389999999, -119.37310869999999, -119.3731138, -119.3731172, -119.3731191, -119.3731176, -119.37311319999999, -119.37310679999999, -119.37310219999999, -119.373099, -119.37309719999999, -119.37309719999999, -119.37309789999999, -119.3730999, -119.3731011, -119.37310149999999, -119.3731012, -119.37310099999999, -119.3731004, -119.37310029999999, -119.37309959999999, -119.3730988, -119.373099, -119.37309959999999, -119.3731, -119.3731002, -119.3731002, -119.3730999, -119.37309859999999, -119.37309859999999, -119.37309959999999, -119.3731012, -119.3731021, -119.3731025, -119.373103, -119.37310319999999, -119.3731026, -119.3731023, -119.3731023, -119.3731023, -119.37310219999999, -119.3731019, -119.37310169999999, -119.37310149999999, -119.3731012, -119.3731011, -119.3731009], "rel_alt_m": [0.0, -0.020000001415610313, -0.017000000923871994, -0.010000000707805157, -0.015000000596046448, -0.006000000052154064, 0.012000000104308128, 0.013000000268220901, 0.12700000405311584, 0.33400002121925354, 0.706000030040741, 1.2450000047683716, 1.9490001201629639, 2.696000099182129, 3.5520002841949463, 4.499000072479248, 5.423000335693359, 6.38200044631958, 7.473000526428223, 8.646000862121582, 9.815000534057617, 10.92400074005127, 11.566000938415527, 11.930000305175781, 12.193000793457031, 12.375000953674316, 12.52500057220459, 12.882000923156738, 13.224000930786133, 13.392000198364258, 12.359000205993652, 11.07800006866455, 10.450000762939453, 10.40000057220459, 10.367000579833984, 10.633000373840332, 10.847000122070312, 10.647000312805176, 10.521000862121582, 10.46500015258789, 10.455000877380371, 10.538000106811523, 10.52500057220459, 10.509000778198242, 10.516000747680664, 10.484000205993652, 10.422000885009766, 10.374000549316406, 10.35300064086914, 10.359000205993652, 10.425000190734863, 10.510000228881836, 10.46500015258789, 10.386000633239746, 10.304000854492188, 10.207000732421875, 10.113000869750977, 10.109000205993652, 10.235000610351562, 10.499000549316406, 10.628000259399414, 10.427000045776367, 10.175000190734863, 9.974000930786133, 9.827000617980957, 9.781000137329102, 9.896000862121582, 10.026000022888184, 10.153000831604004, 10.213000297546387, 10.157000541687012, 10.03700065612793, 9.992000579833984, 10.032000541687012, 9.946000099182129, 9.61400032043457, 9.294000625610352, 8.926000595092773, 8.534000396728516, 7.974000453948975, 7.4210004806518555, 6.859000205993652, 6.391000270843506, 6.025000095367432, 5.627000331878662, 5.259000301361084, 4.919000148773193, 4.644000053405762, 4.365000247955322, 4.095000267028809, 3.7980000972747803, 3.4840002059936523, 3.067000150680542, 2.699000120162964, 2.3450000286102295, 1.9880000352859497, 1.6810001134872437, 1.443000078201294, 1.2140001058578491, 0.8720000386238098, 0.5730000138282776, 0.43700000643730164, 0.29200002551078796, 0.21800000965595245, 0.2070000171661377, 0.006000000052154064, -0.0020000000949949026, -0.015000000596046448, -0.015000000596046448, -0.010000000707805157, -0.0010000000474974513], "lidar": [-1, -1, -1, -1, -1, -1, -1, -1, -1, -1, -1, -1, -1, -1, -1, -1, -1, -1, -1, -1, -1, -1, -1, -1, -1, -1, -1, -1, -1, -1, -1, -1, -1, -1, -1, -1, -1, -1, -1, -1, -1, -1, -1, -1, -1, -1, -1, -1, -1, -1, -1, -1, -1, -1, -1, -1, -1, -1, -1, -1, -1, -1, -1, -1, -1, -1, -1, -1, -1, -1, -1, -1, -1, -1, -1, -1, -1, -1, -1, -1, -1, -1, -1, -1, -1, -1, -1, -1, -1, -1, -1, -1, -1, -1, -1, -1, -1, -1, -1, -1, -1, -1, -1, -1, -1, -1, -1, -1, -1, -1, -1],