{"mode": ["0.0", "MANUAL", "MANUAL", "MANUAL", "MANUAL", "MANUAL", "MANUAL", "MANUAL", "MANUAL", "MANUAL", "MANUAL", "MANUAL", "MANUAL", "MANUAL", "MANUAL", "MANUAL", "MANUAL", "MANUAL", "MANUAL", "MANUAL", "MANUAL", "MANUAL", "MANUAL", "MANUAL", "MANUAL", "MANUAL", "MANUAL", "MANUAL", "MANUAL", "MANUAL", "MANUAL", "MANUAL", "MANUAL", "MANUAL", "MANUAL", "MANUAL", "MANUAL", "MANUAL", "MANUAL", "MANUAL", "MANUAL", "MANUAL", "MANUAL", "MANUAL", "MANUAL", "MANUAL", "MANUAL", "MANUAL", "MANUAL", "MANUAL", "MANUAL", "MANUAL", "MANUAL", "MANUAL"], "lat_deg": [0.0, 40.6555041, 40.6555041, 40.6555045, 40.6555047, 40.655505, 40.6555052, 40.6555049, 40.6555045, 40.655504199999996, 40.6555037, 40.655502999999996, 40.6555026, 40.6555025, 40.655502399999996, 40.6555021, 40.6555019, 40.655501799999996, 40.6555013, 40.6555008, 40.6555007, 40.6555004, 40.655499999999996, 40.6554996, 40.6554996, 40.6554998, 40.6554997, 40.655499899999995, 40.6555003, 40.655500499999995, 40.6555007, 40.655500499999995, 40.655500499999995, 40.6555001, 40.6554992, 40.6554983, 40.6554978, 40.6554984, 40.6554985, 40.655498699999995, 40.6554985, 40.6554988, 40.655499299999995, 40.6554983, 40.6554972, 40.6554952, 40.6554934, 40.6554925, 40.6554924, 40.6554923, 40.6554924, 40.6554921, 40.655491999999995, 40.6554917], "lng_deg": [0.0, -119.3730865, -119.3730856, -119.3730851, -119.37308469999999, -119.3730848, -119.37308519999999, -119.3730856, -119.37308619999999, -119.37308669999999, -119.37308709999999, -119.3730875, -119.373088, -119.3730884, -119.373089, -119.3730897, -119.3730902, -119.37309069999999, -119.3730913, -119.3730913, -119.37309139999999, -119.3730913, -119.37309139999999, -119.37309189999999, -119.37309259999999, -119.3730933, -119.37309429999999, -119.3730947, -119.3730952, -119.3730956, -119.37309499999999, -119.3730951, -119.3730958, -119.3730963, -119.3730969, -119.373097, -119.37309739999999, -119.3730971, -119.373097, -119.3730966, -119.3730959, -119.3730958, -119.3730964, -119.3730988, -119.37310079999999, -119.37310219999999, -119.3731024, -119.3731036, -119.3731042, -119.37310439999999, -119.37310459999999, -119.37310439999999, -119.37310439999999, -119.3731043], "abs_alt_m": [0.0, 1211.3360595703125, 1211.3160400390625, 1211.2960205078125, 1211.318115234375, 1211.35009765625, 1211.383056640625, 1211.4200439453125, 1211.447021484375, 1211.489013671875, 1211.51806640625, 1211.5321044921875, 1211.541015625, 1211.55810546875, 1211.5780029296875, 1211.60107421875, 1211.6290283203125, 1211.6630859375, 1211.6700439453125, 1211.632080078125, 1211.612060546875, 1211.6170654296875, 1211.6510009765625, 1211.654052734375, 1211.677001953125, 1211.735107421875, 1211.76806640625, 1211.7640380859375, 1211.7830810546875, 1211.8031005859375, 1211.8050537109375, 1211.81103515625, 1211.820068359375, 1211.778076171875, 1211.6390380859375, 1211.5010986328125, 1211.43505859375, 1211.4620361328125, 1211.43310546875, 1211.3680419921875, 1211.2830810546875, 1211.2900390625, 1211.280029296875, 1211.18603515625, 1211.05908203125, 1210.9500732421875, 1210.7239990234375, 1210.49609375, 1210.405029296875, 1210.340087890625, 1210.298095703125, 1210.26708984375, 1210.2430419921875, 1210.218017578125], "rel_alt_m": [0.0, 0.25, 0.23000000417232513, 0.2110000103712082, 0.23200000822544098, 0.2639999985694885, 0.2980000078678131, 0.33400002121925354, 0.36100003123283386, 0.40300002694129944, 0.4320000112056732, 0.44600000977516174, 0.45600003004074097, 0.47200003266334534, 0.492000013589859, 0.5160000324249268, 0.5440000295639038, 0.5770000219345093, 0.5850000381469727, 0.5460000038146973, 0.5260000228881836, 0.531000018119812, 0.5649999976158142, 0.5680000185966492, 0.5920000076293945, 0.6490000486373901, 0.6830000281333923, 0.6780000329017639, 0.6980000138282776, 0.718000054359436, 0.7190000414848328, 0.7250000238418579, 0.7350000143051147, 0.6930000185966492, 0.5540000200271606, 0.4150000214576721, 0.3490000069141388, 0.3760000169277191, 0.34800001978874207, 0.28300002217292786, 0.19700001180171967, 0.20500001311302185, 0.1940000057220459, 0.10000000149011612, -0.026000000536441803, -0.1340000033378601, -0.36000001430511475, -0.5890000462532043, -0.6790000200271606, -0.7450000643730164, -0.7870000600814819, -0.8170000314712524, -0.8410000205039978, -0.8660000562667847], "x_m": [0.0, 0.32793524861335754, 0.33022141456604004, 0.37354230880737305, 0.3983936011791229, 0.42595893144607544, 0.44706225395202637, 0.40809762477874756, 0.3723241686820984, 0.3343048691749573, 0.28309571743011475, 0.20174598693847656, 0.15639011561870575, 0.1455531120300293, 0.1356431096792221, 0.10361413657665253, 0.07812869548797607, 0.06752724200487137, 0.019593073055148125, -0.03636055439710617, -0.05310710519552231, -0.07829611748456955, -0.134961798787117, -0.1712978184223175, -0.1703065037727356, -0.14898638427257538, -0.16079871356487274, -0.1293109804391861, -0.09484217315912247, -0.07439684867858887, -0.05483558401465416, -0.06849948316812515, -0.06772204488515854, -0.11792029440402985, -0.22343453764915466, -0.33171355724334717, -0.36413079500198364, -0.3052138090133667, -0.2944304049015045, -0.27622026205062866, -0.29868191480636597, -0.2526688575744629, -0.2018272876739502, -0.33736544847488403, -0.47048401832580566, -0.6946319341659546, -0.8839111328125, -0.9600232839584351, -0.9782127141952515, -0.9855608940124512, -0.9758425951004028, -1.0053797960281372, -1.024741530418396, -1.0554250478744507], "y_m": [0.0, 0.5776950716972351, 0.6556116342544556, 0.6917345523834229, 0.7292676568031311, 0.7224918603897095, 0.6890979409217834, 0.6463498473167419, 0.5987914204597473, 0.5594123601913452, 0.5240647196769714, 0.4900243878364563, 0.4479685127735138, 0.4087987244129181, 0.35920271277427673, 0.2998901605606079, 0.2555718719959259, 0.2167098969221115, 0.17327909171581268, 0.17005647718906403, 0.16516642272472382, 0.17239439487457275, 0.1603115350008011, 0.11932703852653503, 0.05577157065272331, -0.00787671934813261, -0.08487924188375473, -0.12051738053560257, -0.16618862748146057, -0.1877162605524063, -0.13541510701179504, -0.1517873853445053, -0.21681375801563263, -0.2503054440021515, -0.3052913546562195, -0.3091013729572296, -0.3489168584346771, -0.32025909423828125, -0.3040924668312073, -0.27151384949684143, -0.21137194335460663, -0.2054472118616104, -0.2668575048446655, -0.4920293390750885, -0.6459072232246399, -0.7541891932487488, -0.7620124816894531, -0.86561119556427, -0.9149431586265564, -0.9345674514770508, -0.9481263756752014, -0.9329756498336792, -0.9280761480331421, -0.9200446605682373], "pitch_deg": [0.0, 6.861967086791992, 4.4909491539001465, 10.738055229187012, 21.314685821533203, 20.20702362060547, 17.563005447387695, 16.855960845947266, 15.876818656921387, 15.061529159545898, 15.767848014831543, 16.594045639038086, 17.1818790435791, 12.446788787841797, 10.366595268249512, 8.230629920959473, 9.124321937561035, 5.806339263916016, 9.35085678100586, 10.501023292541504, 13.086080551147461, 14.835111618041992, 17.728776931762695, -2.1612565517425537, -25.749408721923828, -27.900556564331055, -21.239913940429688, -18.69816017150879, -16.37352752685547, -16.210647583007812, -11.795829772949219, -9.138932228088379, -3.614799737930298, 1.2184514999389648, 2.5560953617095947, -5.216395378112793, -9.741443634033203, -5.137391567230225, -8.643442153930664, -2.116554021835327, -0.8533163666725159, -0.7455924153327942, -3.194383144378662, 7.078869342803955, -1.7159783840179443, 2.2637853622436523, 5.101639270782471, 2.20873761177063, 4.165713310241699, -2.5918021202087402, -3.0318760871887207, -3.1183907985687256, -3.1717686653137207, -3.2132253646850586],