{"mode": ["0.0", "0.0", "HOLD", "HOLD"], "lat_deg": [0.0, 40.655456099999995, 40.6554559, 40.6554559], "lng_deg": [0.0, -119.3730873, -119.37308709999999, -119.37308689999999], "abs_alt_m": [0.0, 1210.12109375, 1210.0841064453125, 1210.0650634765625], "rel_alt_m": [0.0, -0.021000001579523087, -0.058000002056360245, -0.07700000703334808], "x_m": [0.0, -5.020918369293213, -5.035553455352783, -5.027635097503662], "y_m": [0.0, 0.5137786269187927, 0.5269046425819397, 0.5455839037895203], "pitch_deg": [0.0, -1.1698572635650635, -2.1360273361206055, -2.0681276321411133], "roll_deg": [0.0, -2.1744961738586426, -1.7772870063781738, -1.7661261558532715], "yaw_deg": [0.0, 155.71092224121094, 155.88121032714844, 156.0209503173828], "lidar": [-1, -1, -1, -1], "target point": [[null, null, null], [null, null, null], [null, null, null], [null, null, null]], "unix time": [0.0, 0.0, 1663203794026089, 1663203794026089]}