{"mode": ["0.0", "0.0", "HOLD", "HOLD", "HOLD", "HOLD", "HOLD", "HOLD", "HOLD", "HOLD", "HOLD", "HOLD", "HOLD", "HOLD", "HOLD", "HOLD", "HOLD", "HOLD", "HOLD", "HOLD", "HOLD", "HOLD", "HOLD", "HOLD", "HOLD", "HOLD", "HOLD", "HOLD", "HOLD", "HOLD", "HOLD", "HOLD", "HOLD", "HOLD", "HOLD", "HOLD", "HOLD", "HOLD", "HOLD", "HOLD", "HOLD", "HOLD", "HOLD", "HOLD", "HOLD", "HOLD", "HOLD", "HOLD", "HOLD", "HOLD", "HOLD", "HOLD", "HOLD", "HOLD", "HOLD", "HOLD", "HOLD", "HOLD", "HOLD", "HOLD", "HOLD", "HOLD", "HOLD", "HOLD", "HOLD", "HOLD", "HOLD", "HOLD", "HOLD", "HOLD", "HOLD", "HOLD"], "lat_deg": [0.0, 40.6554527, 40.655453699999995, 40.655454399999996, 40.655454999999996, 40.6554554, 40.6554559, 40.6554564, 40.655456799999996, 40.6554572, 40.6554576, 40.6554581, 40.6554584, 40.6554587, 40.6554589, 40.655459199999996, 40.6554594, 40.6554595, 40.655459799999996, 40.65546, 40.6554601, 40.655460399999996, 40.6554606, 40.6554607, 40.6554608, 40.6554609, 40.655460999999995, 40.6554611, 40.6554613, 40.6554614, 40.6554615, 40.655461599999995, 40.6554617, 40.6554621, 40.655462199999995, 40.6554626, 40.655462799999995, 40.6554624, 40.6554624, 40.6554624, 40.6554625, 40.6554626, 40.6554625, 40.6554624, 40.655462299999996, 40.6554619, 40.6554617, 40.6554617, 40.6554618, 40.6554621, 40.655462199999995, 40.655462299999996, 40.6554625, 40.6554624, 40.6554625, 40.655462899999996, 40.655463, 40.655463499999996, 40.6554642, 40.6554645, 40.655464699999996, 40.6554649, 40.655465199999995, 40.6554654, 40.6554656, 40.6554666, 40.6554668, 40.6554674, 40.655468299999995, 40.6554682, 40.6554682, 40.6554682], "lng_deg": [0.0, -119.3730477, -119.3730478, -119.3730478, -119.37304789999999, -119.37304809999999, -119.3730482, -119.3730483, -119.3730485, -119.3730487, -119.37304879999999, -119.3730489, -119.373049, -119.37304909999999, -119.37304929999999, -119.3730492, -119.3730492, -119.3730489, -119.3730489, -119.3730489, -119.37304879999999, -119.3730489, -119.37304909999999, -119.373049, -119.37304879999999, -119.3730487, -119.37304859999999, -119.37304859999999, -119.37304839999999, -119.37304859999999, -119.3730487, -119.3730487, -119.37304859999999, -119.3730483, -119.3730485, -119.3730489, -119.37304909999999, -119.37304739999999, -119.3730471, -119.37304689999999, -119.37304639999999, -119.37304569999999, -119.3730456, -119.37304569999999, -119.37304599999999, -119.37304669999999, -119.373047, -119.3730471, -119.3730471, -119.373047, -119.3730471, -119.3730473, -119.37304739999999, -119.37304739999999, -119.37304739999999, -119.3730473, -119.3730477, -119.3730499, -119.37305049999999, -119.3730509, -119.37305119999999, -119.37305119999999, -119.37305119999999, -119.3730513, -119.3730511, -119.3730516, -119.37305239999999, -119.37305389999999, -119.3730557, -119.37305669999999, -119.37305669999999, -119.37305669999999], "abs_alt_m": [0.0, 1209.9730224609375, 1209.9910888671875, 1210.008056640625, 1210.0220947265625, 1210.028076171875, 1210.037109375, 1210.0400390625, 1210.05810546875, 1210.0760498046875, 1210.090087890625, 1210.10009765625, 1210.113037109375, 1210.132080078125, 1210.14501953125, 1210.1580810546875, 1210.155029296875, 1210.1400146484375, 1210.132080078125, 1210.1260986328125, 1210.1220703125, 1210.1280517578125, 1210.1260986328125, 1210.1090087890625, 1210.0750732421875, 1210.0650634765625, 1210.0460205078125, 1210.0440673828125, 1210.070068359375, 1210.089111328125, 1210.089111328125, 1210.0850830078125, 1210.090087890625, 1210.0970458984375, 1210.091064453125, 1210.0740966796875, 1210.0650634765625, 1210.01611328125, 1210.0321044921875, 1210.05810546875, 1210.0650634765625, 1210.0830078125, 1210.0880126953125, 1210.0740966796875, 1210.0880126953125, 1210.1151123046875, 1210.1470947265625, 1210.176025390625, 1210.1910400390625, 1210.1390380859375, 1210.1270751953125, 1210.1201171875, 1210.1260986328125, 1210.112060546875, 1210.1060791015625, 1210.1260986328125, 1210.14404296875, 1210.195068359375, 1210.2030029296875, 1210.197021484375, 1210.176025390625, 1210.155029296875, 1210.1220703125, 1210.070068359375, 1210.0260009765625, 1210.0130615234375, 1210.0770263671875, 1210.2821044921875, 1210.416015625, 1210.4210205078125, 1210.4210205078125, 1210.4210205078125], "rel_alt_m": [0.0, 0.0, 0.018000001087784767, 0.03400000184774399, 0.04800000041723251, 0.055000003427267075, 0.06300000101327896, 0.06599999964237213, 0.08400000631809235, 0.10300000756978989, 0.11600000411272049, 0.12600000202655792, 0.14000000059604645, 0.15800000727176666, 0.17100000381469727, 0.18400001525878906, 0.1810000091791153, 0.16600000858306885, 0.15900000929832458, 0.15300001204013824, 0.14900000393390656, 0.15400001406669617, 0.15200001001358032, -0.010000000707805157, -0.04400000348687172, -0.05400000140070915, -0.07300000637769699, -0.07500000298023224, -0.049000002443790436, -0.030000001192092896, -0.030000001192092896, -0.03400000184774399, -0.029000001028180122, -0.02200000174343586, -0.02800000086426735, -0.04500000178813934, -0.05400000140070915, -0.10300000756978989, -0.08700000494718552, -0.06100000441074371, -0.05400000140070915, -0.036000002175569534, -0.03100000135600567, -0.04500000178813934, -0.03100000135600567, -0.004000000189989805, 0.027000000700354576, 0.0560000017285347, 0.07100000232458115, 0.01900000125169754, 0.007000000216066837, 0.0, 0.006000000052154064, -0.007000000216066837, -0.013000000268220901, 0.006000000052154064, 0.024000000208616257, 0.07500000298023224, 0.08300000429153442, 0.07700000703334808, 0.0560000017285347, 0.03500000014901161, 0.0020000000949949026, -0.049000002443790436, -0.09300000220537186, -0.10600000619888306, -0.04200000315904617, 0.16200000047683716, 0.29600000381469727, 0.0010000000474974513, 0.0010000000474974513, 0.0010000000474974513], "x_m": [0.0, -5.3658671379089355, -5.266605854034424, -5.195518493652344, -5.125504970550537, -5.0807671546936035, -5.029818058013916, -4.9699201583862305, -4.9219841957092285, -4.878622055053711, -4.83501672744751, -4.793434143066406, -4.759293079376221, -4.72152853012085, -4.694056987762451, -4.66403341293335, -4.647534370422363, -4.628337383270264, -4.6006083488464355, -4.577739238739014, -4.557237148284912, -4.533690929412842, -4.512049198150635, -4.492825508117676, -4.487463474273682, -4.476062297821045, -4.467906475067139, -4.455507755279541, -4.43089485168457, -4.420459747314453, -4.408999443054199, -4.393679618835449, -4.382844924926758, -4.344961643218994, -4.336424350738525, -4.289581775665283, -4.2625226974487305, -4.30473518371582, -4.311344623565674, -4.306353569030762, -4.295390605926514, -4.290480613708496, -4.303048133850098, -4.310222625732422, -4.3160576820373535, -4.374189376831055, -4.3870320320129395, -4.381796360015869, -4.37216329574585, -4.344105243682861, -4.327935695648193, -4.3186774253845215, -4.301971912384033, -4.307672023773193, -4.297298908233643, -4.245720863342285, -4.23961877822876, -4.181844711303711, -4.105749607086182, -4.078542709350586, -4.0528717041015625, -4.028124809265137, -4.001276969909668, -3.9699745178222656, -3.955749273300171, -3.843989372253418, -3.8147499561309814, -3.744424819946289, -3.654069185256958, -3.6261403560638428, -3.7379961013793945, -3.816642999649048],