{"mode": ["0.0", "0.0", "MANUAL", "MANUAL", "MANUAL", "MANUAL", "MANUAL", "MANUAL", "MANUAL", "MANUAL", "MANUAL", "MANUAL", "MANUAL", "MANUAL", "MANUAL"], "lat_deg": [0.0, 40.655632499999996, 40.655633699999996, 40.6556342, 40.6556345, 40.655634899999995, 40.6556357, 40.655635, 40.655634899999995, 40.6556352, 40.6556354, 40.6556357, 40.655635499999995, 40.6556332, 40.6556309], "lng_deg": [0.0, -119.3732392, -119.37323959999999, -119.3732397, -119.3732395, -119.37323789999999, -119.3732373, -119.37323699999999, -119.3732374, -119.3732373, -119.37323719999999, -119.3732373, -119.3732373, -119.3732381, -119.37323909999999], "abs_alt_m": [0.0, 1208.22802734375, 1208.2301025390625, 1208.205078125, 1208.197998046875, 1208.3250732421875, 1208.360107421875, 1208.3990478515625, 1208.39306640625, 1208.3800048828125, 1208.4090576171875, 1208.43310546875, 1208.446044921875, 1208.3760986328125, 1208.3150634765625], "rel_alt_m": [0.0, -0.3700000047683716, -0.3680000305175781, -0.3930000066757202, -0.39900001883506775, -0.2720000147819519, -0.2370000183582306, -0.1980000138282776, -0.20500001311302185, -0.21800000965595245, -0.18900001049041748, -0.16500000655651093, -0.1510000079870224, -0.22200001776218414, -0.28300002217292786], "x_m": [0.0, 53.18294143676758, 53.32283401489258, 53.373382568359375, 53.40601348876953, 53.4553337097168, 53.53281021118164, 53.43107223510742, 53.44976043701172, 53.475242614746094, 53.501731872558594, 53.52996063232422, 53.5203971862793, 53.15433120727539, 52.96391677856445], "y_m": [0.0, 19.673404693603516, 19.639850616455078, 19.63463020324707, 19.66080093383789, 19.795944213867188, 19.84214973449707, 19.873226165771484, 19.827253341674805, 19.83533477783203, 19.846752166748047, 19.835330963134766, 19.833953857421875, 19.733978271484375, 19.63711929321289], "pitch_deg": [0.0, -0.5829392075538635, -0.5069873332977295, -0.5378516316413879, 3.0829665660858154, 11.611997604370117, -25.46283531188965, 11.029989242553711, 26.1334171295166, 31.46312713623047, 28.511133193969727, 28.654481887817383, 45.334720611572266, 20.47016716003418, -13.378978729248047], "roll_deg": [0.0, -1.543622374534607, -1.1111512184143066, -1.4968676567077637, 14.527251243591309, 78.1280746459961, 83.79925537109375, 76.57487487792969, 71.71791076660156, 66.45243072509766, 60.47103500366211, 59.71752166748047, 48.92569351196289, -72.73393249511719, -77.27566528320312], "yaw_deg": [0.0, -37.97189712524414, -37.93620681762695, -37.96570587158203, -30.856586456298828, -33.17890167236328, -12.040182113647461, -6.802156925201416, -25.78375816345215, -33.81950378417969, -43.92491149902344, -44.511173248291016, -48.97214126586914, -158.2085723876953, -155.5645294189453], "lidar": [-1, -1, -1, -1, -1, -1, -1, -1, -1, -1, -1, -1, -1, -1, -1], "target point": [[null, null, null], [null, null, null], [null, null, null], [null, null, null], [null, null, null], [null, null, null], [null, null, null], [null, null, null], [null, null, null], [null, null, null], [null, null, null], [null, null, null], [null, null, null], [null, null, null], [null, null, null]], "unix time": [0.0, 1663205167025622, 1663205167025622, 1663205168024622, 1663205169024622, 1663205169024622, 1663205170025622, 1663205170025622, 1663205171026622, 1663205171026622, 1663205172026622, 1663205172026622, 1663205173025622, 1663205173025622, 1663205174026622]}