{"lat_deg": [0.0, 40.655608199999996, 40.6556068, 40.6556056, 40.655605, 40.6556056, 40.655607499999995, 40.655609299999995, 40.6556104, 40.6556108, 40.6556107, 40.6556103, 40.655609899999995, 40.6556103, 40.6556104, 40.6556111, 40.6556109, 40.655610599999996, 40.655609899999995, 40.6556096, 40.6556092, 40.6556089, 40.6556084, 40.655608, 40.6556077, 40.6556072, 40.6556065, 40.6556059, 40.6556053, 40.6556047, 40.6556042, 40.655603899999996, 40.6556037, 40.6556035, 40.6556036, 40.6556038, 40.655603899999996, 40.6556042, 40.655604499999995, 40.6556047, 40.6556049, 40.655605099999995, 40.6556053, 40.6556056, 40.6556059, 40.6556059, 40.6556059, 40.655606, 40.6556062, 40.655606399999996, 40.655606299999995, 40.6556061, 40.655606, 40.655606299999995, 40.6556068, 40.655606899999995, 40.655606899999995, 40.6556067, 40.655606299999995, 40.6556059, 40.6556056, 40.6556059, 40.6556065, 40.6556073, 40.655608199999996, 40.6556086, 40.655608, 40.6556052, 40.6555977, 40.655594, 40.6555937, 40.6555952, 40.6555964, 40.6555971, 40.6555975, 40.6555977, 40.6555979], "lng_deg": [0.0, -119.3732553, -119.3732569, -119.37325879999999, -119.3732601, -119.37326119999999, -119.3732624, -119.37326309999999, -119.3732635, -119.3732639, -119.3732634, -119.3732634, -119.3732629, -119.37326159999999, -119.37326119999999, -119.37325969999999, -119.3732589, -119.3732577, -119.3732581, -119.3732584, -119.37325829999999, -119.3732584, -119.37325879999999, -119.37325919999999, -119.37325949999999, -119.37325999999999, -119.3732606, -119.3732611, -119.37326159999999, -119.37326209999999, -119.37326259999999, -119.373263, -119.3732634, -119.3732637, -119.3732639, -119.3732641, -119.3732641, -119.3732641, -119.3732641, -119.3732641, -119.37326399999999, -119.3732639, -119.37326379999999, -119.3732637, -119.3732635, -119.3732634, -119.37326309999999, -119.37326259999999, -119.37326119999999, -119.3732601, -119.37325879999999, -119.3732568, -119.3732541, -119.3732522, -119.373252, -119.3732524, -119.3732538, -119.3732551, -119.37325639999999, -119.37325759999999, -119.3732586, -119.3732596, -119.3732605, -119.37326089999999, -119.37326139999999, -119.37326159999999, -119.37326189999999, -119.3732623, -119.3732627, -119.3732642, -119.37326309999999, -119.37326279999999, -119.37326309999999, -119.3732635, -119.37326379999999, -119.37326399999999, -119.3732642], "rel_alt_m": [0.0, -0.07800000160932541, -0.05900000408291817, -0.03700000047683716, -0.018000001087784767, 0.0, 0.009000000543892384, 0.0010000000474974513, -0.02500000037252903, 0.030000001192092896, 0.13199999928474426, 0.164000004529953, 0.18200001120567322, 0.1550000011920929, 0.14800000190734863, 0.07300000637769699, 0.03700000047683716, 0.005000000353902578, -0.007000000216066837, -0.03400000184774399, -0.0430000014603138, -0.055000003427267075, -0.07600000500679016, -0.08300000429153442, -0.09800000488758087, -0.14600001275539398, -0.18400001525878906, -0.23100000619888306, -0.2670000195503235, -0.2900000214576721, -0.3150000274181366, -0.31700000166893005, -0.0010000000474974513, -0.0010000000474974513, -0.0020000000949949026, 0.0020000000949949026, 0.0010000000474974513, -0.0010000000474974513, -0.007000000216066837, -0.015000000596046448, -0.026000000536441803, -0.03700000047683716, -0.05400000140070915, -0.00800000037997961, 0.0, 0.15900000929832458, 1.0260000228881836, 1.5720000267028809, 1.9130001068115234, 2.4640002250671387, 3.382000207901001, 4.232000350952148, 4.538000106811523, 4.828000068664551, 5.452000141143799, 5.920000076293945, 6.374000072479248, 6.674000263214111, 6.942000389099121, 7.011000156402588, 6.793000221252441, 6.584000110626221, 6.437000274658203, 6.062000274658203, 5.431000232696533, 4.75, 4.117000102996826, 4.123000144958496, 4.75700044631958, 4.564000129699707, 3.9880001544952393, 3.38700008392334, -0.3270000219345093, -0.7170000076293945, -0.24400001764297485, -0.5360000133514404, -0.049000002443790436], "lidar": [-1, -1, -1, -1, -1, -1, -1, -1, -1, -1, -1, -1, -1, -1, -1, -1, -1, -1, -1, -1, -1, -1, -1, -1, -1, -1, -1, -1, -1, -1, -1, -1, -1, -1, -1, -1, -1, -1, -1, -1, -1, -1, -1, -1, -1, -1, -1, -1, -1, -1, -1, -1, -1, -1, -1, -1, -1, -1, -1, -1, -1, -1, -1, -1, -1, -1, -1, -1, -1, -1, -1, -1, -1, -1, -1, -1, -1], "target point": [[40.65516359, -119.37344057, 10.0], [40.65516359, -119.37344057, 10.0], [40.65516359, -119.37344057, 10.0], [40.65516359, -119.37344057, 10.0], [40.65516359, -119.37344057, 10.0], [40.65516359, -119.37344057, 10.0], [40.65516359, -119.37344057, 10.0], [40.65516359, -119.37344057, 10.0], [40.65516359, -119.37344057, 10.0], [40.65516359, -119.37344057, 10.0], [40.65516359, -119.37344057, 10.0], [40.65516359, -119.37344057, 10.0], [40.65516359, -119.37344057, 10.0], [40.65516359, -119.37344057, 10.0], [40.65516359, -119.37344057, 10.0], [40.65516359, -119.37344057, 10.0], [40.65516359, -119.37344057, 10.0], [40.65516359, -119.37344057, 10.0], [40.65516359, -119.37344057, 10.0], [40.65516359, -119.37344057, 10.0], [40.65516359, -119.37344057, 10.0], [40.65516359, -119.37344057, 10.0], [40.65516359, -119.37344057, 10.0], [40.65516359, -119.37344057, 10.0], [40.65516359, -119.37344057, 10.0], [40.65516359, -119.37344057, 10.0], [40.65516359, -119.37344057, 10.0], [40.65516359, -119.37344057, 10.0], [40.65516359, -119.37344057, 10.0], [40.65516359, -119.37344057, 10.0], [40.65516359, -119.37344057, 10.0], [40.65516359, -119.37344057, 10.0], [40.65516359, -119.37344057, 10.0], [40.65516359, -119.37344057, 10.0], [40.65516359, -119.37344057, 10.0], [40.65516359, -119.37344057, 10.0], [40.65516359, -119.37344057, 10.0], [40.65516359, -119.37344057, 10.0], [40.65516359, -119.37344057, 10.0], [40.65516359, -119.37344057, 10.0], [40.65516359, -119.37344057, 10.0], [40.65516359, -119.37344057, 10.0], [40.65516359, -119.37344057, 10.0], [40.65516359, -119.37344057, 10.0], [40.65516359, -119.37344057, 10.0], [40.65516359, -119.37344057, 10.0], [40.65516359, -119.37344057, 10.0], [40.65516359, -119.37344057, 10.0], [40.65516359, -119.37344057, 10.0], [40.65516359, -119.37344057, 10.0], [40.65516359, -119.37344057, 10.0], [40.65516359, -119.37344057, 10.0], [40.65516359, -119.37344057, 10.0], [40.65516359, -119.37344057, 10.0], [40.65516359, -119.37344057, 10.0], [40.65516359, -119.37344057, 10.0], [40.65516359, -119.37344057, 10.0], [40.65516359, -119.37344057, 10.0], [40.65516359, -119.37344057, 10.0], [40.65516359, -119.37344057, 10.0], [40.65516359, -119.37344057, 10.0], [40.65516359, -119.37344057, 10.0], [40.65516359, -119.37344057, 10.0], [40.65516359, -119.37344057, 10.0], [40.65516359, -119.37344057, 10.0], [40.65516359, -119.37344057, 10.0], [40.65516359, -119.37344057, 10.0], [40.65516359, -119.37344057, 10.0], [40.65516359, -119.37344057, 10.0], [40.65516359, -119.37344057, 10.0], [40.65516359, -119.37344057, 10.0], [40.65516359, -119.37344057, 10.0], [40.65516359, -119.37344057, 10.0], [40.65516359, -119.37344057, 10.0], [40.65516359, -119.37344057, 10.0], [40.65516359, -119.37344057, 10.0], [40.65516359, -119.37344057, 10.0]],