{"mode": ["0.0", "MANUAL", "HOLD"], "lat_deg": [0.0, 0.0, 0.0], "lng_deg": [0.0, 0.0, 0.0], "abs_alt_m": [0.0, 0.0, 0.0], "rel_alt_m": [0.0, 0.0, 0.0], "x_m": [0.0, 0.009789405390620232, 0.00802919827401638], "y_m": [0.0, -0.031104568392038345, -0.029325077310204506], "pitch_deg": [0.0, -0.8459582924842834, -0.8495951294898987], "roll_deg": [0.0, -3.6605074405670166, -3.6420717239379883], "yaw_deg": [0.0, 2.3796567916870117, 2.145205020904541], "lidar": [-1, -1, -1], "target point": [[null, null, null], [null, null, null], [null, null, null]], "unix time": [0.0, 0.0, 0.0]}