{"mode": ["0.0", "0.0", "HOLD"], "lat_deg": [0.0, 0.0, 0.0], "lng_deg": [0.0, 0.0, 0.0], "abs_alt_m": [0.0, 0.0, 0.0], "rel_alt_m": [0.0, 0.0, 0.0], "x_m": [0.0, 0.0011474465718492866, 0.0016363319009542465], "y_m": [0.0, -0.014816849492490292, -0.014398418366909027], "pitch_deg": [0.0, -0.8955575823783875, -0.901630163192749], "roll_deg": [0.0, -3.4930825233459473, -3.47996187210083], "yaw_deg": [0.0, -0.19723078608512878, -0.29745569825172424], "lidar": [-1, -1, -1], "target point": [[null, null, null], [null, null, null], [null, null, null]], "unix time": [0.0, 0.0, 0.0]}