{"mode": ["0.0", "0.0", "HOLD", "HOLD"], "lat_deg": [0.0, 40.655607599999996, 40.6556074, 40.6556074], "lng_deg": [0.0, -119.3732357, -119.3732356, -119.3732354], "abs_alt_m": [0.0, 1210.238037109375, 1210.2420654296875, 1210.2410888671875], "rel_alt_m": [0.0, 0.0, 0.004000000189989805, 0.003000000026077032], "x_m": [0.0, -0.2214304655790329, -0.2347320020198822, -0.23758025467395782], "y_m": [0.0, 0.1973133534193039, 0.20390550792217255, 0.22226113080978394], "pitch_deg": [0.0, -0.9082698822021484, -0.9026039838790894, -0.8948376178741455], "roll_deg": [0.0, -3.4127681255340576, -3.4283909797668457, -3.4111828804016113], "yaw_deg": [0.0, -1.6283835172653198, -1.7048125267028809, -1.7658053636550903], "lidar": [-1, -1, -1, -1], "target point": [[null, null, null], [null, null, null], [null, null, null], [null, null, null]], "unix time": [0.0, 0.0, 1663206061807538, 1663206061807538]}