{"lat_deg": [0.0, 40.6556344, 40.6556346, 40.6556346, 40.6556336, 40.655633099999996, 40.655633099999996, 40.6556326, 40.6556328, 40.6556336, 40.6556334, 40.6556334, 40.6556334, 40.6556333, 40.655633099999996, 40.655632399999995, 40.6556323, 40.6556326, 40.6556316, 40.6556308, 40.6556304, 40.655629399999995, 40.6556285, 40.655628199999995, 40.6556281, 40.6556279, 40.6556277, 40.6556275, 40.6556272, 40.655626999999996, 40.6556269, 40.6556268, 40.6556266, 40.6556266, 40.655626399999996, 40.6556263, 40.6556263, 40.6556262, 40.6556262, 40.6556262, 40.6556263, 40.6556263, 40.6556263, 40.6556263, 40.6556263, 40.6556263, 40.6556263, 40.6556263, 40.6556265, 40.6556268, 40.6556265, 40.6556256, 40.6556241, 40.6556235, 40.6556241, 40.6556256, 40.6556268, 40.655627599999995, 40.6556279, 40.6556262, 40.655622099999995, 40.6556144, 40.6556018, 40.6555785, 40.655552, 40.655519399999996, 40.6554814, 40.6554424, 40.6554042, 40.6553684, 40.6553365, 40.6553085, 40.6552848, 40.6552608, 40.6552441, 40.6552304, 40.655220199999995, 40.655214199999996, 40.655211099999995, 40.6552088, 40.6552072, 40.6552061, 40.6552049, 40.655204, 40.6552029, 40.6552021, 40.655201, 40.655199599999996, 40.6551979, 40.6551956, 40.655194099999996, 40.6551934, 40.6551927, 40.6551915, 40.655189899999996, 40.6551875, 40.6551854, 40.6551835, 40.6551818, 40.655180099999995, 40.6551784, 40.655176399999995, 40.655173999999995, 40.6551726, 40.6551723, 40.6551724, 40.6551733, 40.655173999999995, 40.655174599999995, 40.6551754, 40.6551757, 40.6551757, 40.655175199999995, 40.6551743, 40.6551738, 40.6551736, 40.6551735, 40.6551736, 40.6551736, 40.6551735, 40.6551735, 40.6551735, 40.6551737, 40.655173999999995, 40.6551742, 40.6551745, 40.655174699999996, 40.6551744, 40.655173999999995, 40.6551738, 40.6551736, 40.6551736, 40.6551735, 40.6551735, 40.655173399999995, 40.655173399999995, 40.6551732, 40.655173, 40.6551727, 40.6551725, 40.6551723, 40.6551721, 40.655172, 40.6551719, 40.6551718, 40.6551717], "lng_deg": [0.0, -119.3732204, -119.37322069999999, -119.37322089999999, -119.373221, -119.3732208, -119.37322069999999, -119.3732211, -119.37322119999999, -119.3732213, -119.3732215, -119.3732216, -119.37322169999999, -119.37322169999999, -119.37322169999999, -119.3732215, -119.3732215, -119.37322239999999, -119.37322209999999, -119.37322189999999, -119.3732225, -119.3732246, -119.3732258, -119.37322599999999, -119.3732258, -119.3732254, -119.3732251, -119.3732251, -119.3732252, -119.3732253, -119.3732254, -119.37322549999999, -119.37322569999999, -119.37322599999999, -119.37322619999999, -119.3732265, -119.37322669999999, -119.373227, -119.3732273, -119.37322759999999, -119.373228, -119.3732283, -119.37322859999999, -119.3732289, -119.3732292, -119.3732295, -119.3732299, -119.37322999999999, -119.37323049999999, -119.37323119999999, -119.3732313, -119.37322999999999, -119.37322839999999, -119.37322619999999, -119.37322359999999, -119.3732215, -119.3732215, -119.3732225, -119.37322429999999, -119.37322759999999, -119.37323269999999, -119.3732407, -119.3732519, -119.37326569999999, -119.3732761, -119.3732861, -119.3732974, -119.37330879999999, -119.37331839999999, -119.37332939999999, -119.3733417, -119.3733554, -119.373369, -119.37338349999999, -119.3733937, -119.3734018, -119.373408, -119.37341169999999, -119.3734132, -119.3734137, -119.3734144, -119.3734156, -119.3734174, -119.3734193, -119.373421, -119.373421, -119.37341989999999, -119.3734193, -119.373419, -119.3734193, -119.37342, -119.3734212, -119.3734224, -119.3734235, -119.3734247, -119.37342629999999, -119.37342779999999, -119.3734295, -119.373431, -119.37343159999999, -119.37343279999999, -119.37343369999999, -119.3734348, -119.37343519999999, -119.3734351, -119.37343489999999, -119.3734348, -119.37343469999999, -119.37343449999999, -119.3734346, -119.37343469999999, -119.37343489999999, -119.3734351, -119.3734351, -119.373435, -119.37343489999999, -119.3734348, -119.3734351, -119.3734357, -119.3734358, -119.3734357, -119.3734356, -119.3734356, -119.3734365, -119.3734374, -119.37343899999999, -119.37343969999999, -119.37343919999999, -119.37343709999999, -119.3734357, -119.37343489999999, -119.37343449999999, -119.37343449999999, -119.37343449999999, -119.3734346, -119.3734346, -119.3734346, -119.3734346, -119.3734346, -119.3734346, -119.3734346, -119.37343449999999, -119.37343449999999, -119.37343449999999, -119.3734346, -119.37343449999999], "rel_alt_m": [0.0, -0.04000000283122063, -0.07600000500679016, -0.09100000560283661, -0.03100000135600567, -0.07100000232458115, -0.10900000482797623, -0.1600000113248825, -0.1990000158548355, -0.21900001168251038, -0.2160000056028366, -0.22700001299381256, -0.24400001764297485, -0.2720000147819519, -0.328000009059906, -0.3920000195503235, -0.4270000159740448, -0.5530000329017639, -0.5890000462532043, -0.6020000576972961, -0.6660000085830688, -0.7040000557899475, -0.7040000557899475, -0.7110000252723694, -0.718000054359436, -0.7300000190734863, -0.7280000448226929, -0.7110000252723694, -0.6920000314712524, -0.6650000214576721, -0.6410000324249268, 0.0010000000474974513, 0.027000000700354576, 0.04400000348687172, 0.06599999964237213, 0.0820000022649765, 0.08900000154972076, 0.0950000062584877, 0.0990000069141388, 0.09800000488758087, 0.09400000423192978, 0.0950000062584877, 0.09200000762939453, 0.0820000022649765, 0.06700000166893005, 0.0020000000949949026, 0.006000000052154064, 0.02800000086426735, 0.04700000211596489, 0.0430000014603138, 0.04700000211596489, 0.24900001287460327, 0.8040000200271606, 1.7540000677108765, 3.0470001697540283, 4.742000102996826, 6.28000020980835, 7.874000549316406, 9.26200008392334, 10.480000495910645, 11.684000968933105, 12.891000747680664, 14.059000968933105, 15.511000633239746, 16.731000900268555, 17.954999923706055, 19.26300048828125, 20.648000717163086, 21.98400115966797, 22.974000930786133, 23.53900146484375, 23.832000732421875, 23.994001388549805, 24.080001831054688, 24.09800148010254, 24.017000198364258, 23.845001220703125, 23.556001663208008, 23.22800064086914, 22.91400146484375, 22.580001831054688, 22.416000366210938, 22.161001205444336, 21.880001068115234, 21.56800079345703, 21.242000579833984, 20.85700035095215, 20.4010009765625, 19.93000030517578, 19.312000274658203, 18.78900146484375, 18.35700035095215, 17.817001342773438, 17.143001556396484, 16.576000213623047, 15.929000854492188, 15.375000953674316, 14.791000366210938, 14.193000793457031, 13.588000297546387, 12.98900032043457, 12.394001007080078, 11.69800090789795, 11.129000663757324, 10.585000038146973, 10.0, 9.40000057220459, 8.781000137329102, 8.166000366210938, 7.504000186920166, 7.055000305175781, 6.656000137329102, 6.313000202178955, 5.99500036239624, 5.623000144958496, 5.276000022888184, 4.8460001945495605, 4.527000427246094, 4.240000247955322, 3.9590001106262207, 3.631000280380249, 3.319000244140625, 2.933000087738037, 2.5200002193450928, 2.1030001640319824, 1.7390000820159912, 1.437000036239624, 1.218000054359436, 0.9800000190734863, 0.7470000386238098, 0.6000000238418579, 0.5130000114440918, 0.44600000977516174, 0.4130000174045563, 0.4180000126361847, 0.43300002813339233, 0.4520000219345093, 0.0020000000949949026, -0.014000000432133675, -0.03700000047683716, -0.0650000050663948, -0.09600000083446503, -0.12800000607967377, -0.14500001072883606, -0.14800000190734863, -0.15400001406669617], "lidar": [-1, -1, -1, -1, -1, -1, -1, -1, -1, -1, -1, -1, -1, -1, -1, -1, -1, -1, -1, -1, -1, -1, -1, -1, -1, -1, -1, -1, -1, -1, -1, -1, -1, -1, -1, -1, -1, -1, -1, -1, -1, -1, -1, -1, -1, -1, -1, -1, -1, -1, -1, -1, -1, -1, -1, -1, -1, -1, -1, -1, -1, -1, -1, -1, -1, -1, -1, -1, -1, -1, -1, -1, -1, -1, -1, -1, -1, -1, -1, -1, -1, -1, -1, -1, -1, -1, -1, -1, -1, -1, -1, -1, -1, -1, -1, -1, -1, -1, -1, -1, -1, -1, -1, -1, -1, -1, -1, -1, -1, -1, -1, -1, -1, -1, -1, -1, -1, -1, -1, -1, -1, -1, -1, -1, -1, -1, -1, -1, -1, -1, -1, -1, -1, -1, -1, -1, -1, -1, -1, -1, -1, -1, -1, -1, -1, -1],