{"mode": ["0.0", "MANUAL", "MANUAL", "MANUAL", "MANUAL", "MANUAL", "MANUAL", "MANUAL", "MANUAL", "MANUAL", "MANUAL", "MANUAL", "MANUAL", "MANUAL", "MANUAL", "MANUAL", "MANUAL", "MANUAL", "MANUAL", "MANUAL", "MANUAL"], "lat_deg": [0.0, 0.0, 0.0, 0.0, 0.0, 0.0, 0.0, 0.0, 0.0, 0.0, 0.0, 0.0, 0.0, 0.0, 0.0, 0.0, 0.0, 0.0, 0.0, 0.0, 0.0], "lng_deg": [0.0, 0.0, 0.0, 0.0, 0.0, 0.0, 0.0, 0.0, 0.0, 0.0, 0.0, 0.0, 0.0, 0.0, 0.0, 0.0, 0.0, 0.0, 0.0, 0.0, 0.0], "abs_alt_m": [0.0, 0.0, 0.0, 0.0, 0.0, 0.0, 0.0, 0.0, 0.0, 0.0, 0.0, 0.0, 0.0, 0.0, 0.0, 0.0, 0.0, 0.0, 0.0, 0.0, 0.0], "rel_alt_m": [0.0, 0.0, 0.0, 0.0, 0.0, 0.0, 0.0, 0.0, 0.0, 0.0, 0.0, 0.0, 0.0, 0.0, 0.0, 0.0, 0.0, 0.0, 0.0, 0.0, 0.0], "x_m": [0.0, 0.05490998923778534, 0.04886644706130028, 0.04013422131538391, 0.030149824917316437, 0.023342791944742203, 0.023086149245500565, 0.02751060761511326, 0.035422392189502716, 0.04447907209396362, 0.054162509739398956, 0.0491739958524704, 0.02353922836482525, 0.02130311168730259, 0.02144751325249672, 0.04414108768105507, 0.06448207050561905, 0.07650887221097946, 0.08069834113121033, 0.07982879877090454, 0.07977329194545746], "y_m": [0.0, 0.039078567177057266, 0.035245589911937714, 0.030353395268321037, 0.02275765873491764, 0.013854295946657658, 0.009068446233868599, 0.011530431918799877, 0.0170996505767107, 0.024394679814577103, 0.0329243466258049, 0.032772261649370193, 0.01939423196017742, 0.019365906715393066, 0.025438524782657623, 0.03900386393070221, 0.05435983091592789, 0.0634310245513916, 0.06667816638946533, 0.06039729341864586, 0.05455946922302246], "pitch_deg": [0.0, -0.7322519421577454, -1.0234010219573975, -1.737755537033081, -2.2988038063049316, -2.3805692195892334, -2.3435447216033936, -2.3911776542663574, -2.3745768070220947, -2.384486675262451, -2.368318796157837, -2.4036574363708496, -2.4058706760406494, -2.424941301345825, -3.00447678565979, -2.4265692234039307, -1.601682424545288, -2.082428455352783, -1.7988598346710205, -1.757922887802124, -1.8347216844558716], "roll_deg": [0.0, -0.34556150436401367, -0.2461918145418167, -1.1508203744888306, -1.5287907123565674, -1.254842758178711, -1.119763731956482, -1.4999903440475464, -1.587781310081482, -1.6042119264602661, -1.6040877103805542, -1.6247999668121338, -1.6291488409042358, -1.6326014995574951, -3.0594449043273926, -1.4072233438491821, -0.37596312165260315, -0.3445250988006592, -0.8324499130249023, -0.48405125737190247, -0.2977033257484436], "yaw_deg": [0.0, -141.65821838378906, -141.5536346435547, -141.5522918701172, -141.44732666015625, -141.54454040527344, -141.5406036376953, -141.54476928710938, -141.54519653320312, -141.54356384277344, -141.53900146484375, -141.5409393310547, -141.5409393310547, -141.54444885253906, -141.50689697265625, -141.58290100097656, -141.6879425048828, -141.6573028564453, -141.59014892578125, -141.52027893066406, -141.44578552246094], "lidar": [-1, -1, -1, -1, -1, -1, -1, -1, -1, -1, -1, -1, -1, -1, -1, -1, -1, -1, -1, -1, -1], "target point": [[null, null, null], [null, null, null], [null, null, null], [null, null, null], [null, null, null], [null, null, null], [null, null, null], [null, null, null], [null, null, null], [null, null, null], [null, null, null], [null, null, null], [null, null, null], [null, null, null], [null, null, null], [null, null, null], [null, null, null], [null, null, null], [null, null, null], [null, null, null], [null, null, null]], "unix time": [0.0, 0.0, 0.0, 0.0, 0.0, 0.0, 0.0, 0.0, 0.0, 0.0, 0.0, 0.0, 0.0, 0.0, 0.0, 0.0, 0.0, 0.0, 0.0, 0.0, 0.0]}