{"mode": ["0.0", "0.0", "MANUAL", "MANUAL", "MANUAL", "MANUAL", "MANUAL", "MANUAL", "MANUAL", "MANUAL", "MANUAL", "MANUAL", "MANUAL", "MANUAL", "MANUAL", "MANUAL", "MANUAL", "MANUAL", "MANUAL", "MANUAL"], "lat_deg": [0.0, 0.0, 0.0, 0.0, 0.0, 0.0, 0.0, 0.0, 0.0, 0.0, 0.0, 0.0, 0.0, 0.0, 0.0, 0.0, 0.0, 0.0, 0.0, 0.0], "lng_deg": [0.0, 0.0, 0.0, 0.0, 0.0, 0.0, 0.0, 0.0, 0.0, 0.0, 0.0, 0.0, 0.0, 0.0, 0.0, 0.0, 0.0, 0.0, 0.0, 0.0], "abs_alt_m": [0.0, 0.0, 0.0, 0.0, 0.0, 0.0, 0.0, 0.0, 0.0, 0.0, 0.0, 0.0, 0.0, 0.0, 0.0, 0.0, 0.0, 0.0, 0.0, 0.0], "rel_alt_m": [0.0, 0.0, 0.0, 0.0, 0.0, 0.0, 0.0, 0.0, 0.0, 0.0, 0.0, 0.0, 0.0, 0.0, 0.0, 0.0, 0.0, 0.0, 0.0, 0.0], "x_m": [0.0, 0.019686654210090637, 0.024259796366095543, 0.02712559700012207, 0.03148161619901657, 0.034138668328523636, 0.037919193506240845, 0.040801532566547394, 0.04467461630702019, 0.04683251678943634, 0.04881373792886734, 0.05003421753644943, 0.051717281341552734, 0.05329004302620888, 0.05446838214993477, 0.05575728788971901, 0.05664582550525665, 0.05763528123497963, 0.05692605674266815, 0.05672120675444603], "y_m": [0.0, -0.06217155605554581, -0.06288821995258331, -0.06053564324975014, -0.05970640853047371, -0.057807356119155884, -0.05860697478055954, -0.058720264583826065, -0.057890139520168304, -0.05774557963013649, -0.06136731430888176, -0.06299571692943573, -0.06527373939752579, -0.06760620325803757, -0.07038062065839767, -0.07056750357151031, -0.07219177484512329, -0.070804163813591, -0.06754609197378159, -0.06482397764921188], "pitch_deg": [0.0, -4.523804664611816, -4.290396213531494, -4.350773334503174, -4.351245403289795, -4.434379577636719, -4.4893951416015625, -4.604794502258301, -4.347390174865723, -4.158849239349365, -4.452528476715088, -4.352847099304199, -4.343096733093262, -4.243353366851807, -4.387755870819092, -4.274626731872559, -4.509763717651367, -4.444235801696777, -4.454352855682373, -4.439082145690918], "roll_deg": [0.0, -5.116922378540039, -4.705373287200928, -4.933328628540039, -4.600142478942871, -4.547080039978027, -4.322929382324219, -3.9388678073883057, -4.443395614624023, -4.392107963562012, -4.07330846786499, -4.091827392578125, -4.246273517608643, -4.133039474487305, -3.9415597915649414, -4.345293998718262, -4.225302696228027, -4.447865962982178, -4.454376220703125, -4.480387210845947], "yaw_deg": [0.0, -165.0773162841797, -165.22283935546875, -165.33580017089844, -165.59942626953125, -165.63389587402344, -165.64901733398438, -165.70677185058594, -165.85302734375, -166.26254272460938, -166.36349487304688, -166.42076110839844, -166.5392303466797, -166.5635986328125, -166.67034912109375, -166.75994873046875, -166.61268615722656, -166.6710205078125, -166.73678588867188, -166.8351287841797], "lidar": [-1, -1, -1, -1, -1, -1, -1, -1, -1, -1, -1, -1, -1, -1, -1, -1, -1, -1, -1, -1], "target point": [[null, null, null], [null, null, null], [null, null, null], [null, null, null], [null, null, null], [null, null, null], [null, null, null], [null, null, null], [null, null, null], [null, null, null], [null, null, null], [null, null, null], [null, null, null], [null, null, null], [null, null, null], [null, null, null], [null, null, null], [null, null, null], [null, null, null], [null, null, null]], "unix time": [0.0, 0.0, 0.0, 0.0, 0.0, 0.0, 0.0, 0.0, 0.0, 0.0, 0.0, 0.0, 0.0, 0.0, 0.0, 0.0, 0.0, 0.0, 0.0, 0.0]}