{"mode": ["0.0", "0.0", "MANUAL", "MANUAL", "MANUAL", "MANUAL", "MANUAL", "MANUAL", "MANUAL"], "lat_deg": [0.0, 0.0, 0.0, 0.0, 0.0, 0.0, 0.0, 0.0, 0.0], "lng_deg": [0.0, 0.0, 0.0, 0.0, 0.0, 0.0, 0.0, 0.0, 0.0], "abs_alt_m": [0.0, 0.0, 0.0, 0.0, 0.0, 0.0, 0.0, 0.0, 0.0], "rel_alt_m": [0.0, 0.0, 0.0, 0.0, 0.0, 0.0, 0.0, 0.0, 0.0], "x_m": [0.0, 0.012158486060798168, 0.020924219861626625, 0.035048868507146835, 0.047011472284793854, 0.052061013877391815, 0.051981955766677856, 0.04822332784533501, 0.02628432586789131], "y_m": [0.0, 0.0006612095749005675, 0.0014747747918590903, 0.002280916552990675, 0.0035755399148911238, 0.005537605844438076, 0.007612576708197594, 0.008996129035949707, 0.006485858466476202], "pitch_deg": [0.0, -2.1997475624084473, -2.1325972080230713, -2.146801710128784, -2.126344680786133, -2.121612071990967, -2.131343126296997, -2.124732255935669, -2.151599407196045], "roll_deg": [0.0, -0.8461569547653198, -0.9054659605026245, -0.8763599395751953, -0.875220775604248, -0.9022567272186279, -0.8950450420379639, -0.9027367830276489, -0.9169637560844421], "yaw_deg": [0.0, -144.40902709960938, -144.3856658935547, -144.35443115234375, -144.31861877441406, -144.29298400878906, -144.26748657226562, -144.23870849609375, -144.20957946777344], "lidar": [-1, -1, -1, -1, -1, -1, -1, -1, -1], "target point": [[null, null, null], [null, null, null], [null, null, null], [null, null, null], [null, null, null], [null, null, null], [null, null, null], [null, null, null], [null, null, null]], "unix time": [0.0, 0.0, 0.0, 0.0, 0.0, 0.0, 0.0, 0.0, 0.0]}