{"mode": ["0.0", "0.0", "MANUAL", "MANUAL", "MANUAL", "MANUAL", "MANUAL", "MANUAL", "MANUAL", "MANUAL", "MANUAL"], "lat_deg": [0.0, 40.6525478, 40.6525472, 40.6525465, 40.652546, 40.652545499999995, 40.652544999999996, 40.6525447, 40.6525444, 40.6525441, 40.6525438], "lng_deg": [0.0, -119.3542178, -119.3542167, -119.3542155, -119.3542147, -119.3542138, -119.3542129, -119.3542123, -119.3542119, -119.3542112, -119.35421059999999], "abs_alt_m": [0.0, 1180.3150634765625, 1180.299072265625, 1180.2921142578125, 1180.291015625, 1180.2840576171875, 1180.287109375, 1180.279052734375, 1180.2750244140625, 1180.27001953125, 1180.2640380859375], "rel_alt_m": [0.0, -1.4820001125335693, -1.4980000257492065, -1.505000114440918, -1.50600004196167, -1.5120000839233398, -1.5100001096725464, -1.5180001258850098, -1.5210000276565552, -1.5260000228881836, -1.533000111579895], "x_m": [0.0, 2.7469756603240967, 2.686171054840088, 2.6195290088653564, 2.563951253890991, 2.5069379806518555, 2.4524388313293457, 2.414276123046875, 2.382295846939087, 2.346581220626831, 2.314892053604126], "y_m": [0.0, 0.7274747490882874, 0.8133777379989624, 0.9086624383926392, 0.9769890308380127, 1.0493649244308472, 1.1227678060531616, 1.1730186939239502, 1.2143243551254272, 1.2670093774795532, 1.323714256286621], "pitch_deg": [0.0, -2.2364559173583984, -2.2461507320404053, -2.2385003566741943, -2.241358995437622, -2.2578556537628174, -2.2430741786956787, -2.24110746383667, -2.25394344329834, -2.256617546081543, -2.2401108741760254], "roll_deg": [0.0, -0.8032169938087463, -0.8024364709854126, -0.8038418292999268, -0.798065185546875, -0.8080297708511353, -0.8158861398696899, -0.8118104934692383, -0.8116296529769897, -0.8207903504371643, -0.8370636105537415], "yaw_deg": [0.0, -144.72714233398438, -144.73008728027344, -144.7320098876953, -144.7437286376953, -144.74908447265625, -144.75213623046875, -144.75408935546875, -144.765380859375, -144.77081298828125, -144.77407836914062], "lidar": [-1, -1, -1, -1, -1, -1, -1, -1, -1, -1, -1], "target point": [[null, null, null], [null, null, null], [null, null, null], [null, null, null], [null, null, null], [null, null, null], [null, null, null], [null, null, null], [null, null, null], [null, null, null], [null, null, null]], "unix time": [0.0, 1663223585682525, 1663223585682525, 1663223586682525, 1663223586682525, 1663223587680525, 1663223587680525, 1663223588680525, 1663223588680525, 1663223589680525, 1663223589680525]}