{"mode": ["0.0", "0.0", "MANUAL", "MANUAL", "MANUAL", "MANUAL", "MANUAL", "MANUAL"], "lat_deg": [0.0, 40.652491, 40.6524905, 40.65249, 40.6524895, 40.6524893, 40.6524892, 40.652489599999996], "lng_deg": [0.0, -119.35419119999999, -119.35419119999999, -119.35419089999999, -119.3541906, -119.3541906, -119.3541906, -119.3541906], "abs_alt_m": [0.0, 1179.3760986328125, 1179.3580322265625, 1179.3460693359375, 1179.3291015625, 1179.31005859375, 1179.2860107421875, 1179.2630615234375], "rel_alt_m": [0.0, -2.4210000038146973, -2.439000129699707, -2.450000047683716, -2.4680001735687256, -2.4860000610351562, -2.511000156402588, -2.5340001583099365], "x_m": [0.0, -3.556828737258911, -3.6080665588378906, -3.669525146484375, -3.720517873764038, -3.739096164703369, -3.748464584350586, -3.7105653285980225], "y_m": [0.0, 2.9581058025360107, 2.9580111503601074, 2.9821341037750244, 3.0053679943084717, 3.006848096847534, 3.0114755630493164, 3.0032379627227783], "pitch_deg": [0.0, -1.9803372621536255, -1.9975980520248413, -1.9993962049484253, -2.0100064277648926, -1.9988075494766235, -1.9826513528823853, -1.9472846984863281], "roll_deg": [0.0, -0.9512115716934204, -0.9396674633026123, -0.9562884569168091, -0.9570133686065674, -0.9372909069061279, -0.9245988130569458, -0.904330849647522], "yaw_deg": [0.0, -169.74302673339844, -169.74131774902344, -169.73948669433594, -169.73739624023438, -169.73675537109375, -169.73867797851562, -169.7371368408203], "lidar": [-1, -1, -1, -1, -1, -1, -1, -1], "target point": [[null, null, null], [null, null, null], [null, null, null], [null, null, null], [null, null, null], [null, null, null], [null, null, null], [null, null, null]], "unix time": [0.0, 0.0, 1663224084680525, 1663224084680525, 1663224085680525, 1663224085680525, 1663224086681525, 1663224086681525]}