{"mode": ["0.0", "MANUAL", "MANUAL", "MANUAL", "MANUAL", "MANUAL", "MANUAL"], "lat_deg": [0.0, 40.875029, 40.875029, 40.8750289, 40.8750289, 40.8750289, 40.8750289], "lng_deg": [0.0, -119.10989909999999, -119.10989909999999, -119.109899, -119.109899, -119.109899, -119.10989889999999], "abs_alt_m": [0.0, 1189.633056640625, 1189.6240234375, 1189.625, 1189.62109375, 1189.60302734375, 1189.5850830078125], "rel_alt_m": [0.0, 0.06300000101327896, 0.055000003427267075, 0.055000003427267075, 0.05100000277161598, 0.032999999821186066, 0.015000000596046448], "x_m": [0.0, 1.5392851829528809, 1.5362393856048584, 1.5316752195358276, 1.5303722620010376, 1.5273503065109253, 1.5236382484436035], "y_m": [0.0, -2.7961630821228027, -2.791743755340576, -2.7909488677978516, -2.7904765605926514, -2.784109354019165, -2.779660701751709], "pitch_deg": [0.0, 2.6970999240875244, 2.696385622024536, 2.6942789554595947, 2.6919143199920654, 2.7019331455230713, 2.6821773052215576], "roll_deg": [0.0, 1.4650226831436157, 1.4690645933151245, 1.4628084897994995, 1.4665167331695557, 1.4809517860412598, 1.4824306964874268], "yaw_deg": [0.0, 27.950334548950195, 28.08148193359375, 28.11534309387207, 28.13189697265625, 28.142419815063477, 28.129365921020508], "lidar": [-1, -1, -1, -1, -1, -1, -1], "target point": [[null, null, null], [null, null, null], [null, null, null], [null, null, null], [null, null, null], [null, null, null], [null, null, null]], "unix time": [0.0, 0.0, 1663250392907359, 1663250392907359, 1663250393904359, 1663250393904359, 1663250394905359]}