{"mode": ["0.0", "0.0", "MANUAL", "MANUAL", "MANUAL", "MANUAL", "MANUAL", "MANUAL", "MANUAL", "MANUAL", "MANUAL", "MANUAL", "MANUAL", "MANUAL", "MANUAL", "MANUAL", "MANUAL"], "lat_deg": [0.0, 40.8750283, 40.8750284, 40.8750284, 40.8750284, 40.8750284, 40.8750284, 40.8750284, 40.8750285, 40.8750286, 40.8750286, 40.8750285, 40.8750284, 40.8750284, 40.8750284, 40.8750285, 40.8750285], "lng_deg": [0.0, -119.10990269999999, -119.1099026, -119.10990249999999, -119.1099024, -119.1099023, -119.1099021, -119.10990199999999, -119.10990199999999, -119.10990199999999, -119.10990199999999, -119.10990199999999, -119.1099019, -119.1099019, -119.1099019, -119.1099019, -119.1099019], "abs_alt_m": [0.0, 1189.614013671875, 1189.611083984375, 1189.60107421875, 1189.58203125, 1189.5670166015625, 1189.5330810546875, 1189.5380859375, 1189.570068359375, 1189.590087890625, 1189.6051025390625, 1189.5941162109375, 1189.5880126953125, 1189.60400390625, 1189.6160888671875, 1189.625, 1189.6361083984375], "rel_alt_m": [0.0, 0.04400000348687172, 0.04100000113248825, 0.03100000135600567, 0.012000000104308128, -0.0020000000949949026, -0.036000002175569534, -0.03100000135600567, 0.0, 0.020000001415610313, 0.03500000014901161, 0.024000000208616257, 0.018000001087784767, 0.03400000184774399, 0.046000003814697266, 0.055000003427267075, 0.06599999964237213], "x_m": [0.0, 1.4635509252548218, 1.4704272747039795, 1.4770582914352417, 1.477060079574585, 1.4749114513397217, 1.4682103395462036, 1.4731942415237427, 1.4837257862091064, 1.4914767742156982, 1.4919549226760864, 1.4797643423080444, 1.4770238399505615, 1.4769259691238403, 1.479386568069458, 1.4830623865127563, 1.488139033317566], "y_m": [0.0, -3.097843647003174, -3.0906546115875244, -3.084057331085205, -3.072275161743164, -3.059866428375244, -3.0441038608551025, -3.0403096675872803, -3.043086290359497, -3.043881416320801, -3.0420122146606445, -3.035679817199707, -3.030951499938965, -3.031331777572632, -3.0304114818573, -3.0306577682495117, -3.034698963165283], "pitch_deg": [0.0, 2.6240885257720947, 2.639521837234497, 2.6261675357818604, 2.644373655319214, 2.6445631980895996, 2.638317346572876, 2.651618003845215, 2.6443192958831787, 2.65657901763916, 2.6633853912353516, 2.662041425704956, 2.6763668060302734, 2.6624603271484375, 2.6712844371795654, 2.6630825996398926, 2.669511079788208], "roll_deg": [0.0, 1.479882836341858, 1.4835761785507202, 1.4760024547576904, 1.495405912399292, 1.4983179569244385, 1.5099061727523804, 1.5017143487930298, 1.4848088026046753, 1.4839141368865967, 1.481029748916626, 1.489060401916504, 1.4898167848587036, 1.486188530921936, 1.4847095012664795, 1.4829031229019165, 1.4795374870300293], "yaw_deg": [0.0, 28.029630661010742, 28.119474411010742, 28.13628578186035, 28.157564163208008, 28.16118812561035, 28.149581909179688, 28.165639877319336, 28.172988891601562, 28.1546573638916, 28.152198791503906, 28.166353225708008, 28.155620574951172, 28.143007278442383, 28.161148071289062, 28.13721466064453, 28.11977195739746], "lidar": [-1, -1, -1, -1, -1, -1, -1, -1, -1, -1, -1, -1, -1, -1, -1, -1, -1], "target point": [[null, null, null], [null, null, null], [null, null, null], [null, null, null], [null, null, null], [null, null, null], [null, null, null], [null, null, null], [null, null, null], [null, null, null], [null, null, null], [null, null, null], [null, null, null], [null, null, null], [null, null, null], [null, null, null], [null, null, null]], "unix time": [0.0, 0.0, 1663250430906359, 1663250430906359, 1663250431907359, 1663250431907359, 1663250432907359, 1663250432907359, 1663250433907359, 1663250433907359, 1663250434906359, 1663250434906359, 1663250435906359, 1663250435906359, 1663250436905359, 1663250436905359, 1663250437908359]}