{"mode": ["0.0", "0.0", "MANUAL", "MANUAL"], "lat_deg": [0.0, 40.875029399999995, 40.875029399999995, 40.8750295], "lng_deg": [0.0, -119.1099036, -119.10990369999999, -119.10990369999999], "abs_alt_m": [0.0, 1189.675048828125, 1189.694091796875, 1189.696044921875], "rel_alt_m": [0.0, 0.0020000000949949026, 0.020000001415610313, 0.023000001907348633], "x_m": [0.0, 1.5834280252456665, 1.5896319150924683, 1.5962783098220825], "y_m": [0.0, -3.171856641769409, -3.179500102996826, -3.1843602657318115], "pitch_deg": [0.0, 2.650834798812866, 2.4702703952789307, 2.5805892944335938], "roll_deg": [0.0, 1.4635599851608276, 1.6337946653366089, 1.585615634918213], "yaw_deg": [0.0, 28.40247344970703, 30.74497413635254, 31.349531173706055], "lidar": [-1, -1, -1, -1], "target point": [[null, null, null], [null, null, null], [null, null, null], [null, null, null]], "unix time": [0.0, 1663250448905359, 1663250448905359, 1663250449905359]}