{"mode": ["0.0", "0.0", "HOLD", "HOLD", "HOLD", "HOLD"], "lat_deg": [0.0, 40.8750285, 40.8750284, 40.8750283, 40.8750283, 40.8750283], "lng_deg": [0.0, -119.1099077, -119.10990779999999, -119.10990779999999, -119.1099079, -119.10990799999999], "abs_alt_m": [0.0, 1189.5640869140625, 1189.5660400390625, 1189.550048828125, 1189.550048828125, 1189.56201171875], "rel_alt_m": [0.0, -0.10900000482797623, -0.10600000619888306, -0.12300000339746475, -0.12300000339746475, -0.11000000685453415], "x_m": [0.0, 1.4794790744781494, 1.4696389436721802, 1.460205078125, 1.4611291885375977, 1.4640350341796875], "y_m": [0.0, -3.524240493774414, -3.525463342666626, -3.5259768962860107, -3.5351428985595703, -3.544290781021118], "pitch_deg": [0.0, 2.6577112674713135, 2.670337438583374, 2.6656298637390137, 2.647249221801758, 2.6572206020355225], "roll_deg": [0.0, 1.5018768310546875, 1.5198028087615967, 1.519295573234558, 1.5021313428878784, 1.5069676637649536], "yaw_deg": [0.0, 30.683496475219727, 30.632734298706055, 30.575944900512695, 30.574533462524414, 30.57356834411621], "lidar": [-1, -1, -1, -1, -1, -1], "target point": [[null, null, null], [null, null, null], [null, null, null], [null, null, null], [null, null, null], [null, null, null]], "unix time": [0.0, 1663250465905359, 1663250465905359, 1663250466904359, 1663250466904359, 1663250467906359]}