{"mode": ["0.0", "0.0", "HOLD", "HOLD", "HOLD", "HOLD"], "lat_deg": [0.0, 40.8750298, 40.875029999999995, 40.8750302, 40.8750303, 40.8750303], "lng_deg": [0.0, -119.10990749999999, -119.10990779999999, -119.1099081, -119.10990819999999, -119.10990819999999], "abs_alt_m": [0.0, 1189.6190185546875, 1189.634033203125, 1189.635009765625, 1189.634033203125, 1189.6361083984375], "rel_alt_m": [0.0, -0.05400000140070915, -0.03800000250339508, -0.03700000047683716, -0.03800000250339508, -0.036000002175569534], "x_m": [0.0, 1.6282440423965454, 1.6555298566818237, 1.6700578927993774, 1.6814807653427124, 1.6906483173370361], "y_m": [0.0, -3.504230499267578, -3.5316216945648193, -3.55291485786438, -3.5599544048309326, -3.559814214706421], "pitch_deg": [0.0, 2.642378807067871, 2.673872709274292, 2.6689374446868896, 2.673696517944336, 2.6852853298187256], "roll_deg": [0.0, 1.4612298011779785, 1.4513291120529175, 1.4525030851364136, 1.460656762123108, 1.4773738384246826], "yaw_deg": [0.0, 30.374853134155273, 30.340341567993164, 30.300697326660156, 30.311540603637695, 30.3049259185791], "lidar": [-1, -1, -1, -1, -1, -1], "target point": [[null, null, null], [null, null, null], [null, null, null], [null, null, null], [null, null, null], [null, null, null]], "unix time": [0.0, 1663250478905359, 1663250478905359, 1663250479905359, 1663250479905359, 1663250480905359]}