{"mode": ["0.0", "HOLD", "HOLD", "HOLD"], "lat_deg": [0.0, 40.8750344, 40.8750344, 40.875034299999996], "lng_deg": [0.0, -119.1099077, -119.1099077, -119.1099077], "abs_alt_m": [0.0, 1188.8131103515625, 1188.8150634765625, 1188.819091796875], "rel_alt_m": [0.0, 0.0, 0.003000000026077032, 0.007000000216066837], "x_m": [0.0, 0.40657931566238403, 0.40301188826560974, 0.3948831260204315], "y_m": [0.0, -0.131444051861763, -0.1297946572303772, -0.1280824989080429], "pitch_deg": [0.0, 3.0903844833374023, 3.0727717876434326, 3.090372085571289], "roll_deg": [0.0, 1.660102367401123, 1.648910403251648, 1.654850959777832], "yaw_deg": [0.0, 21.621910095214844, 21.701709747314453, 21.78582000732422], "lidar": [-1, -1, -1, -1], "target point": [[null, null, null], [null, null, null], [null, null, null], [null, null, null]], "unix time": [0.0, 1663250594808585, 1663250594808585, 1663250595807585]}