{"mode": ["0.0", "0.0", "HOLD", "HOLD", "HOLD", "HOLD", "HOLD", "HOLD", "HOLD", "HOLD", "TAKEOFF", "TAKEOFF", "TAKEOFF", "TAKEOFF", "TAKEOFF", "TAKEOFF", "TAKEOFF", "TAKEOFF", "HOLD", "HOLD", "HOLD", "HOLD", "HOLD", "HOLD", "HOLD", "HOLD", "HOLD", "HOLD", "HOLD", "HOLD", "LAND", "LAND", "LAND", "LAND", "LAND", "LAND", "LAND", "LAND", "LAND", "LAND", "LAND", "LAND", "LAND", "LAND", "LAND", "LAND", "LAND", "LAND", "LAND", "LAND", "LAND", "LAND", "LAND", "LAND", "LAND", "LAND"], "lat_deg": [0.0, 40.875033699999996, 40.875033599999995, 40.8750335, 40.8750335, 40.8750335, 40.8750335, 40.8750335, 40.8750335, 40.8750334, 40.8750334, 40.8750334, 40.875033599999995, 40.8750341, 40.8750351, 40.8750358, 40.875036099999996, 40.8750362, 40.8750362, 40.8750362, 40.875036099999996, 40.8750357, 40.8750353, 40.8750351, 40.8750352, 40.8750353, 40.8750352, 40.8750352, 40.8750352, 40.8750353, 40.8750357, 40.875036099999996, 40.8750365, 40.8750368, 40.8750369, 40.8750368, 40.8750366, 40.8750362, 40.875036099999996, 40.875036099999996, 40.875036099999996, 40.875036099999996, 40.875036, 40.8750359, 40.8750359, 40.8750359, 40.8750359, 40.8750358, 40.8750358, 40.8750358, 40.8750358, 40.8750358, 40.8750356, 40.8750357, 40.8750358, 40.8750357], "lng_deg": [0.0, -119.1099077, -119.10990779999999, -119.10990779999999, -119.10990779999999, -119.10990779999999, -119.1099079, -119.1099079, -119.1099079, -119.1099077, -119.10990749999999, -119.1099076, -119.1099076, -119.1099079, -119.1099088, -119.10990899999999, -119.1099089, -119.1099084, -119.1099077, -119.10990729999999, -119.10990699999999, -119.10990679999999, -119.1099069, -119.10990729999999, -119.1099077, -119.10990799999999, -119.1099084, -119.10990849999999, -119.1099084, -119.1099081, -119.10990779999999, -119.10990749999999, -119.10990699999999, -119.1099069, -119.10990679999999, -119.10990679999999, -119.10990729999999, -119.1099079, -119.10990799999999, -119.10990799999999, -119.1099079, -119.1099079, -119.1099081, -119.1099081, -119.1099081, -119.1099084, -119.1099086, -119.1099088, -119.10990869999999, -119.1099086, -119.1099086, -119.1099086, -119.1099084, -119.10990849999999, -119.1099084, -119.1099086], "abs_alt_m": [0.0, 1188.80908203125, 1188.820068359375, 1188.8260498046875, 1188.8291015625, 1188.8370361328125, 1188.85009765625, 1188.8570556640625, 1188.8660888671875, 1188.85400390625, 1188.85302734375, 1188.885009765625, 1189.0531005859375, 1189.321044921875, 1189.7969970703125, 1190.320068359375, 1190.964111328125, 1191.4281005859375, 1191.6361083984375, 1191.76806640625, 1191.8040771484375, 1191.8260498046875, 1191.842041015625, 1191.8760986328125, 1191.8780517578125, 1191.905029296875, 1192.214111328125, 1192.447998046875, 1192.5020751953125, 1192.405029296875, 1192.0760498046875, 1191.748046875, 1191.342041015625, 1190.87109375, 1190.39599609375, 1189.905029296875, 1189.4180908203125, 1189.177001953125, 1189.008056640625, 1188.947998046875, 1188.904052734375, 1188.882080078125, 1188.8690185546875, 1188.8460693359375, 1188.818115234375, 1188.787109375, 1188.76806640625, 1188.7640380859375, 1188.7630615234375, 1188.7611083984375, 1188.7740478515625, 1188.780029296875, 1188.76708984375, 1188.77001953125, 1188.7830810546875, 1188.7890625], "rel_alt_m": [0.0, -0.0020000000949949026, 0.00800000037997961, 0.014000000432133675, 0.017000000923871994, 0.024000000208616257, 0.03700000047683716, 0.005000000353902578, 0.015000000596046448, 0.003000000026077032, 0.0, 0.03200000151991844, 0.20100000500679016, 0.46800002455711365, 0.9440000653266907, 1.467000126838684, 2.111999988555908, 2.575000047683716, 2.7830002307891846, 2.9150002002716064, 2.952000141143799, 2.9730000495910645, 2.9900002479553223, 3.0230002403259277, 3.0260002613067627, 3.052000045776367, 3.3620002269744873, 3.5950002670288086, 3.6490001678466797, 3.5520002841949463, 3.2240002155303955, 2.8950002193450928, 2.489000082015991, 2.0180001258850098, 1.5440000295639038, 1.0520000457763672, 0.5660000443458557, 0.3240000009536743, 0.1550000011920929, 0.0950000062584877, 0.05100000277161598, 0.029000001028180122, 0.01600000075995922, -0.006000000052154064, -0.032999999821186066, -0.06400000303983688, -0.08400000631809235, -0.08800000697374344, -0.08900000154972076, -0.09000000357627869, -0.07800000160932541, -0.07200000435113907, -0.08500000089406967, -0.08100000023841858, -0.06800000369548798, -0.06200000271201134], "x_m": [0.0, 0.32188931107521057, 0.3167772889137268, 0.30993014574050903, 0.3064813017845154, 0.30502912402153015, 0.30913957953453064, 0.308034747838974, 0.3053220808506012, 0.29545336961746216, 0.29380908608436584, 0.29448381066322327, 0.32535573840141296, 0.3791968822479248, 0.4745168685913086, 0.5592691898345947, 0.5967918038368225, 0.6008862853050232, 0.6032772660255432, 0.6105910539627075, 0.591732382774353, 0.5504952073097229, 0.5076318979263306, 0.48430389165878296, 0.49508237838745117, 0.5015522241592407, 0.49775996804237366, 0.4954530894756317, 0.4984632730484009, 0.5102767944335938, 0.5461808443069458, 0.5995849967002869, 0.6424187421798706, 0.673316478729248, 0.684695303440094, 0.6745713353157043, 0.6451367139816284, 0.5993394255638123, 0.5958958268165588, 0.5982418060302734, 0.5926568508148193, 0.5907942652702332, 0.584283173084259, 0.5768707394599915, 0.5727947354316711, 0.5747791528701782, 0.5745119452476501, 0.5673200488090515, 0.5629446506500244, 0.565008819103241, 0.559763491153717, 0.5549737811088562, 0.5423547625541687, 0.5480476021766663, 0.5562053322792053, 0.5531426072120667], "y_m": [0.0, -0.1313171088695526, -0.13621504604816437, -0.13944146037101746, -0.14020408689975739, -0.1432620882987976, -0.14815117418766022, -0.15020908415317535, -0.15038757026195526, -0.13114576041698456, -0.11529938876628876, -0.1226811334490776, -0.1247471421957016, -0.15901082754135132, -0.2227262407541275, -0.24181769788265228, -0.2326280027627945, -0.18631431460380554, -0.13235709071159363, -0.09572456777095795, -0.06645466387271881, -0.05656993016600609, -0.06888853013515472, -0.09849414229393005, -0.13233551383018494, -0.15708781778812408, -0.18868596851825714, -0.19903793931007385, -0.1898641586303711, -0.1659238189458847, -0.13430386781692505, -0.1100451871752739, -0.07424772530794144, -0.06041903421282768, -0.05855579674243927, -0.0583820678293705, -0.1102660596370697, -0.15360793471336365, -0.15372997522354126, -0.1544073075056076, -0.1440562605857849, -0.1450577825307846, -0.16450394690036774, -0.16350752115249634, -0.168575257062912, -0.1957584023475647, -0.2095842957496643, -0.22063298523426056, -0.21757206320762634, -0.21008192002773285, -0.20515260100364685, -0.20417089760303497, -0.18473505973815918, -0.19331249594688416, -0.19444935023784637, -0.2072998285293579], "pitch_deg": [0.0, 3.056774616241455, 3.0625054836273193, 3.0432424545288086, 3.053257465362549, 3.0365259647369385, 3.035574197769165, 3.1237387657165527, 2.9860353469848633, 2.1672565937042236, 0.7852791547775269, 0.029200784862041473, 0.7796758413314819, 1.4389028549194336, 2.0877742767333984, 2.1719820499420166, 2.318173408508301, 2.6123123168945312, 2.9804930686950684, 3.2271289825439453, 3.430298089981079, 2.4365556240081787, 2.1398825645446777, 2.042712688446045, 2.329691171646118, 2.143327236175537, 1.976395606994629, 2.2305402755737305, 2.155552625656128, 1.470861792564392, 2.686389923095703, 3.4286954402923584, 3.3978111743927, 3.785491704940796, 3.834811210632324, 3.8265795707702637, 2.915468215942383, 3.959691286087036, -0.007208794821053743, -1.0752447843551636, -0.6062544584274292, -0.7248319387435913, -0.042327165603637695, -0.28438887000083923, 0.25893664360046387, 0.3300984501838684, 0.2316960096359253, 0.113919198513031, -0.18593646585941315, -0.2970283329486847, -0.4931780993938446, -0.13142959773540497, -4.437870979309082, -2.5143649578094482, -2.5675857067108154, -2.523498296737671],