{"mode": ["0.0", "MANUAL", "MANUAL", "HOLD"], "lat_deg": [0.0, 40.870556099999995, 40.870556099999995, 40.870556099999995], "lng_deg": [0.0, -119.1046683, -119.1046686, -119.1046689], "abs_alt_m": [0.0, 1188.9150390625, 1188.916015625, 1188.9110107421875], "rel_alt_m": [0.0, 0.010000000707805157, 0.010000000707805157, 0.006000000052154064], "x_m": [0.0, -2.4060921669006348, -2.404888153076172, -2.404041051864624], "y_m": [0.0, 1.6081583499908447, 1.5821247100830078, 1.560760259628296], "pitch_deg": [0.0, 33.928279876708984, 33.9017333984375, 34.118492126464844], "roll_deg": [0.0, -4.682738304138184, -4.631290912628174, -4.83662748336792], "yaw_deg": [0.0, -13.405797004699707, -13.22850227355957, -13.041457176208496], "lidar": [-1, -1, -1, -1], "target point": [[null, null, null], [null, null, null], [null, null, null], [null, null, null]], "unix time": [0.0, 1663252210817355, 1663252210817355, 1663252211820355]}