{"lat_deg": [0.0, 40.870555499999995, 40.870555599999996, 40.8705557, 40.8705559, 40.870556099999995, 40.8705563, 40.8705564, 40.8705565, 40.8705567, 40.870556799999996, 40.8705569, 40.870557, 40.8705572, 40.8705573, 40.8705573, 40.8705573, 40.8705573, 40.8705573, 40.8705575, 40.8705577, 40.8705576, 40.8705578, 40.870557999999996, 40.870557999999996, 40.8705582, 40.8705582, 40.8705581, 40.8705581, 40.8705581, 40.8705583, 40.8705584, 40.8705583, 40.8705584, 40.8705585, 40.8705585, 40.870558599999995, 40.8705585, 40.8705585, 40.8705587, 40.870559, 40.8705591, 40.8705594, 40.8705594, 40.8705595, 40.8705597, 40.870559799999995, 40.870559799999995, 40.8705597, 40.8705595, 40.870559799999995, 40.870559899999996, 40.87056, 40.8705602, 40.870560499999996, 40.8705606, 40.8705607, 40.8705608, 40.8705609, 40.8705612, 40.8705615, 40.8705619, 40.870562299999996, 40.870562799999995, 40.870563399999995, 40.870564099999996, 40.8705648, 40.8705655, 40.8705662, 40.870566499999995, 40.8705673, 40.8705681, 40.8705686, 40.870568999999996, 40.870568999999996, 40.8705691, 40.8705694, 40.8705697, 40.8705699, 40.870570099999995, 40.8705704, 40.8705706, 40.870570699999995, 40.870570799999996], "lng_deg": [0.0, -119.10467709999999, -119.1046772, -119.10467729999999, -119.10467729999999, -119.1046772, -119.104677, -119.1046769, -119.1046769, -119.1046769, -119.104677, -119.104677, -119.104677, -119.1046769, -119.1046768, -119.1046768, -119.1046768, -119.1046768, -119.1046768, -119.1046769, -119.10467709999999, -119.1046772, -119.1046772, -119.10467729999999, -119.10467759999999, -119.10467779999999, -119.10467799999999, -119.1046781, -119.1046781, -119.10467779999999, -119.1046779, -119.10467779999999, -119.10467759999999, -119.10467759999999, -119.10467759999999, -119.10467759999999, -119.1046775, -119.10467759999999, -119.10467759999999, -119.10467759999999, -119.10467799999999, -119.1046784, -119.10467969999999, -119.10468069999999, -119.1046805, -119.1046803, -119.10468039999999, -119.10468039999999, -119.1046805, -119.10468039999999, -119.10468019999999, -119.1046801, -119.1046799, -119.1046798, -119.1046798, -119.10467969999999, -119.1046796, -119.1046793, -119.1046791, -119.1046791, -119.1046789, -119.1046784, -119.10467799999999, -119.1046775, -119.1046769, -119.10467609999999, -119.10467519999999, -119.1046745, -119.10467369999999, -119.10467299999999, -119.10467249999999, -119.104672, -119.10467159999999, -119.1046715, -119.10467109999999, -119.1046708, -119.1046705, -119.1046702, -119.1046698, -119.1046695, -119.104669, -119.10466849999999, -119.10466819999999, -119.1046679], "rel_alt_m": [0.0, -0.07700000703334808, -0.0690000057220459, -0.07200000435113907, -0.07300000637769699, -0.07300000637769699, -0.05900000408291817, -0.04800000041723251, -0.03800000250339508, -0.03500000014901161, -0.04200000315904617, -0.04700000211596489, -0.036000002175569534, -0.02200000174343586, -0.014000000432133675, -0.018000001087784767, -0.015000000596046448, -0.005000000353902578, 0.0020000000949949026, 0.02800000086426735, 0.05300000309944153, 0.02500000037252903, 0.012000000104308128, -0.010000000707805157, -0.06100000441074371, -0.11100000888109207, -0.14500001072883606, -0.16700001060962677, -0.17800000309944153, -0.1810000091791153, -0.20000000298023224, -0.18900001049041748, -0.17800000309944153, -0.17900000512599945, -0.18700000643730164, -0.1810000091791153, -0.17100000381469727, -0.1680000126361847, -0.14900000393390656, -0.1380000114440918, -0.16700001060962677, -0.1860000044107437, -0.1860000044107437, -0.20100000500679016, -0.19600000977516174, -0.17800000309944153, -0.0010000000474974513, -0.014000000432133675, -0.03700000047683716, -0.08500000089406967, -0.10700000822544098, -0.10400000214576721, -0.07700000703334808, 0.18400001525878906, 0.5460000038146973, 0.5410000085830688, 0.5040000081062317, 0.47600001096725464, 0.41600000858306885, 0.3570000231266022, 0.3160000145435333, 0.2900000214576721, 0.2590000033378601, -0.02200000174343586, -0.015000000596046448, -0.009000000543892384, 0.0020000000949949026, 0.003000000026077032, 0.009000000543892384, 0.036000002175569534, 0.05000000074505806, 0.0690000057220459, 0.13100001215934753, 0.17800000309944153, 0.2410000115633011, 0.27900001406669617, 0.3060000240802765, 0.33400002121925354, 0.36100003123283386, 0.36900001764297485, 0.3720000088214874, 0.38600000739097595, 0.39900001883506775, 0.4180000126361847], "lidar": [-1, -1, -1, -1, -1, -1, -1, -1, -1, -1, -1, -1, -1, -1, -1, -1, -1, -1, -1, -1, -1, -1, -1, -1, -1, -1, -1, -1, -1, -1, -1, -1, -1, -1, -1, -1, -1, -1, -1, -1, -1, -1, -1, -1, -1, -1, -1, -1, -1, -1, -1, -1, -1, -1, -1, -1, -1, -1, -1, -1, -1, -1, -1, -1, -1, -1, -1, -1, -1, -1, -1, -1, -1, -1, -1, -1, -1, -1, -1, -1, -1, -1, -1, -1], "target point": [[40.900511, -119.079115, 200.0], [40.900511, -119.079115, 200.0], [40.900511, -119.079115, 200.0], [40.900511, -119.079115, 200.0], [40.900511, -119.079115, 200.0], [40.900511, -119.079115, 200.0], [40.900511, -119.079115, 200.0], [40.900511, -119.079115, 200.0], [40.900511, -119.079115, 200.0], [40.900511, -119.079115, 200.0], [40.900511, -119.079115, 200.0], [40.900511, -119.079115, 200.0], [40.900511, -119.079115, 200.0], [40.900511, -119.079115, 200.0], [40.900511, -119.079115, 200.0], [40.900511, -119.079115, 200.0], [40.900511, -119.079115, 200.0], [40.900511, -119.079115, 200.0], [40.900511, -119.079115, 200.0], [40.900511, -119.079115, 200.0], [40.900511, -119.079115, 200.0], [40.900511, -119.079115, 200.0], [40.900511, -119.079115, 200.0], [40.900511, -119.079115, 200.0], [40.900511, -119.079115, 200.0], [40.900511, -119.079115, 200.0], [40.900511, -119.079115, 200.0], [40.900511, -119.079115, 200.0], [40.900511, -119.079115, 200.0], [40.900511, -119.079115, 200.0], [40.900511, -119.079115, 200.0], [40.900511, -119.079115, 200.0], [40.900511, -119.079115, 200.0], [40.900511, -119.079115, 200.0], [40.900511, -119.079115, 200.0], [40.900511, -119.079115, 200.0], [40.900511, -119.079115, 200.0], [40.900511, -119.079115, 200.0], [40.900511, -119.079115, 200.0], [40.900511, -119.079115, 200.0], [40.900511, -119.079115, 200.0], [40.900511, -119.079115, 200.0], [40.900511, -119.079115, 200.0], [40.900511, -119.079115, 200.0], [40.900511, -119.079115, 200.0], [40.900511, -119.079115, 200.0], [40.900511, -119.079115, 200.0], [40.900511, -119.079115, 200.0], [40.900511, -119.079115, 200.0], [40.900511, -119.079115, 200.0], [40.900511, -119.079115, 200.0], [40.900511, -119.079115, 200.0], [40.900511, -119.079115, 200.0], [40.900511, -119.079115, 200.0], [40.900511, -119.079115, 200.0], [40.900511, -119.079115, 200.0], [40.900511, -119.079115, 200.0], [40.900511, -119.079115, 200.0], [40.900511, -119.079115, 200.0], [40.900511, -119.079115, 200.0], [40.900511, -119.079115, 200.0], [40.900511, -119.079115, 200.0], [40.900511, -119.079115, 200.0], [40.900511, -119.079115, 200.0], [40.900511, -119.079115, 200.0], [40.900511, -119.079115, 200.0], [40.900511, -119.079115, 200.0], [40.900511, -119.079115, 200.0], [40.900511, -119.079115, 200.0], [40.900511, -119.079115, 200.0], [40.900511, -119.079115, 200.0], [40.900511, -119.079115, 200.0], [40.900511, -119.079115, 200.0], [40.900511, -119.079115, 200.0], [40.900511, -119.079115, 200.0], [40.900511, -119.079115, 200.0], [40.900511, -119.079115, 200.0], [40.900511, -119.079115, 200.0], [40.900511, -119.079115, 200.0], [40.900511, -119.079115, 200.0], [40.900511, -119.079115, 200.0], [40.900511, -119.079115, 200.0], [40.900511, -119.079115, 200.0], [40.900511, -119.079115, 200.0]],