{"mode": ["0.0", "MANUAL", "MANUAL", "HOLD"], "lat_deg": [0.0, 40.8705466, 40.8705467, 40.8705467], "lng_deg": [0.0, -119.10466219999999, -119.1046619, -119.1046617], "abs_alt_m": [0.0, 1192.339111328125, 1192.35205078125, 1192.364013671875], "rel_alt_m": [0.0, 0.003000000026077032, 0.01600000075995922, 0.02800000086426735], "x_m": [0.0, 1.3551280498504639, 1.3639253377914429, 1.3661636114120483], "y_m": [0.0, 0.3885299563407898, 0.4090171456336975, 0.42725884914398193], "pitch_deg": [0.0, 8.274901390075684, 8.284290313720703, 8.272541046142578], "roll_deg": [0.0, -4.600545883178711, -4.594169616699219, -4.597856521606445], "yaw_deg": [0.0, 119.82168579101562, 119.98539733886719, 120.1485366821289], "lidar": [-1, -1, -1, -1], "target point": [[null, null, null], [null, null, null], [null, null, null], [null, null, null]], "unix time": [0.0, 1663254049012097, 1663254049012097, 1663254050009097]}