{"lat_deg": [0.0, 40.8705499, 40.87055, 40.87055, 40.870550099999996, 40.8705502, 40.8705503, 40.8705504, 40.8705505, 40.8705506, 40.870550699999995, 40.8705508, 40.8705509, 40.8705509, 40.870551, 40.8705512, 40.8705514, 40.870551999999996, 40.8705522, 40.870551999999996, 40.8705523, 40.8705523, 40.8705523, 40.870551999999996, 40.8705518, 40.8705516, 40.8705511, 40.8705508, 40.870550699999995, 40.8705508, 40.8705508, 40.8705509, 40.870551, 40.8705512, 40.870551299999995, 40.8705514, 40.8705515, 40.8705516, 40.8705517, 40.8705517, 40.8705517, 40.8705518, 40.8705518, 40.8705518, 40.8705518, 40.8705518, 40.8705518, 40.8705518, 40.8705518, 40.8705517, 40.8705516, 40.8705515, 40.870551299999995, 40.870551299999995, 40.8705512], "lng_deg": [0.0, -119.1046631, -119.1046633, -119.10466339999999, -119.1046636, -119.10466369999999, -119.1046638, -119.10466389999999, -119.104664, -119.1046641, -119.1046643, -119.10466439999999, -119.1046645, -119.1046647, -119.1046648, -119.10466489999999, -119.10466509999999, -119.1046655, -119.10466559999999, -119.1046659, -119.10466609999999, -119.10466609999999, -119.10466609999999, -119.1046666, -119.1046667, -119.1046665, -119.1046666, -119.10466749999999, -119.1046677, -119.1046679, -119.1046681, -119.1046684, -119.10466849999999, -119.1046686, -119.1046688, -119.1046689, -119.1046689, -119.1046688, -119.1046688, -119.1046688, -119.1046689, -119.1046689, -119.1046688, -119.1046688, -119.10466869999999, -119.10466849999999, -119.1046684, -119.10466819999999, -119.10466799999999, -119.1046679, -119.1046677, -119.1046676, -119.1046674, -119.1046672, -119.1046671], "rel_alt_m": [0.0, 0.010000000707805157, 0.015000000596046448, 0.015000000596046448, 0.010000000707805157, -0.003000000026077032, -0.005000000353902578, -0.006000000052154064, -0.005000000353902578, 0.003000000026077032, 0.006000000052154064, 0.0, 0.0, 0.0, -0.007000000216066837, 0.0, 0.012000000104308128, 0.055000003427267075, 0.06400000303983688, 0.08900000154972076, 0.09000000357627869, 0.09000000357627869, 0.09000000357627869, 0.07000000029802322, 0.058000002056360245, 0.04700000211596489, 0.02800000086426735, 0.05300000309944153, 0.04100000113248825, 0.017000000923871994, -0.006000000052154064, -0.010000000707805157, 0.0, 0.006000000052154064, 0.0, 0.0020000000949949026, 0.0, 0.004000000189989805, 0.006000000052154064, 0.012000000104308128, 0.02500000037252903, 0.03400000184774399, 0.05000000074505806, 0.06000000238418579, 0.06400000303983688, 0.06400000303983688, 0.06700000166893005, 0.07400000095367432, 0.07300000637769699, 0.07300000637769699, 0.07100000232458115, 0.07300000637769699, 0.07300000637769699, 0.0690000057220459, 0.06100000441074371], "lidar": [-1, -1, -1, -1, -1, -1, -1, -1, -1, -1, -1, -1, -1, -1, -1, -1, -1, -1, -1, -1, -1, -1, -1, -1, -1, -1, -1, -1, -1, -1, -1, -1, -1, -1, -1, -1, -1, -1, -1, -1, -1, -1, -1, -1, -1, -1, -1, -1, -1, -1, -1, -1, -1, -1, -1], "target point": [[40.900511, -119.079115, 200.0], [40.900511, -119.079115, 200.0], [40.900511, -119.079115, 200.0], [40.900511, -119.079115, 200.0], [40.900511, -119.079115, 200.0], [40.900511, -119.079115, 200.0], [40.900511, -119.079115, 200.0], [40.900511, -119.079115, 200.0], [40.900511, -119.079115, 200.0], [40.900511, -119.079115, 200.0], [40.900511, -119.079115, 200.0], [40.900511, -119.079115, 200.0], [40.900511, -119.079115, 200.0], [40.900511, -119.079115, 200.0], [40.900511, -119.079115, 200.0], [40.900511, -119.079115, 200.0], [40.900511, -119.079115, 200.0], [40.900511, -119.079115, 200.0], [40.900511, -119.079115, 200.0], [40.900511, -119.079115, 200.0], [40.900511, -119.079115, 200.0], [40.900511, -119.079115, 200.0], [40.900511, -119.079115, 200.0], [40.900511, -119.079115, 200.0], [40.900511, -119.079115, 200.0], [40.900511, -119.079115, 200.0], [40.900511, -119.079115, 200.0], [40.900511, -119.079115, 200.0], [40.900511, -119.079115, 200.0], [40.900511, -119.079115, 200.0], [40.900511, -119.079115, 200.0], [40.900511, -119.079115, 200.0], [40.900511, -119.079115, 200.0], [40.900511, -119.079115, 200.0], [40.900511, -119.079115, 200.0], [40.900511, -119.079115, 200.0], [40.900511, -119.079115, 200.0], [40.900511, -119.079115, 200.0], [40.900511, -119.079115, 200.0], [40.900511, -119.079115, 200.0], [40.900511, -119.079115, 200.0], [40.900511, -119.079115, 200.0], [40.900511, -119.079115, 200.0], [40.900511, -119.079115, 200.0], [40.900511, -119.079115, 200.0], [40.900511, -119.079115, 200.0], [40.900511, -119.079115, 200.0], [40.900511, -119.079115, 200.0], [40.900511, -119.079115, 200.0], [40.900511, -119.079115, 200.0], [40.900511, -119.079115, 200.0], [40.900511, -119.079115, 200.0], [40.900511, -119.079115, 200.0], [40.900511, -119.079115, 200.0], [40.900511, -119.079115, 200.0]], "unix time": [0.0, 0.0, 1663254067012097, 1663254067012097, 1663254068012097, 1663254068012097, 1663254069012097, 1663254069012097, 1663254070011097, 1663254070011097, 1663254071012097, 1663254071012097, 1663254072010097, 1663254072010097, 1663254073011097, 1663254073011097, 1663254074009097, 1663254074009097, 1663254075013097, 1663254075013097, 1663254076010097, 1663254076010097, 1663254077011097, 1663254077011097, 1663254078010097, 1663254079009097, 1663254079009097, 1663254080013097, 1663254080013097, 1663254081011097, 1663254081011097, 1663254082011097, 1663254082011097, 1663254083011097, 1663254083011097, 1663254084011097, 1663254084011097, 1663254085009097, 1663254085009097, 1663254086010097, 1663254086010097, 1663254087009097, 1663254087009097, 1663254088011097, 1663254088011097, 1663254089010097, 1663254089010097, 1663254090010097, 1663254090010097, 1663254091009097, 1663254091009097, 1663254092011097, 1663254092011097, 1663254093009097, 1663254093009097]}