{"mode": ["0.0", "0.0", "HOLD", "HOLD"], "lat_deg": [0.0, 40.8706507, 40.8706507, 40.8706508], "lng_deg": [0.0, -119.1045647, -119.1045647, -119.1045647], "abs_alt_m": [0.0, 1193.1080322265625, 1193.091064453125, 1193.0650634765625], "rel_alt_m": [0.0, 0.7770000100135803, 0.7600000500679016, 0.7350000143051147], "x_m": [0.0, 12.925582885742188, 12.929849624633789, 12.936223030090332], "y_m": [0.0, 8.580687522888184, 8.579656600952148, 8.582035064697266], "pitch_deg": [0.0, 2.8478400707244873, 2.838329315185547, 2.8393795490264893], "roll_deg": [0.0, 3.2644615173339844, 3.280773639678955, 3.286726236343384], "yaw_deg": [0.0, 29.419918060302734, 29.347476959228516, 29.276805877685547], "lidar": [-1, -1, -1, -1], "target point": [[null, null, null], [null, null, null], [null, null, null], [null, null, null]], "unix time": [0.0, 1663254510009097, 1663254510009097, 1663254511011097]}