{"mode": ["0.0", "MANUAL", "MANUAL", "HOLD"], "lat_deg": [0.0, 40.8706618, 40.8706618, 40.8706618], "lng_deg": [0.0, -119.10456649999999, -119.1045664, -119.10456649999999], "abs_alt_m": [0.0, 1191.135009765625, 1191.1270751953125, 1191.1290283203125], "rel_alt_m": [0.0, -0.014000000432133675, -0.02200000174343586, -0.020000001415610313], "x_m": [0.0, -0.15800759196281433, -0.15961599349975586, -0.15880483388900757], "y_m": [0.0, -0.0766458734869957, -0.07394714653491974, -0.07790447771549225], "pitch_deg": [0.0, 1.6750123500823975, 1.689551830291748, 1.6956162452697754], "roll_deg": [0.0, -1.2739959955215454, -1.2802624702453613, -1.293683409690857], "yaw_deg": [0.0, 34.47866439819336, 34.49530792236328, 34.508140563964844], "lidar": [-1, -1, -1, -1], "target point": [[null, null, null], [null, null, null], [null, null, null], [null, null, null]], "unix time": [0.0, 1663254650208267, 1663254650208267, 1663254651208267]}