{"mode": ["0.0", "MANUAL", "MANUAL", "MANUAL", "MANUAL", "MANUAL", "MANUAL", "MANUAL", "MANUAL", "MANUAL", "MANUAL", "MANUAL", "MANUAL", "MANUAL", "MANUAL", "MANUAL", "MANUAL", "MANUAL", "MANUAL", "MANUAL", "MANUAL", "MANUAL", "MANUAL", "MANUAL", "MANUAL", "MANUAL", "MANUAL", "MANUAL", "MANUAL", "MANUAL", "MANUAL", "MANUAL", "MANUAL", "MANUAL", "MANUAL", "MANUAL", "MANUAL", "MANUAL", "MANUAL", "MANUAL", "MANUAL", "MANUAL", "MANUAL", "MANUAL", "MANUAL", "MANUAL", "MANUAL", "MANUAL", "MANUAL", "MANUAL", "MANUAL", "MANUAL", "MANUAL", "MANUAL", "MANUAL", "MANUAL"], "lat_deg": [0.0, 40.870560499999996, 40.8705603, 40.8705601, 40.8705601, 40.87056, 40.870559899999996, 40.870559899999996, 40.870559899999996, 40.870559799999995, 40.8705597, 40.8705597, 40.8705596, 40.8705596, 40.8705597, 40.8705596, 40.8705596, 40.8705596, 40.8705596, 40.8705596, 40.8705597, 40.8705597, 40.870559799999995, 40.870559899999996, 40.870559899999996, 40.87056, 40.87056, 40.8705602, 40.8705603, 40.870560399999995, 40.870560499999996, 40.8705606, 40.8705607, 40.8705613, 40.8705614, 40.870561599999995, 40.870561699999996, 40.8705618, 40.8705618, 40.8705618, 40.8705618, 40.870561599999995, 40.870561599999995, 40.8705615, 40.8705614, 40.8705613, 40.8705612, 40.8705612, 40.870561099999996, 40.870561099999996, 40.870561099999996, 40.8705612, 40.8705613, 40.8705613, 40.8705613, 40.8705612], "lng_deg": [0.0, -119.10463019999999, -119.1046298, -119.1046296, -119.1046293, -119.1046291, -119.1046289, -119.1046288, -119.1046286, -119.1046284, -119.1046282, -119.10462799999999, -119.10462779999999, -119.1046276, -119.1046274, -119.1046272, -119.10462709999999, -119.1046269, -119.10462679999999, -119.10462659999999, -119.1046265, -119.10462629999999, -119.10462629999999, -119.1046262, -119.10462609999999, -119.10462609999999, -119.104626, -119.1046258, -119.10462559999999, -119.1046255, -119.10462539999999, -119.1046253, -119.1046252, -119.10462469999999, -119.1046245, -119.10462439999999, -119.10462419999999, -119.10462389999999, -119.10462389999999, -119.10462389999999, -119.10462369999999, -119.1046234, -119.1046233, -119.1046231, -119.1046229, -119.1046228, -119.1046226, -119.1046224, -119.10462229999999, -119.1046216, -119.1046217, -119.1046217, -119.1046216, -119.1046215, -119.1046214, -119.10462129999999], "abs_alt_m": [0.0, 1192.6990966796875, 1192.7010498046875, 1192.695068359375, 1192.695068359375, 1192.693115234375, 1192.6900634765625, 1192.675048828125, 1192.662109375, 1192.654052734375, 1192.6490478515625, 1192.64111328125, 1192.632080078125, 1192.6201171875, 1192.60400390625, 1192.60302734375, 1192.6080322265625, 1192.612060546875, 1192.62109375, 1192.623046875, 1192.6240234375, 1192.6220703125, 1192.6201171875, 1192.610107421875, 1192.6060791015625, 1192.6151123046875, 1192.6260986328125, 1192.6201171875, 1192.6090087890625, 1192.60302734375, 1192.592041015625, 1192.5860595703125, 1192.5860595703125, 1192.5550537109375, 1192.549072265625, 1192.5450439453125, 1192.5330810546875, 1192.5240478515625, 1192.52001953125, 1192.5111083984375, 1192.5050048828125, 1192.498046875, 1192.5010986328125, 1192.508056640625, 1192.51708984375, 1192.5260009765625, 1192.529052734375, 1192.5250244140625, 1192.5260009765625, 1192.5260009765625, 1192.5230712890625, 1192.5, 1192.4840087890625, 1192.4801025390625, 1192.47607421875, 1192.47900390625], "rel_alt_m": [0.0, -0.33500000834465027, -0.3330000042915344, -0.33900001645088196, -0.33900001645088196, -0.3410000205039978, -0.34300002455711365, -0.359000027179718, -0.3710000216960907, -0.3790000081062317, -0.3850000202655792, -0.3930000066757202, -0.4020000100135803, -0.4140000343322754, -0.42900002002716064, -0.4310000240802765, -0.42500001192092896, -0.4220000207424164, -0.4130000174045563, -0.41100001335144043, -0.4100000262260437, -0.41100001335144043, -0.4140000343322754, -0.4240000247955322, -0.4270000159740448, -0.4180000126361847, -0.40800002217292786, -0.4140000343322754, -0.42500001192092896, -0.4310000240802765, -0.44200003147125244, -0.44700002670288086, -0.4480000138282776, -0.4790000319480896, -0.48500001430511475, -0.48900002241134644, -0.5, -0.5090000033378601, -0.5130000114440918, -0.5230000019073486, -0.5290000438690186, -0.5350000262260437, -0.5330000519752502, -0.5260000228881836, -0.5170000195503235, -0.5080000162124634, -0.5049999952316284, -0.5080000162124634, -0.5070000290870667, -0.5070000290870667, -0.5110000371932983, -0.534000039100647, -0.550000011920929, -0.5540000200271606, -0.5580000281333923, -0.5550000071525574], "x_m": [0.0, 0.6466464996337891, 0.6271800398826599, 0.6106364727020264, 0.598985493183136, 0.5893706679344177, 0.5829301476478577, 0.5835418701171875, 0.5808396935462952, 0.5751882195472717, 0.5663430094718933, 0.555961012840271, 0.5497792959213257, 0.5545454025268555, 0.5561566352844238, 0.552682101726532, 0.5499456524848938, 0.551770031452179, 0.5516989231109619, 0.5545021891593933, 0.5601958632469177, 0.5663406848907471, 0.570819616317749, 0.58088219165802, 0.5846596360206604, 0.5903921127319336, 0.598237931728363, 0.6118996739387512, 0.6240826845169067, 0.6343891620635986, 0.6506797671318054, 0.6656357049942017, 0.674975574016571, 0.7407834529876709, 0.7552529573440552, 0.7702614068984985, 0.7809280753135681, 0.7929831147193909, 0.7996885776519775, 0.799207329750061, 0.7933566570281982, 0.776707112789154, 0.7659130692481995, 0.75931715965271, 0.7483577728271484, 0.7414032220840454, 0.7300962209701538, 0.724738597869873, 0.7195481061935425, 0.7119540572166443, 0.7241026759147644, 0.7327092885971069, 0.7381759285926819, 0.7384260296821594, 0.7362407445907593, 0.7327824831008911], "y_m": [0.0, 0.024989284574985504, 0.05235544964671135, 0.0759623646736145, 0.0994163379073143, 0.11643922328948975, 0.1294250637292862, 0.142133429646492, 0.15638884902000427, 0.17489098012447357, 0.1918959766626358, 0.21050626039505005, 0.2287319153547287, 0.24349263310432434, 0.25827986001968384, 0.27374547719955444, 0.2850203812122345, 0.298335999250412, 0.3097591698169708, 0.32387322187423706, 0.33545321226119995, 0.3461400270462036, 0.352984756231308, 0.36034393310546875, 0.36251598596572876, 0.3692115545272827, 0.3757561147212982, 0.3874654471874237, 0.40504804253578186, 0.41909724473953247, 0.4288880228996277, 0.4357120990753174, 0.4417377710342407, 0.48777544498443604, 0.50179123878479, 0.5117669701576233, 0.5230492353439331, 0.5468625426292419, 0.5500432848930359, 0.5567932724952698, 0.5695744156837463, 0.5918986201286316, 0.6047678589820862, 0.6205660700798035, 0.6316177845001221, 0.6456845998764038, 0.660239577293396, 0.6747345328330994, 0.6859181523323059, 0.7431923151016235, 0.7322879433631897, 0.7359006404876709, 0.7470417618751526, 0.7576215267181396, 0.7610414028167725, 0.7743678092956543], "pitch_deg": [0.0, 1.424721121788025, 1.432252049446106, 1.4437670707702637, 1.4430530071258545, 1.446953296661377, 1.465938925743103, 1.4628551006317139, 1.4673447608947754, 1.4530673027038574, 1.4472932815551758, 1.4521139860153198, 1.4688767194747925, 1.4704636335372925, 1.4747802019119263, 1.4635828733444214, 1.4675991535186768, 1.4683966636657715, 1.4557470083236694, 1.465799331665039, 1.4669791460037231, 1.4625778198242188, 1.473045825958252, 1.452277660369873, 1.4628877639770508, 1.4632271528244019, 1.4494611024856567, 1.4629188776016235, 1.4401108026504517, 1.454560399055481, 1.441633701324463, 1.4429576396942139, 1.4427145719528198, 1.44688880443573, 1.4535531997680664, 1.4274511337280273, 1.4300013780593872, 1.4215065240859985, 1.430637240409851, 1.423904299736023, 1.414901852607727, 1.4183247089385986, 1.4130405187606812, 1.4313607215881348, 1.4195092916488647, 1.440964937210083, 1.4232851266860962, 1.425489068031311, 1.4284403324127197, 1.4355792999267578, 1.4658557176589966, 1.475158452987671, 1.4682921171188354, 1.4779322147369385, 1.4499106407165527, 1.455566167831421],