{"mode": ["0.0", "MANUAL", "MANUAL", "MANUAL", "MANUAL", "MANUAL"], "lat_deg": [0.0, 40.8713611, 40.871361199999996, 40.8713614, 40.8713615, 40.8713615], "lng_deg": [0.0, -119.1056423, -119.10564219999999, -119.1056421, -119.10564199999999, -119.1056419], "abs_alt_m": [0.0, 1199.1920166015625, 1199.197998046875, 1199.195068359375, 1199.194091796875, 1199.1700439453125], "rel_alt_m": [0.0, 0.07500000298023224, 0.08100000023841858, 0.07800000160932541, 0.07700000703334808, 0.05300000309944153], "x_m": [0.0, -0.01954077184200287, -0.0010656251106411219, 0.016439281404018402, 0.03252698853611946, 0.028827384114265442], "y_m": [0.0, -0.597500205039978, -0.5962374210357666, -0.581313967704773, -0.5729807019233704, -0.5647014379501343], "pitch_deg": [0.0, 1.3040739297866821, 1.293928623199463, 1.3073530197143555, 1.2968008518218994, 1.3109856843948364], "roll_deg": [0.0, 1.2056043148040771, 1.2145735025405884, 1.2062296867370605, 1.2053718566894531, 1.2098755836486816], "yaw_deg": [0.0, 162.1312713623047, 162.14157104492188, 162.15802001953125, 162.2088165283203, 162.22349548339844], "lidar": [-1, -1, -1, -1, -1, -1], "target point": [[null, null, null], [null, null, null], [null, null, null], [null, null, null], [null, null, null], [null, null, null]], "unix time": [0.0, 1663261366571392, 1663261366571392, 1663261367571392, 1663261367571392, 1663261368570392]}