{"mode": ["0.0", "0.0", "HOLD", "HOLD", "HOLD"], "lat_deg": [0.0, 0.0, 40.871364899999996, 40.8713647, 40.8713644], "lng_deg": [0.0, 0.0, -119.10564989999999, -119.10565039999999, -119.1056509], "abs_alt_m": [0.0, 0.0, 1198.26904296875, 1198.2470703125, 1198.238037109375], "rel_alt_m": [0.0, 0.0, -0.027000000700354576, -0.05000000074505806, -0.05900000408291817], "x_m": [0.0, 0.0, 0.4016452133655548, 0.3771628141403198, 0.3518887758255005], "y_m": [0.0, 0.0, -1.246742844581604, -1.282034158706665, -1.3203051090240479], "pitch_deg": [0.0, 2.866797685623169, 2.8772828578948975, 2.852588415145874, 2.861992835998535], "roll_deg": [0.0, -1.2324795722961426, -1.242023229598999, -1.251814365386963, -1.255554437637329], "yaw_deg": [0.0, -25.15109634399414, -25.206357955932617, -25.241483688354492, -25.19661521911621], "lidar": [-1, -1, -1, -1, -1], "target point": [[null, null, null], [null, null, null], [null, null, null], [null, null, null], [null, null, null]], "unix time": [0.0, 0.0, 1663261389571392, 1663261389571392, 1663261390569392]}