{"mode": ["0.0", "MANUAL", "MANUAL", "MANUAL", "MANUAL", "MANUAL", "MANUAL"], "lat_deg": [0.0, 0.0, 0.0, 0.0, 0.0, 0.0, 0.0], "lng_deg": [0.0, 0.0, 0.0, 0.0, 0.0, 0.0, 0.0], "abs_alt_m": [0.0, 0.0, 0.0, 0.0, 0.0, 0.0, 0.0], "rel_alt_m": [0.0, 0.0, 0.0, 0.0, 0.0, 0.0, 0.0], "x_m": [0.0, -0.004178771749138832, -0.0065214987844228745, -0.011144735850393772, -0.014311056584119797, -0.016978327184915543, -0.019055621698498726], "y_m": [0.0, 0.011596201919019222, 0.010519932024180889, 0.00850926898419857, 0.00716138631105423, 0.004524673335254192, 0.0015655765309929848], "pitch_deg": [0.0, 3.701781749725342, 3.8357720375061035, 3.7851407527923584, 3.8118772506713867, 3.804713487625122, 3.807054281234741], "roll_deg": [0.0, 3.5103564262390137, 3.474855422973633, 3.4339962005615234, 3.414553642272949, 3.401567220687866, 3.3961548805236816], "yaw_deg": [0.0, -11.368982315063477, -12.580694198608398, -12.569089889526367, -12.794682502746582, -12.890152931213379, -12.943171501159668], "lidar": [-1, 0.019920150681380783, 0.02988096092967177, 0.019920231495573096, 0.0199203273448991, 0.019920762022828, 0.02988077306216989], "target point": [[null, null, null], [null, null, null], [null, null, null], [null, null, null], [null, null, null], [null, null, null], [null, null, null]], "unix time": [0.0, 0.0, 0.0, 0.0, 0.0, 0.0, 0.0]}