{"mode": ["0.0", "MANUAL", "MANUAL", "MANUAL"], "lat_deg": [0.0, 0.0, 0.0, 0.0], "lng_deg": [0.0, 0.0, 0.0, 0.0], "abs_alt_m": [0.0, 0.0, 0.0, 0.0], "rel_alt_m": [0.0, 0.0, 0.0, 0.0], "x_m": [0.0, 0.0026676112320274115, 0.0026027557905763388, 0.0021905642934143543], "y_m": [0.0, 0.0047719902358949184, 0.004860629327595234, 0.0047782910987734795], "pitch_deg": [0.0, 2.70975399017334, 2.7199292182922363, 2.7116854190826416], "roll_deg": [0.0, -2.4712913036346436, -2.4724185466766357, -2.4721269607543945], "yaw_deg": [0.0, -140.55752563476562, -140.546142578125, -140.53807067871094], "lidar": [-1, 0.029938584996516037, 0.02993830745507196, 0.029938518376171508], "target point": [[null, null, null], [null, null, null], [null, null, null], [null, null, null]], "unix time": [0.0, 0.0, 0.0, 0.0]}