{"mode": ["0.0", "0.0", "LAND", "LAND", "LAND", "LAND", "LAND", "LAND", "LAND", "LAND", "LAND", "LAND", "MANUAL", "MANUAL", "MANUAL", "MANUAL", "MANUAL", "MANUAL", "MANUAL", "MANUAL", "MANUAL", "MANUAL", "MANUAL", "MANUAL", "MANUAL", "MANUAL"], "lat_deg": [0.0, 0.0, 0.0, 0.0, 0.0, 0.0, 0.0, 0.0, 0.0, 0.0, 0.0, 0.0, 0.0, 0.0, 0.0, 0.0, 0.0, 0.0, 0.0, 0.0, 0.0, 0.0, 0.0, 0.0, 0.0, 0.0], "lng_deg": [0.0, 0.0, 0.0, 0.0, 0.0, 0.0, 0.0, 0.0, 0.0, 0.0, 0.0, 0.0, 0.0, 0.0, 0.0, 0.0, 0.0, 0.0, 0.0, 0.0, 0.0, 0.0, 0.0, 0.0, 0.0, 0.0], "abs_alt_m": [0.0, 0.0, 0.0, 0.0, 0.0, 0.0, 0.0, 0.0, 0.0, 0.0, 0.0, 0.0, 0.0, 0.0, 0.0, 0.0, 0.0, 0.0, 0.0, 0.0, 0.0, 0.0, 0.0, 0.0, 0.0, 0.0], "rel_alt_m": [0.0, 0.0, 0.0, 0.0, 0.0, 0.0, 0.0, 0.0, 0.0, 0.0, 0.0, 0.0, 0.0, 0.0, 0.0, 0.0, 0.0, 0.0, 0.0, 0.0, 0.0, 0.0, 0.0, 0.0, 0.0, 0.0], "x_m": [0.0, 0.012327521108090878, 0.031017646193504333, 0.027678636834025383, -0.027496905997395515, -0.08351432532072067, -0.09189172834157944, -0.16705282032489777, -0.23281720280647278, -0.2494828850030899, -0.349001944065094, -0.2555253803730011, -0.025424404069781303, -0.006826451048254967, -0.013771598227322102, -0.007897838950157166, 0.009726480580866337, 0.023072097450494766, 0.040808890014886856, 0.05910467356443405, 0.07453302294015884, 0.08481747657060623, 0.08831889927387238, 0.08584718406200409, 0.07650948315858841, 0.03893382102251053], "y_m": [0.0, 0.015162081457674503, -0.007568160071969032, 0.015432200394570827, 0.05350032076239586, 0.022956058382987976, 0.0013983515091240406, 0.044553402811288834, -0.01004893146455288, 0.004189886152744293, -0.00011331183486618102, -0.029979007318615913, 0.0030264451634138823, 0.027481496334075928, 0.041249651461839676, -0.07039295881986618, -0.142201766371727, -0.19623801112174988, -0.2188510000705719, -0.225018709897995, -0.21293094754219055, -0.19574466347694397, -0.17143134772777557, -0.14418770372867584, -0.11541911959648132, -0.10836640000343323], "pitch_deg": [0.0, 10.547823905944824, 10.364053726196289, 9.13637638092041, 10.325716972351074, 8.48817253112793, 8.3745756149292, 11.05572509765625, 8.749513626098633, 9.190852165222168, 9.406462669372559, 10.840629577636719, 12.699235916137695, 10.467538833618164, 15.647453308105469, 8.830772399902344, 2.3462655544281006, 2.562830924987793, 2.5117716789245605, 2.461850643157959, 2.4243252277374268, 2.3455193042755127, 2.3002469539642334, 2.033263683319092, 2.409409284591675, 14.07494831085205], "roll_deg": [0.0, -0.11821954697370529, -3.4451119899749756, -2.6838502883911133, -3.7414753437042236, -3.030322790145874, -1.3605806827545166, -2.2754130363464355, -2.395102024078369, -3.1067612171173096, -2.495041608810425, -0.30730289220809937, -0.35479554533958435, -2.7299036979675293, -3.314378023147583, -0.43024587631225586, -3.0136072635650635, -2.9282383918762207, -2.886312484741211, -2.8558313846588135, -2.8057613372802734, -2.708709478378296, -2.700345516204834, -2.630156993865967, -2.5040934085845947, -4.697852611541748], "yaw_deg": [0.0, -142.9458465576172, -77.4514389038086, 12.84826946258545, 117.64756774902344, -125.90313720703125, -2.8414456844329834, 128.7629852294922, -86.95081329345703, 60.25046920776367, -147.8634796142578, -41.73872375488281, 23.50201416015625, 62.547264099121094, 78.46446228027344, 79.21173858642578, 77.69274139404297, 76.78727722167969, 75.9427261352539, 75.07456970214844, 74.30017852783203, 73.52557373046875, 72.80175018310547, 72.033203125, 71.42669677734375, 74.48676300048828], "lidar": [-1, 0.10780910664121653, 0.12760962824550562, 0.12841271364688944, 0.13751104389146218, 0.13829148777352823, 0.13848263138518369, 0.13735096066185212, 0.12831179955700844, 0.13839124258652227, 0.13760263249533, 0.1275545100547489, 0.13652483881479582, 0.07836028855028097, 0.028804776939080103, 0.02946660758933376, 0.019954656644999156, 0.029930959616386987, 0.01995509694356135, 0.019956561797092792, 0.019957963217398057, 0.00997955559819382, 0.019961151550074187, 0.019950222254863474, 0.019963408578229577, 0.08710662518683522], "target point": [[null, null, null], [null, null, null], [null, null, null], [null, null, null], [null, null, null], [null, null, null], [null, null, null], [null, null, null], [null, null, null], [null, null, null], [null, null, null], [null, null, null], [null, null, null], [null, null, null], [null, null, null], [null, null, null], [null, null, null], [null, null, null], [null, null, null], [null, null, null], [null, null, null], [null, null, null], [null, null, null], [null, null, null], [null, null, null], [null, null, null]], "unix time": [0.0, 0.0, 0.0, 0.0, 0.0, 0.0, 0.0, 0.0, 0.0, 0.0, 0.0, 0.0, 0.0, 0.0, 0.0, 0.0, 0.0, 0.0, 0.0, 0.0, 0.0, 0.0, 0.0, 0.0, 0.0, 0.0]}