{"mode": ["0.0", "0.0", "LAND", "LAND", "LAND", "LAND", "LAND", "LAND", "MANUAL", "MANUAL", "MANUAL", "MANUAL"], "lat_deg": [0.0, 0.0, 0.0, 0.0, 0.0, 0.0, 0.0, 0.0, 0.0, 0.0, 0.0, 0.0], "lng_deg": [0.0, 0.0, 0.0, 0.0, 0.0, 0.0, 0.0, 0.0, 0.0, 0.0, 0.0, 0.0], "abs_alt_m": [0.0, 0.0, 0.0, 0.0, 0.0, 0.0, 0.0, 0.0, 0.0, 0.0, 0.0, 0.0], "rel_alt_m": [0.0, 0.0, 0.0, 0.0, 0.0, 0.0, 0.0, 0.0, 0.0, 0.0, 0.0, 0.0], "x_m": [0.0, -0.04318910092115402, -0.03837180137634277, -0.039222996681928635, 0.0006286586867645383, 0.0368538424372673, 0.0668434277176857, 0.08617714047431946, 0.10990314185619354, 0.14572417736053467, 0.20939074456691742, 0.22405391931533813], "y_m": [0.0, 0.009798731654882431, 0.0006779225659556687, -0.011678602546453476, -0.03532010316848755, -0.043799515813589096, -0.04901854321360588, -0.0517578162252903, -0.05696955323219299, -0.0662514865398407, -0.03578849136829376, -0.04361613094806671], "pitch_deg": [0.0, 8.03528118133545, 7.8895673751831055, 8.752875328063965, 8.850848197937012, 8.32888126373291, 8.868444442749023, 9.410826683044434, 10.89515495300293, 7.758941650390625, 11.067596435546875, 2.889166831970215], "roll_deg": [0.0, -5.393542289733887, -3.497391700744629, -4.563460826873779, -2.401292562484741, -4.8175740242004395, -4.144961357116699, -4.109864711761475, -6.9612908363342285, -3.5146484375, -4.197848320007324, -2.939448118209839], "yaw_deg": [0.0, -6.968256950378418, 21.259780883789062, 22.460294723510742, 21.060380935668945, 26.553022384643555, 39.956146240234375, 58.157684326171875, 33.83690643310547, 23.80663299560547, 25.154794692993164, 24.74697494506836], "lidar": [-1, 0.08874370059027488, 0.10871229655442262, 0.08865355523964048, 0.0887864904180616, 0.10847353820624119, 0.11830172747656181, 0.11800626452088359, 0.10721373522147737, 0.07905543015312445, 0.039152683829037874, 0.02990398029180191], "target point": [[null, null, null], [null, null, null], [null, null, null], [null, null, null], [null, null, null], [null, null, null], [null, null, null], [null, null, null], [null, null, null], [null, null, null], [null, null, null], [null, null, null]], "unix time": [0.0, 0.0, 0.0, 0.0, 0.0, 0.0, 0.0, 0.0, 0.0, 0.0, 0.0, 0.0]}