{"mode": ["0.0", "0.0", "MANUAL", "MANUAL", "MANUAL", "MANUAL", "MANUAL"], "lat_deg": [0.0, 0.0, 0.0, 0.0, 0.0, 0.0, 0.0], "lng_deg": [0.0, 0.0, 0.0, 0.0, 0.0, 0.0, 0.0], "abs_alt_m": [0.0, 0.0, 0.0, 0.0, 0.0, 0.0, 0.0], "rel_alt_m": [0.0, 0.0, 0.0, 0.0, 0.0, 0.0, 0.0], "x_m": [0.0, 0.0, 0.5243353843688965, 0.5604430437088013, 0.6063063144683838, 0.6168380975723267, 0.6211777329444885], "y_m": [0.0, 0.0, 0.20283006131649017, 0.18818815052509308, 0.17604470252990723, 0.17266221344470978, 0.1677461415529251], "pitch_deg": [0.0, 0.0, -6.944814205169678, -6.668646812438965, -5.675363063812256, -5.936369895935059, -6.013146877288818], "roll_deg": [0.0, 0.0, 178.28118896484375, 177.48167419433594, 177.15353393554688, 177.4183349609375, 177.5769805908203], "yaw_deg": [0.0, 0.0, -104.54414367675781, -104.60816955566406, -104.79689025878906, -104.79328155517578, -104.81212615966797], "lidar": [-1, -1, 0, 0, 0, 0, 0], "target point": [[null, null, null], [null, null, null], [null, null, null], [null, null, null], [null, null, null], [null, null, null], [null, null, null]], "unix time": [0.0, 0.0, 0.0, 0.0, 0.0, 0.0, 0.0]}