{"mode": ["0.0", "0.0", "MANUAL", "MANUAL", "MANUAL", "MANUAL", "MANUAL", "MANUAL", "MANUAL", "MANUAL", "MANUAL", "MANUAL", "MANUAL", "MANUAL", "MANUAL", "MANUAL", "MANUAL", "MANUAL", "MANUAL", "MANUAL", "MANUAL", "MANUAL", "MANUAL", "MANUAL", "MANUAL", "MANUAL", "MANUAL", "MANUAL", "MANUAL", "MANUAL", "MANUAL", "MANUAL", "MANUAL", "MANUAL", "MANUAL", "MANUAL", "MANUAL", "MANUAL", "MANUAL", "MANUAL", "MANUAL", "MANUAL", "MANUAL"], "lat_deg": [0.0, 0.0, 0.0, 0.0, 0.0, 0.0, 0.0, 0.0, 0.0, 0.0, 0.0, 0.0, 0.0, 0.0, 0.0, 0.0, 0.0, 0.0, 0.0, 0.0, 0.0, 0.0, 0.0, 0.0, 0.0, 0.0, 0.0, 0.0, 0.0, 0.0, 0.0, 0.0, 0.0, 0.0, 0.0, 0.0, 0.0, 0.0, 0.0, 0.0, 0.0, 0.0, 0.0], "lng_deg": [0.0, 0.0, 0.0, 0.0, 0.0, 0.0, 0.0, 0.0, 0.0, 0.0, 0.0, 0.0, 0.0, 0.0, 0.0, 0.0, 0.0, 0.0, 0.0, 0.0, 0.0, 0.0, 0.0, 0.0, 0.0, 0.0, 0.0, 0.0, 0.0, 0.0, 0.0, 0.0, 0.0, 0.0, 0.0, 0.0, 0.0, 0.0, 0.0, 0.0, 0.0, 0.0, 0.0], "abs_alt_m": [0.0, 0.0, 0.0, 0.0, 0.0, 0.0, 0.0, 0.0, 0.0, 0.0, 0.0, 0.0, 0.0, 0.0, 0.0, 0.0, 0.0, 0.0, 0.0, 0.0, 0.0, 0.0, 0.0, 0.0, 0.0, 0.0, 0.0, 0.0, 0.0, 0.0, 0.0, 0.0, 0.0, 0.0, 0.0, 0.0, 0.0, 0.0, 0.0, 0.0, 0.0, 0.0, 0.0], "rel_alt_m": [0.0, 0.0, 0.0, 0.0, 0.0, 0.0, 0.0, 0.0, 0.0, 0.0, 0.0, 0.0, 0.0, 0.0, 0.0, 0.0, 0.0, 0.0, 0.0, 0.0, 0.0, 0.0, 0.0, 0.0, 0.0, 0.0, 0.0, 0.0, 0.0, 0.0, 0.0, 0.0, 0.0, 0.0, 0.0, 0.0, 0.0, 0.0, 0.0, 0.0, 0.0, 0.0, 0.0], "x_m": [0.0, -0.07516574114561081, -0.09663892537355423, -0.11902668327093124, -0.14399638772010803, -0.168345645070076, -0.1928175538778305, -0.2035459578037262, -0.21817900240421295, -0.23526476323604584, -0.26215100288391113, -0.28163692355155945, -0.2937295138835907, -0.31834688782691956, -0.3348335027694702, -0.3577966094017029, -0.37523677945137024, -0.39583855867385864, -0.40732118487358093, -0.41292932629585266, -0.437854528427124, -0.4480496346950531, -0.4622195363044739, -0.476399689912796, -0.4899310767650604, -0.5037297606468201, -0.5238474011421204, -0.5275546908378601, -0.5498788952827454, -0.5617619156837463, -0.5740511417388916, -0.5921619534492493, -0.600123941898346, -0.6071078777313232, -0.6227936744689941, -0.6325704455375671, -0.6426874995231628, -0.6602544784545898, -0.6590330600738525, -0.6665430068969727, -0.6752834320068359, -0.6680399179458618, -0.6523635983467102], "y_m": [0.0, -0.6792500019073486, -0.7066255807876587, -0.7406307458877563, -0.781330406665802, -0.800535261631012, -0.8248919248580933, -0.8266394138336182, -0.8400141000747681, -0.8517637252807617, -0.85161954164505, -0.8644452095031738, -0.8702902793884277, -0.8661447167396545, -0.8761584758758545, -0.8771139979362488, -0.8815110325813293, -0.8973398804664612, -0.88906329870224, -0.8878276944160461, -0.9004072546958923, -0.8962635397911072, -0.8966885209083557, -0.9034215211868286, -0.8961648941040039, -0.8982580304145813, -0.9086252450942993, -0.8956544399261475, -0.8960021734237671, -0.8975322246551514, -0.8845154643058777, -0.8899980187416077, -0.879245400428772, -0.8731217980384827, -0.8777998089790344, -0.8654152154922485, -0.8620496392250061, -0.8703075051307678, -0.852453351020813, -0.8442230820655823, -0.8499695658683777, -0.8386597037315369, -0.8307049870491028], "pitch_deg": [0.0, -15.963824272155762, -14.870306015014648, -14.462559700012207, -14.15507698059082, -13.576427459716797, -13.172304153442383, -12.905677795410156, -12.848179817199707, -12.92359447479248, -12.842657089233398, -13.167964935302734, -13.67214298248291, -13.087240219116211, -12.76536750793457, -12.270893096923828, -12.275532722473145, -12.268458366394043, -12.232096672058105, -12.198681831359863, -12.23989486694336, -12.271921157836914, -12.33552074432373, -12.437459945678711, -12.489630699157715, -12.491236686706543, -12.516331672668457, -12.534035682678223, -12.54432201385498, -12.487187385559082, -12.48088550567627, -12.385926246643066, -12.345296859741211, -12.282482147216797, -12.279134750366211, -12.281210899353027, -12.272074699401855, -12.189297676086426, -12.499363899230957, -12.499364852905273, -12.722726821899414, -12.880377769470215, -12.547840118408203], "roll_deg": [0.0, 179.40377807617188, 177.8074493408203, 176.8998260498047, 176.55953979492188, 175.83871459960938, 175.33230590820312, 175.05152893066406, 175.1814422607422, 175.3805389404297, 175.6086883544922, 176.4999542236328, 177.3762969970703, 177.48382568359375, 176.9855499267578, 176.55601501464844, 176.1186981201172, 176.0697479248047, 176.0803680419922, 176.1925811767578, 176.3827667236328, 176.61402893066406, 176.9210205078125, 177.2665557861328, 177.79196166992188, 177.9654998779297, 178.0599822998047, 178.0789794921875, 178.0231170654297, 177.82940673828125, 177.52565002441406, 177.15756225585938, 176.7484588623047, 176.137939453125, 175.76947021484375, 175.2804412841797, 174.7848663330078, 174.30201721191406, 174.2534942626953, 174.25350952148438, 174.63461303710938, 175.14852905273438, 176.8118133544922], "yaw_deg": [0.0, -112.1793441772461, -111.3316421508789, -110.76696014404297, -110.58790588378906, -110.03414916992188, -109.65925598144531, -109.28234100341797, -108.47093963623047, -107.97762298583984, -107.49939727783203, -106.7429428100586, -105.55859375, -104.71282196044922, -103.7901382446289, -102.71512603759766, -101.37852478027344, -101.01233673095703, -100.61376953125, -100.29016876220703, -99.9695816040039, -99.62684631347656, -99.2540283203125, -98.7854995727539, -97.3976821899414, -97.02525329589844, -96.72211456298828, -96.46189880371094, -96.27140045166016, -96.09210205078125, -95.91217803955078, -95.7392807006836, -95.60794067382812, -95.44454956054688, -95.35350036621094, -95.22737884521484, -95.03680419921875, -94.7727279663086, -94.2528076171875, -94.2528305053711, -94.00923919677734, -93.81645202636719, -93.77884674072266], "lidar": [-1, 0, 0, 0, 0, 0, 0, 0, 0, 0, 0, 0, 0, 0, 0, 0, 0, 0, 0, 0, 0, 0, 0, 0, 0, 0, 0, 0, 0, 0, 0, 0, 0, 0, 0, 0, 0, 0, 0, 0, 0, 0, 0], "target point": [[null, null, null], [null, null, null], [null, null, null], [null, null, null], [null, null, null], [null, null, null], [null, null, null], [null, null, null], [null, null, null], [null, null, null], [null, null, null], [null, null, null], [null, null, null], [null, null, null], [null, null, null], [null, null, null], [null, null, null], [null, null, null], [null, null, null], [null, null, null], [null, null, null], [null, null, null], [null, null, null], [null, null, null], [null, null, null], [null, null, null], [null, null, null], [null, null, null], [null, null, null], [null, null, null], [null, null, null], [null, null, null], [null, null, null], [null, null, null], [null, null, null], [null, null, null], [null, null, null], [null, null, null], [null, null, null], [null, null, null], [null, null, null], [null, null, null], [null, null, null]], "unix time": [0.0, 0.0, 0.0, 0.0, 0.0, 0.0, 0.0, 0.0, 0.0, 0.0, 0.0, 0.0, 0.0, 0.0, 0.0, 0.0, 0.0, 0.0, 0.0, 0.0, 0.0, 0.0, 0.0, 0.0, 0.0, 0.0, 0.0, 0.0, 0.0, 0.0, 0.0, 0.0, 0.0, 0.0, 0.0, 0.0, 0.0, 0.0, 0.0, 0.0, 0.0, 0.0, 0.0]}