{"mode": ["0.0", "0.0", "ALTCTL", "ALTCTL", "ALTCTL", "ALTCTL", "ALTCTL", "ALTCTL", "ALTCTL", "ALTCTL", "ALTCTL", "ALTCTL", "ALTCTL", "ALTCTL", "ALTCTL", "ALTCTL", "ALTCTL", "ALTCTL", "ALTCTL", "ALTCTL", "ALTCTL", "ALTCTL", "ALTCTL", "ALTCTL", "ALTCTL", "ALTCTL", "ALTCTL", "ALTCTL", "ALTCTL", "ALTCTL", "ALTCTL", "ALTCTL", "ALTCTL", "ALTCTL", "ALTCTL", "ALTCTL", "ALTCTL", "ALTCTL", "ALTCTL"], "lat_deg": [0.0, 0.0, 0.0, 0.0, 0.0, 0.0, 0.0, 0.0, 0.0, 0.0, 0.0, 0.0, 0.0, 0.0, 0.0, 0.0, 0.0, 0.0, 0.0, 0.0, 0.0, 0.0, 0.0, 0.0, 0.0, 0.0, 0.0, 0.0, 0.0, 0.0, 0.0, 0.0, 0.0, 0.0, 0.0, 0.0, 0.0, 0.0, 0.0], "lng_deg": [0.0, 0.0, 0.0, 0.0, 0.0, 0.0, 0.0, 0.0, 0.0, 0.0, 0.0, 0.0, 0.0, 0.0, 0.0, 0.0, 0.0, 0.0, 0.0, 0.0, 0.0, 0.0, 0.0, 0.0, 0.0, 0.0, 0.0, 0.0, 0.0, 0.0, 0.0, 0.0, 0.0, 0.0, 0.0, 0.0, 0.0, 0.0, 0.0], "abs_alt_m": [0.0, 0.0, 0.0, 0.0, 0.0, 0.0, 0.0, 0.0, 0.0, 0.0, 0.0, 0.0, 0.0, 0.0, 0.0, 0.0, 0.0, 0.0, 0.0, 0.0, 0.0, 0.0, 0.0, 0.0, 0.0, 0.0, 0.0, 0.0, 0.0, 0.0, 0.0, 0.0, 0.0, 0.0, 0.0, 0.0, 0.0, 0.0, 0.0], "rel_alt_m": [0.0, 0.0, 0.0, 0.0, 0.0, 0.0, 0.0, 0.0, 0.0, 0.0, 0.0, 0.0, 0.0, 0.0, 0.0, 0.0, 0.0, 0.0, 0.0, 0.0, 0.0, 0.0, 0.0, 0.0, 0.0, 0.0, 0.0, 0.0, 0.0, 0.0, 0.0, 0.0, 0.0, 0.0, 0.0, 0.0, 0.0, 0.0, 0.0], "x_m": [0.0, -0.18137890100479126, -0.1741805225610733, -0.16757045686244965, -0.16030050814151764, -0.1564273238182068, -0.15488561987876892, -0.14929144084453583, -0.1452392041683197, -0.14331570267677307, -0.13719722628593445, -0.13396300375461578, -0.13141922652721405, -0.12501414120197296, -0.12019824236631393, -0.11235946416854858, -0.10666244477033615, -0.10447438806295395, -0.10177361965179443, -0.09739973396062851, -0.09462661296129227, -0.09128431975841522, -0.08574605733156204, -0.08561549335718155, -0.08478089421987534, -0.08481740206480026, -0.08441179245710373, -0.08160541951656342, -0.078704334795475, -0.07482798397541046, -0.07388041913509369, -0.07497875392436981, -0.07337762415409088, -0.07169696688652039, -0.06963855028152466, -0.06528705358505249, -0.06048067286610603, -0.05937324836850166, -0.056400105357170105], "y_m": [0.0, 0.033978864550590515, 0.04079285264015198, 0.04645327478647232, 0.05092693120241165, 0.05378543213009834, 0.05711838975548744, 0.058420684188604355, 0.06055136397480965, 0.06359213590621948, 0.06438818573951721, 0.06591468304395676, 0.06766888499259949, 0.06764064729213715, 0.06875500082969666, 0.06879652291536331, 0.06751435250043869, 0.06884994357824326, 0.0712721049785614, 0.07184498012065887, 0.07264005392789841, 0.07330872863531113, 0.07311668246984482, 0.075166255235672, 0.0751631110906601, 0.07434260845184326, 0.07314708828926086, 0.0710916668176651, 0.07078177481889725, 0.06919581443071365, 0.06928127259016037, 0.07027863711118698, 0.06911200284957886, 0.06873877346515656, 0.0692133903503418, 0.06843886524438858, 0.06713482737541199, 0.06688620895147324, 0.06486473232507706], "pitch_deg": [0.0, -34.44810104370117, -34.27344512939453, -34.1964111328125, -34.20987319946289, -34.247047424316406, -34.28721618652344, -34.314788818359375, -34.29052734375, -34.19713592529297, -34.054534912109375, -33.958648681640625, -33.858154296875, -33.767635345458984, -33.68983840942383, -33.59321594238281, -33.59321594238281, -33.57172775268555, -33.56308364868164, -33.54985427856445, -33.53852081298828, -33.51458740234375, -33.50237274169922, -33.487796783447266, -33.463436126708984, -33.435333251953125, -33.39559555053711, -33.36925506591797, -33.31718444824219, -33.27770233154297, -33.22045135498047, -33.15190505981445, -33.00712966918945, -32.92286682128906, -32.81953430175781, -32.711708068847656, -32.59794616699219, -32.482215881347656, -32.32770538330078], "roll_deg": [0.0, 87.6042709350586, 87.61299133300781, 87.6415786743164, 87.8343734741211, 88.02487182617188, 88.23619842529297, 88.43899536132812, 88.60501098632812, 88.767822265625, 88.86981964111328, 88.91585540771484, 88.93326568603516, 88.94569396972656, 88.92387390136719, 88.89886474609375, 88.89887237548828, 88.90160369873047, 88.91793060302734, 88.93878173828125, 88.9686279296875, 88.98943328857422, 88.97855377197266, 88.98213195800781, 88.96472930908203, 88.95388793945312, 88.8931884765625, 88.8459243774414, 88.72962951660156, 88.66226196289062, 88.58231353759766, 88.50472259521484, 88.33362579345703, 88.23497009277344, 88.1103286743164, 87.99148559570312, 87.84259033203125, 87.69371795654297, 87.46390533447266], "yaw_deg": [0.0, -13.976512908935547, -14.037607192993164, -14.066617965698242, -14.088164329528809, -14.179079055786133, -14.317978858947754, -14.446977615356445, -14.5614652633667, -14.69363784790039, -14.810026168823242, -14.902891159057617, -14.986536026000977, -15.078267097473145, -15.121994018554688, -15.172929763793945, -15.172933578491211, -15.192643165588379, -15.234935760498047, -15.273743629455566, -15.34720230102539, -15.446425437927246, -15.466628074645996, -15.51636028289795, -15.544448852539062, -15.593220710754395, -15.607531547546387, -15.609610557556152, -15.578452110290527, -15.563057899475098, -15.560111045837402, -15.542757034301758, -15.514577865600586, -15.513083457946777, -15.492087364196777, -15.508734703063965, -15.505711555480957, -15.539345741271973, -15.590764999389648], "lidar": [-1, 0.09, 0.0037858846141977506, 0.0037440059469607276, 0.003646250504135411, 0.0031338959260720487, 0.003051669895678064, 0.0029250037115014843, 0.0024136105166265407, 0.00231218816304013, 0.0021244102566323336, 0.002040175261437689, 0.0017262778503600148, 0.001988488473408911, 0.002031463793790657, 0.002218766676527226, 0.002241064855241901, 0.0022360633579640733, 0.002675170511836488, 0.0026240102577022337, 0.002550535605695467, 0.0026468280467553474, 0.0027938317451673337, 0.0031112370113622746, 0.003165314398798996, 0.0033518513784234387, 0.0033518267884242656, 0.004031720125638699, 0.004075824360238304, 0.002732462351166842, 0.0018627622273616011, 0.0041509254013165605, 0.003207534073805158, 0.008790431350936193, 0.009976175423857002, 0.011205975309447041, 0.011100198078268534, 0.011541688516028503, 0.011591075640122843], "target point": [[null, null, null], [null, null, null], [null, null, null], [null, null, null], [null, null, null], [null, null, null], [null, null, null], [null, null, null], [null, null, null], [null, null, null], [null, null, null], [null, null, null], [null, null, null], [null, null, null], [null, null, null], [null, null, null], [null, null, null], [null, null, null], [null, null, null], [null, null, null], [null, null, null], [null, null, null], [null, null, null], [null, null, null], [null, null, null], [null, null, null], [null, null, null], [null, null, null], [null, null, null], [null, null, null], [null, null, null], [null, null, null], [null, null, null], [null, null, null], [null, null, null], [null, null, null], [null, null, null], [null, null, null], [null, null, null]], "unix time": [0.0, 0.0, 0.0, 0.0, 0.0, 0.0, 0.0, 0.0, 0.0, 0.0, 0.0, 0.0, 0.0, 0.0, 0.0, 0.0, 0.0, 0.0, 0.0, 0.0, 0.0, 0.0, 0.0, 0.0, 0.0, 0.0, 0.0, 0.0, 0.0, 0.0, 0.0, 0.0, 0.0, 0.0, 0.0, 0.0, 0.0, 0.0, 0.0]}