{"lat_deg": [0.0, 0.0, 0.0, 0.0, 0.0, 0.0, 0.0, 0.0, 0.0, 0.0, 0.0, 0.0, 0.0, 0.0, 0.0, 0.0, 0.0, 0.0, 0.0, 0.0, 0.0, 0.0, 0.0, 0.0, 0.0, 0.0, 0.0, 0.0, 0.0, 0.0, 0.0, 0.0, 0.0, 0.0, 0.0, 0.0, 0.0, 0.0, 0.0, 0.0, 0.0, 0.0, 0.0, 0.0, 0.0, 0.0, 0.0, 0.0, 0.0, 0.0, 0.0, 0.0, 0.0, 0.0, 0.0, 0.0, 0.0, 0.0, 0.0, 0.0, 0.0, 0.0], "lng_deg": [0.0, 0.0, 0.0, 0.0, 0.0, 0.0, 0.0, 0.0, 0.0, 0.0, 0.0, 0.0, 0.0, 0.0, 0.0, 0.0, 0.0, 0.0, 0.0, 0.0, 0.0, 0.0, 0.0, 0.0, 0.0, 0.0, 0.0, 0.0, 0.0, 0.0, 0.0, 0.0, 0.0, 0.0, 0.0, 0.0, 0.0, 0.0, 0.0, 0.0, 0.0, 0.0, 0.0, 0.0, 0.0, 0.0, 0.0, 0.0, 0.0, 0.0, 0.0, 0.0, 0.0, 0.0, 0.0, 0.0, 0.0, 0.0, 0.0, 0.0, 0.0, 0.0], "rel_alt_m": [0.0, 0.0, 0.0, 0.0, 0.0, 0.0, 0.0, 0.0, 0.0, 0.0, 0.0, 0.0, 0.0, 0.0, 0.0, 0.0, 0.0, 0.0, 0.0, 0.0, 0.0, 0.0, 0.0, 0.0, 0.0, 0.0, 0.0, 0.0, 0.0, 0.0, 0.0, 0.0, 0.0, 0.0, 0.0, 0.0, 0.0, 0.0, 0.0, 0.0, 0.0, 0.0, 0.0, 0.0, 0.0, 0.0, 0.0, 0.0, 0.0, 0.0, 0.0, 0.0, 0.0, 0.0, 0.0, 0.0, 0.0, 0.0, 0.0, 0.0, 0.0, 0.0], "lidar": [-1, 0.07386941961230326, 0.1443439641080288, 0.168869309965204, 0.16910874513876537, 0.15425606310723428, 0.15535019770346623, 0.15928212715925952, 0.1591778121054145, 0.1519917093846532, 0.14431410115544727, 0.1457992705968841, 0.16716561572542193, 0.17860709175579198, 0.1800299001186951, 0.15983094273657525, 0.11973908751030299, 0.11249223558970012, 0.06071837771593298, 0.05458109860366319, 0.03611007148818343, 0.03916806502957532, 0.10980144189206803, 0.037948134014222076, 0.025011081900040893, 0.027829602704842322, 0.019416322701042973, 0.037929727433846164, 0.037404248909484426, 0.0362318299350809, 0.03468483431640798, 0.037594323169252326, 0.03826699781288244, 0.03832075081944048, 0.03634558515584871, 0.034098100126958714, 0.05030673407726375, 0.025034218038524403, 0.027507105727484535, 0.03736686688069196, 0.0384618220463002, 0.038765749010811416, 0.03891216402722254, 0.06384917781505305, 0.03668520634448052, 0.0378782744452138, 0.02805594550699351, 0.037627550569541375, 0.03801144194841008, 0.038029653807121, 0.03806644615957621, 0.0382666585458392, 0.03843458102874707, 0.028767203086321417, 0.038321133494393554, 0.038358497092589275, 0.019189345110265415, 0.03830060492462858, 0.03843035854860083, 0.038521092599959, 0.03864864217018434, 0.038832318716806896], "target point": [[40.87067168, -119.10439188999999, 5.0], [40.87067168, -119.10439188999999, 5.0], [40.87067168, -119.10439188999999, 5.0], [40.87067168, -119.10439188999999, 5.0], [40.87067168, -119.10439188999999, 5.0], [40.87067168, -119.10439188999999, 5.0], [40.87067168, -119.10439188999999, 5.0], [40.87067168, -119.10439188999999, 5.0], [40.87067168, -119.10439188999999, 5.0], [40.87067168, -119.10439188999999, 5.0], [40.87067168, -119.10439188999999, 5.0], [40.87067168, -119.10439188999999, 5.0], [40.87067168, -119.10439188999999, 5.0], [40.87067168, -119.10439188999999, 5.0], [40.87067168, -119.10439188999999, 5.0], [40.87067168, -119.10439188999999, 5.0], [40.87067168, -119.10439188999999, 5.0], [40.87067168, -119.10439188999999, 5.0], [40.87067168, -119.10439188999999, 5.0], [40.87067168, -119.10439188999999, 5.0], [40.87067168, -119.10439188999999, 5.0], [40.87067168, -119.10439188999999, 5.0], [40.87067168, -119.10439188999999, 5.0], [40.87067168, -119.10439188999999, 5.0], [40.87067168, -119.10439188999999, 5.0], [40.87067168, -119.10439188999999, 5.0], [40.87067168, -119.10439188999999, 5.0], [40.87067168, -119.10439188999999, 5.0], [40.87067168, -119.10439188999999, 5.0], [40.87067168, -119.10439188999999, 5.0], [40.87067168, -119.10439188999999, 5.0], [40.87067168, -119.10439188999999, 5.0], [40.87067168, -119.10439188999999, 5.0], [40.87067168, -119.10439188999999, 5.0], [40.87067168, -119.10439188999999, 5.0], [40.87067168, -119.10439188999999, 5.0], [40.87067168, -119.10439188999999, 5.0], [40.87067168, -119.10439188999999, 5.0], [40.87067168, -119.10439188999999, 5.0], [40.87067168, -119.10439188999999, 5.0], [40.87067168, -119.10439188999999, 5.0], [40.87067168, -119.10439188999999, 5.0], [40.87067168, -119.10439188999999, 5.0], [40.87067168, -119.10439188999999, 5.0], [40.87067168, -119.10439188999999, 5.0], [40.87067168, -119.10439188999999, 5.0], [40.87067168, -119.10439188999999, 5.0], [40.87067168, -119.10439188999999, 5.0], [40.87067168, -119.10439188999999, 5.0], [40.87067168, -119.10439188999999, 5.0], [40.87067168, -119.10439188999999, 5.0], [40.87067168, -119.10439188999999, 5.0], [40.87067168, -119.10439188999999, 5.0], [40.87067168, -119.10439188999999, 5.0], [40.87067168, -119.10439188999999, 5.0], [40.87067168, -119.10439188999999, 5.0], [40.87067168, -119.10439188999999, 5.0], [40.87067168, -119.10439188999999, 5.0], [40.87067168, -119.10439188999999, 5.0], [40.87067168, -119.10439188999999, 5.0], [40.87067168, -119.10439188999999, 5.0], [40.87067168, -119.10439188999999, 5.0]], "unix time": [0.0, 0.0, 0.0, 0.0, 0.0, 0.0, 0.0, 0.0, 0.0, 0.0, 0.0, 0.0, 0.0, 0.0, 0.0, 0.0, 0.0, 0.0, 0.0, 0.0, 0.0, 0.0, 0.0, 0.0, 0.0, 0.0, 0.0, 0.0, 0.0, 0.0, 0.0, 0.0, 0.0, 0.0, 0.0, 0.0, 0.0, 0.0, 0.0, 0.0, 0.0, 0.0, 0.0, 0.0, 0.0, 0.0, 0.0, 0.0, 0.0, 0.0, 0.0, 0.0, 0.0, 0.0, 0.0, 0.0, 0.0, 0.0, 0.0, 0.0, 0.0, 0.0]}