{"mode": ["0.0", "0.0", "HOLD", "HOLD", "HOLD"], "lat_deg": [0.0, 0.0, 0.0, 0.0, 0.0], "lng_deg": [0.0, 0.0, 0.0, 0.0, 0.0], "abs_alt_m": [0.0, 0.0, 0.0, 0.0, 0.0], "rel_alt_m": [0.0, 0.0, 0.0, 0.0, 0.0], "x_m": [0.0, -1.088505744934082, -0.9959790706634521, -0.9671608209609985, -0.9357331395149231], "y_m": [0.0, 0.03659377247095108, -0.04461454972624779, -0.09096917510032654, -0.1268182247877121], "pitch_deg": [0.0, -11.855294227600098, -15.700450897216797, -19.523500442504883, -17.332746505737305], "roll_deg": [0.0, -21.259675979614258, -1.5849617719650269, 17.29795265197754, 15.224599838256836], "yaw_deg": [0.0, 142.52569580078125, 107.09774780273438, 96.81981658935547, 98.6309585571289], "lidar": [-1, 0.3720961817010306, 1.2851010895970445, 0.373786577426808, 0.40924098962960476], "target point": [[null, null, null], [null, null, null], [null, null, null], [null, null, null], [null, null, null]], "unix time": [0.0, 0.0, 0.0, 0.0, 0.0]}