{"mode": ["0.0", "0.0", "HOLD", "HOLD", "HOLD", "HOLD", "HOLD", "HOLD"], "lat_deg": [0.0, 0.0, 0.0, 0.0, 0.0, 0.0, 0.0, 0.0], "lng_deg": [0.0, 0.0, 0.0, 0.0, 0.0, 0.0, 0.0, 0.0], "abs_alt_m": [0.0, 0.0, 0.0, 0.0, 0.0, 0.0, 0.0, 0.0], "rel_alt_m": [0.0, 0.0, 0.0, 0.0, 0.0, 0.0, 0.0, 0.0], "x_m": [0.0, -0.24065032601356506, -0.3027651309967041, -0.37981003522872925, -0.43728482723236084, -0.5296782851219177, -0.6340380311012268, -0.7077146768569946], "y_m": [0.0, 0.16790351271629333, 0.028694313019514084, -0.07017672061920166, -0.2421843558549881, -0.4057484567165375, -0.5332412123680115, -0.5991767644882202], "pitch_deg": [0.0, 15.915508270263672, 7.985060214996338, -0.6758604049682617, -0.46111276745796204, -4.727957725524902, -0.36480075120925903, -0.7477121353149414], "roll_deg": [0.0, 24.95301628112793, 36.12230682373047, 54.27916717529297, 53.10307693481445, 39.42822265625, 26.574247360229492, 26.395845413208008], "yaw_deg": [0.0, 17.890010833740234, 22.85382843017578, 20.083744049072266, 13.327401161193848, 20.616302490234375, 21.19156837463379, 17.094873428344727], "lidar": [-1, 0.338649736299665, 0.28714520344998046, 0.15779480385052366, 0.13827665869012284, 0.1864858402619513, 0.27959977315953033, 0.3034479903767463], "target point": [[null, null, null], [null, null, null], [null, null, null], [null, null, null], [null, null, null], [null, null, null], [null, null, null], [null, null, null]], "unix time": [0.0, 0.0, 0.0, 0.0, 0.0, 0.0, 0.0, 0.0]}