{"lat_deg": [0.0, 0.0, 0.0, 0.0, 0.0, 0.0, 0.0, 0.0, 0.0, 0.0, 0.0, 0.0, 0.0, 0.0], "lng_deg": [0.0, 0.0, 0.0, 0.0, 0.0, 0.0, 0.0, 0.0, 0.0, 0.0, 0.0, 0.0, 0.0, 0.0], "rel_alt_m": [0.0, 0.0, 0.0, 0.0, 0.0, 0.0, 0.0, 0.0, 0.0, 0.0, 0.0, 0.0, 0.0, 0.0], "lidar": [-1, 0.009990480665000944, 0.00998906652488439, 0.009988107250774935, 0.009987301419988008, 0.009986696887838138, 0.009985973520656341, 0.009985565042825965, 0.0, 0.01996931469851373, 0.009984374718238934, 0.009984011418667183, 0.0, 0.009983718771033536], "target point": [[40.87067168, -119.10439188999999, 5.0], [40.87067168, -119.10439188999999, 5.0], [40.87067168, -119.10439188999999, 5.0], [40.87067168, -119.10439188999999, 5.0], [40.87067168, -119.10439188999999, 5.0], [40.87067168, -119.10439188999999, 5.0], [40.87067168, -119.10439188999999, 5.0], [40.87067168, -119.10439188999999, 5.0], [40.87067168, -119.10439188999999, 5.0], [40.87067168, -119.10439188999999, 5.0], [40.87067168, -119.10439188999999, 5.0], [40.87067168, -119.10439188999999, 5.0], [40.87067168, -119.10439188999999, 5.0], [40.87067168, -119.10439188999999, 5.0]], "unix time": [0.0, 0.0, 0.0, 0.0, 0.0, 0.0, 0.0, 0.0, 0.0, 0.0, 0.0, 0.0, 0.0, 0.0]}