{"lat_deg": [0.0, 40.6525353, 40.6525351, 40.652535, 40.6525349, 40.6525348, 40.6525348, 40.6525348, 40.6525348, 40.6525348, 40.6525348, 40.6525348, 40.6525348, 40.6525348, 40.6525348, 40.6525348, 40.6525348, 40.6525348, 40.6525348, 40.6525348, 40.6525348, 40.652549, 40.6525499, 40.6525508, 40.652550999999995, 40.6525521, 40.652552799999995, 40.652553399999995, 40.6525539, 40.6525543, 40.6525549, 40.6525555, 40.6525545, 40.6525521, 40.6525501, 40.6525483, 40.652546799999996, 40.652545599999996, 40.6525445, 40.6525434, 40.6525427, 40.6525426, 40.652542, 40.6525409, 40.652541299999996, 40.652543099999995, 40.6525463, 40.652549, 40.6525512, 40.652552899999996, 40.652555199999995, 40.6525574, 40.6525596, 40.652562599999996, 40.652564399999996, 40.6525654, 40.652565599999996, 40.6525657, 40.6525659, 40.652566, 40.6525663, 40.6525671, 40.652568699999996, 40.6525689, 40.652568599999995, 40.6525683, 40.6525684, 40.652568099999996, 40.6525685, 40.6525688, 40.652569, 40.652568599999995, 40.6525679, 40.6525676, 40.6525676, 40.652567399999995, 40.652567, 40.652567499999996, 40.6525673, 40.6525666, 40.6525661, 40.6525671, 40.6525676, 40.6525678, 40.6525682, 40.652568699999996, 40.652570399999995, 40.6525719, 40.652573, 40.652574, 40.6525748, 40.652575899999995, 40.652577699999995, 40.652580799999996, 40.652585599999995, 40.6525907, 40.6525946, 40.6525967, 40.6525993, 40.652602699999996, 40.652607599999996, 40.6526146, 40.652621499999995, 40.6526255, 40.6526263, 40.6526251, 40.6526244, 40.6526244, 40.6526251, 40.6526277, 40.652628799999995, 40.652628199999995, 40.6526286, 40.6526297, 40.652630699999996], "lng_deg": [0.0, -119.354354, -119.35435349999999, -119.35435319999999, -119.35435319999999, -119.35435269999999, -119.35435269999999, -119.35435269999999, -119.35435269999999, -119.35435269999999, -119.35435269999999, -119.35435269999999, -119.35435269999999, -119.35435269999999, -119.35435269999999, -119.35435269999999, -119.35435269999999, -119.35435269999999, -119.35435269999999, -119.35435269999999, -119.35435269999999, -119.35434889999999, -119.3543492, -119.35434959999999, -119.3543497, -119.35435059999999, -119.354351, -119.35435129999999, -119.3543517, -119.3543522, -119.3543528, -119.35435349999999, -119.35435559999999, -119.3543579, -119.35435729999999, -119.3543552, -119.3543522, -119.3543493, -119.3543474, -119.35434599999999, -119.354345, -119.3543424, -119.35433889999999, -119.3543359, -119.35433309999999, -119.35433239999999, -119.3543306, -119.3543291, -119.35432759999999, -119.3543263, -119.354326, -119.35432709999999, -119.3543285, -119.3543297, -119.3543311, -119.3543323, -119.3543334, -119.3543335, -119.3543333, -119.3543334, -119.35433289999999, -119.354332, -119.3543325, -119.35433169999999, -119.3543316, -119.3543316, -119.35433139999999, -119.35433189999999, -119.3543318, -119.35433049999999, -119.35432949999999, -119.3543294, -119.3543297, -119.3543291, -119.354327, -119.3543265, -119.35432689999999, -119.3543273, -119.3543272, -119.35432619999999, -119.35432449999999, -119.354321, -119.3543143, -119.3543086, -119.35430769999999, -119.3543052, -119.3543014, -119.35429339999999, -119.3542811, -119.354267, -119.35425649999999, -119.35424669999999, -119.354242, -119.3542437, -119.3542533, -119.35426419999999, -119.354271, -119.35427299999999, -119.3542743, -119.3542743, -119.3542762, -119.35428399999999, -119.35429269999999, -119.3542974, -119.3542968, -119.3542935, -119.35429049999999, -119.354288, -119.35428399999999, -119.35427849999999, -119.35427639999999, -119.35427589999999, -119.3542749, -119.354272, -119.35427089999999], "rel_alt_m": [0.0, 0.5410000085830688, 0.5860000252723694, 0.6150000095367432, 0.6360000371932983, 0.6080000400543213, 0.5950000286102295, 0.5950000286102295, 0.5950000286102295, 0.5950000286102295, 0.5950000286102295, 0.5950000286102295, 0.5950000286102295, 0.5950000286102295, 0.5950000286102295, 0.5950000286102295, 0.5950000286102295, 0.5950000286102295, 0.5950000286102295, 0.5950000286102295, 0.5950000286102295, -0.02800000086426735, -0.10200000554323196, -0.1980000138282776, -0.22500000894069672, 0.0, 0.003000000026077032, 0.04100000113248825, 0.09200000762939453, 0.021000001579523087, 0.006000000052154064, -0.04500000178813934, -0.06100000441074371, 0.22500000894069672, 0.2850000262260437, 0.2850000262260437, 0.32200002670288086, 0.32500001788139343, 0.2630000114440918, 0.06800000369548798, -0.1980000138282776, -0.367000013589859, -0.32600000500679016, -0.19700001180171967, 0.06000000238418579, 0.1730000078678131, 0.06800000369548798, -0.052000001072883606, -0.1420000046491623, -0.1730000078678131, -0.07400000095367432, 0.16100001335144043, 0.33500000834465027, 0.37800002098083496, 0.3880000114440918, 0.4150000214576721, 0.45900002121925354, 0.4910000264644623, 0.4350000321865082, 0.28600001335144043, 0.17500001192092896, 0.17500001192092896, 0.2120000123977661, 0.33000001311302185, 0.4880000352859497, 0.6530000567436218, 0.7680000066757202, 0.8600000143051147, 0.9050000309944153, 0.8850000500679016, 0.8340000510215759, 0.7630000114440918, 0.7150000333786011, 0.6110000014305115, 0.5049999952316284, 0.5049999952316284, 0.47200003266334534, 0.40800002217292786, 0.2840000092983246, 0.16200000047683716, 0.014000000432133675, -0.13900001347064972, -0.22300000488758087, -0.3240000009536743, -0.4440000355243683, -0.5270000100135803, -0.5580000281333923, -0.550000011920929, -0.5470000505447388, -0.5130000114440918, -0.4310000240802765, -0.3050000071525574, 0.4090000092983246, 3.621000289916992, 5.361000061035156, 6.4160003662109375, 6.959000110626221, 6.961000442504883, 6.838000297546387, 6.719000339508057, 6.612000465393066, 6.565000534057617, 6.7330002784729, 6.955000400543213, 7.36400032043457, 7.584000587463379, 7.48900032043457, 7.187000274658203, 6.7220001220703125, 6.051000118255615, 5.557000160217285, 4.879000186920166, 4.187000274658203, 3.5810000896453857, 3.06600022315979], "lidar": [-1, 0.07335522707679983, 0.06346590845062497, 0.11445707101836765, 1.2999176350694335, 1.2454564412874851, 1.1166890309937973, 1.1421143570528904, 1.0676909875252303, 1.0838727200640603, 0.7837087544998824, 0.9718375880428131, 1.0991196386094977, 0.9174891303938659, 1.1048089370639882, 1.2754600616747764, 1.2671353894827395, 1.2042776684758159, 1.246335111752795, 1.2796964498934813, 0.07925166677967814, 0.08776387928290258, 0.08815409886023284, 0.08825005063366102, 0.1278543224017183, 1.1800230681928243, 1.2813298347329196, 1.2805399638981338, 1.2881349229971228, 1.2721530585970797, 1.2361269132719994, 1.1828114097010167, 1.1347608040997654, 1.4834704297829588, 1.7614330389062334, 1.8755068579926097, 1.9119262698204018, 1.8527280756907516, 1.7018080895356091, 1.4195019515610725, 1.1093447235896057, 0.9609479384238144, 1.113985826780885, 1.4334332015312758, 1.7332246857260272, 1.8652234479464314, 1.6507974250129809, 1.4126788121417084, 1.1899994003179544, 1.0641267937461059, 1.0714681394022247, 1.2781093795251255, 1.4627829419695901, 1.4547135774988071, 1.394314322314513, 1.368417928677067, 1.3512630785946116, 1.3600113873733548, 36.32123488190438, 0, 0, 0, 0, 74.25977732108834, 1.2924315072392998, 1.3589641017803877, 1.3753937830540393, 1.4198487546421954, 1.3947938845558765, 1.3269976723988537, 1.2989805324807238, 1.2896999499171888, 1.3450287787575763, 1.3218965744091977, 1.1876739273671204, 1.314306893283518, 1.4065350704509587, 1.4886754276084084, 1.594998884309782, 89.09370078338502, 41.82562450750708, 17.802365513038428, 7.44292954689322, 2.288510970113214, 0, 0, 0, 0, 0, 0, 0, 0, 0, 0, 0, 0, 1.423734401970087, 1.3618143232151032, 1.3660909799371257, 1.328872526552749, 1.3291644230890665, 1.329525836850267, 1.32960096754925, 1.3298234246490446, 1.319808633812699, 1.3298216079722804, 1.3199482378454017, 1.405242769608009, 1.3368277007780451, 0.5888466152965881, 1.3625418708762416, 1.2923191990602174, 0.9507159303600955, 1.0271771517627082, 0.5098083921307595],