{"mode": ["0.0", "HOLD", "HOLD", "HOLD", "HOLD", "HOLD", "HOLD", "HOLD", "HOLD", "HOLD", "TAKEOFF", "TAKEOFF", "TAKEOFF", "TAKEOFF", "TAKEOFF", "TAKEOFF", "TAKEOFF", "TAKEOFF", "TAKEOFF", "TAKEOFF", "TAKEOFF", "TAKEOFF", "TAKEOFF", "TAKEOFF", "TAKEOFF", "TAKEOFF", "TAKEOFF", "TAKEOFF", "TAKEOFF", "TAKEOFF", "LAND", "LAND", "LAND", "LAND", "LAND", "LAND"], "lat_deg": [0.0, 40.653003999999996, 40.6530041, 40.6530043, 40.6530045, 40.653004599999996, 40.6530048, 40.6530049, 40.6530051, 40.653005199999996, 40.6530054, 40.6530056, 40.6530057, 40.653005199999996, 40.6530047, 40.6530043, 40.6530041, 40.6530042, 40.6530038, 40.6530037, 40.6530043, 40.6530051, 40.6530059, 40.6530063, 40.6530065, 40.6530066, 40.6530063, 40.6530053, 40.653003999999996, 40.653002799999996, 40.653001499999995, 40.6530018, 40.653001599999996, 40.6530017, 40.6530018, 40.653002], "lng_deg": [0.0, -119.3534014, -119.35340149999999, -119.35340149999999, -119.35340149999999, -119.3534014, -119.3534013, -119.3534012, -119.3534012, -119.3534011, -119.35340099999999, -119.35340079999999, -119.35339959999999, -119.353398, -119.3533964, -119.3533957, -119.3533963, -119.35339769999999, -119.3533987, -119.3534, -119.3534014, -119.3534026, -119.353403, -119.35340289999999, -119.35340289999999, -119.3534028, -119.3534026, -119.35340199999999, -119.35340079999999, -119.3533994, -119.3533985, -119.35339739999999, -119.3533973, -119.3533973, -119.3533973, -119.3533973], "abs_alt_m": [0.0, 1196.1590576171875, 1196.2000732421875, 1196.2340087890625, 1196.260009765625, 1196.2520751953125, 1196.2520751953125, 1196.26611328125, 1196.2960205078125, 1196.3131103515625, 1196.3270263671875, 1196.363037109375, 1196.5360107421875, 1196.76708984375, 1196.885009765625, 1196.8250732421875, 1196.7110595703125, 1196.612060546875, 1196.5980224609375, 1196.6680908203125, 1196.8280029296875, 1197.1051025390625, 1197.5030517578125, 1198.0020751953125, 1198.447021484375, 1198.531005859375, 1198.153076171875, 1197.614013671875, 1197.1680908203125, 1196.7840576171875, 1196.6610107421875, 1196.5250244140625, 1196.4410400390625, 1196.3861083984375, 1196.3570556640625, 1196.3291015625], "rel_alt_m": [0.0, 0.00800000037997961, 0.04800000041723251, 0.08300000429153442, 0.10900000482797623, 0.10100000351667404, 0.10100000351667404, 0.010000000707805157, 0.04100000113248825, 0.058000002056360245, 0.07100000232458115, 0.027000000700354576, 0.20100000500679016, 0.4320000112056732, 0.550000011920929, 0.49000000953674316, 0.3750000298023224, 0.2770000100135803, 0.2630000114440918, 0.3330000042915344, 0.4930000305175781, 0.7700000405311584, 1.1680001020431519, 1.6670000553131104, 2.111999988555908, 2.196000099182129, 1.818000078201294, 1.2790000438690186, 0.8330000638961792, 0.4490000307559967, 0.32600000500679016, 0.1900000125169754, 0.10600000619888306, 0.05100000277161598, 0.02200000174343586, -0.005000000353902578], "x_m": [0.0, 53.37976837158203, 53.39697265625, 53.413780212402344, 53.431297302246094, 53.45146942138672, 53.46645736694336, 53.4822998046875, 53.502159118652344, 53.51739501953125, 53.537452697753906, 53.55641555786133, 53.5701789855957, 53.506404876708984, 53.45208740234375, 53.40341567993164, 53.394290924072266, 53.39828872680664, 53.35398864746094, 53.34988784790039, 53.41238784790039, 53.50931167602539, 53.594505310058594, 53.64225387573242, 53.66041564941406, 53.6637077331543, 53.62698745727539, 53.52855682373047, 53.38086700439453, 53.2415657043457, 53.103179931640625, 53.12540817260742, 53.115447998046875, 53.12393569946289, 53.139713287353516, 53.16123962402344], "y_m": [0.0, 81.48377990722656, 81.48096466064453, 81.47978210449219, 81.48196411132812, 81.48831176757812, 81.49596405029297, 81.5038833618164, 81.50764465332031, 81.51761627197266, 81.5247573852539, 81.5408706665039, 81.65811920166016, 81.7993392944336, 81.92340087890625, 81.96957397460938, 81.92511749267578, 81.79798889160156, 81.71261596679688, 81.60346984863281, 81.48627471923828, 81.38050079345703, 81.34971618652344, 81.36341857910156, 81.36437225341797, 81.3753433227539, 81.38935089111328, 81.43513488769531, 81.5392837524414, 81.65691375732422, 81.73197174072266, 81.82423400878906, 81.83419036865234, 81.83026123046875, 81.8348388671875, 81.82868194580078], "pitch_deg": [0.0, -0.18813841044902802, -0.1860254406929016, -0.19183586537837982, -0.19662825763225555, -0.18680720031261444, -0.1955922544002533, -0.4121685028076172, -0.5501981973648071, -0.5318423509597778, -1.0142848491668701, -0.005216666497290134, 2.345862627029419, 3.433880090713501, 2.551912546157837, 0.7113975882530212, 0.11457565426826477, 0.806768000125885, -0.14348669350147247, 0.4825270175933838, 1.8658299446105957, 2.747615337371826, 2.292830228805542, 1.7286453247070312, 1.2394381761550903, 0.8967875838279724, 0.8006315231323242, 0.5538918375968933, -0.09931351989507675, 0.9742076396942139, 4.648714065551758, 1.117671251296997, 2.546814441680908, 3.041623830795288, 3.068028211593628, 3.0527470111846924], "roll_deg": [0.0, -1.554389476776123, -1.547318458557129, -1.5472677946090698, -1.5599790811538696, -1.557399868965149, -1.5504285097122192, -1.7737826108932495, -2.0757975578308105, -1.9881889820098877, -1.0398532152175903, 0.30618342757225037, 3.2281360626220703, 3.8967344760894775, 4.954257965087891, 3.799043655395508, 1.5799551010131836, 2.2057595252990723, 3.601942777633667, 1.543351650238037, -0.730794370174408, 0.49220186471939087, 0.1850121021270752, -0.6940490007400513, -0.6017634272575378, -0.7940815687179565, 0.3158593773841858, 1.8856453895568848, 3.2909128665924072, -2.062069892883301, -28.8276309967041, 0.29909858107566833, -4.663188457489014, -3.681807279586792, -3.527669668197632, -3.504331350326538], "yaw_deg": [0.0, 142.4525604248047, 142.205810546875, 141.97308349609375, 141.73294067382812, 141.50816345214844, 141.29833984375, 141.22044372558594, 141.196044921875, 141.04466247558594, 141.07696533203125, 142.40280151367188, 142.6889190673828, 157.60202026367188, -177.98907470703125, -155.7411651611328, -132.32965087890625, -108.88895416259766, -82.29279327392578, -63.42250442504883, -65.17863464355469, -66.16764831542969, -65.6600341796875, -55.97274398803711, -73.42790985107422, -98.642333984375, -101.8747787475586, -101.76262664794922, -101.85396575927734, -102.02682495117188, -78.51519012451172, -34.11808395385742, -34.15733337402344, -35.41490936279297, -38.39119338989258, -39.073829650878906], "lidar": [-1, 0.00999627548087631, 0.019992597915813804, 0.009996276985324772, 0.02998874369118923, 0.019992472116133926, 0.019992514927068075, 0.019988500911514325, 0.019985782813545475, 0.009992690613288028, 0.019993124560232035, 0.01999572083549034, 0.13964004931255544, 0.37833069955065496, 0.4978698337484806, 0.34875554881453663, 0.11989896386194832, 0.009988509115896589, 0.019974494284742357, 0.10995659836949981, 0.32978778594927427, 0.6391002284834327, 1.0590521442880927, 1.6292882329752434, 2.099391252110138, 2.149336598686006, 1.6098718046316587, 0.8894311679861766, 0.3894594994462427, 0.019984590568652025, 0.03440589566232867, 0.019983696872703075, 0.019923446754113856, 0.019933983674793362, 0.009966750769121345, 0.009967193725385072], "target point": [[null, null, null], [null, null, null], [null, null, null], [null, null, null], [null, null, null], [null, null, null], [null, null, null], [null, null, null], [null, null, null], [null, null, null], [null, null, null], [null, null, null], [null, null, null], [null, null, null], [null, null, null], [null, null, null], [null, null, null], [null, null, null], [null, null, null], [null, null, null], [null, null, null], [null, null, null], [null, null, null], [null, null, null], [null, null, null], [null, null, null], [null, null, null], [null, null, null], [null, null, null], [null, null, null], [null, null, null], [null, null, null], [null, null, null], [null, null, null], [null, null, null], [null, null, null]],