{"mode": ["0.0", "MANUAL", "MANUAL", "MANUAL", "MANUAL", "MANUAL", "MANUAL", "MANUAL", "MANUAL", "MANUAL", "MANUAL", "MANUAL", "MANUAL", "MANUAL", "MANUAL"], "lat_deg": [0.0, 40.8705565, 40.8705564, 40.870556199999996, 40.8705558, 40.870555599999996, 40.8705554, 40.870555499999995, 40.870556, 40.8705559, 40.870556, 40.870556099999995, 40.870556099999995, 40.8705558, 40.870555599999996], "lng_deg": [0.0, -119.1046464, -119.1046463, -119.1046463, -119.1046463, -119.1046464, -119.1046464, -119.1046464, -119.10464619999999, -119.1046454, -119.1046451, -119.10464449999999, -119.1046441, -119.1046442, -119.1046442], "abs_alt_m": [0.0, 1188.5880126953125, 1188.5560302734375, 1188.5460205078125, 1188.5540771484375, 1188.5740966796875, 1188.5941162109375, 1188.5980224609375, 1188.56005859375, 1188.5570068359375, 1188.49609375, 1188.445068359375, 1188.3970947265625, 1188.330078125, 1188.2750244140625], "rel_alt_m": [0.0, -0.09300000220537186, -0.12600000202655792, -0.13500000536441803, -0.12800000607967377, -0.1080000028014183, -0.08700000494718552, -0.08400000631809235, -0.12200000882148743, -0.125, -0.1860000044107437, -0.2370000183582306, -0.2850000262260437, -0.35200002789497375, -0.406000018119812], "x_m": [0.0, 0.6899099349975586, 0.6863973736763, 0.6648717522621155, 0.6127994656562805, 0.5959219336509705, 0.5676119327545166, 0.583898663520813, 0.6294329762458801, 0.6296675801277161, 0.6416194438934326, 0.6470600366592407, 0.6416192054748535, 0.6115435361862183, 0.5936484336853027], "y_m": [0.0, 0.6721323728561401, 0.6749529838562012, 0.6817872524261475, 0.6756939888000488, 0.6673997640609741, 0.6666520237922668, 0.6749313473701477, 0.6933172345161438, 0.7588623762130737, 0.7834771871566772, 0.833257794380188, 0.8601815104484558, 0.8540467619895935, 0.8585222363471985], "pitch_deg": [0.0, 1.8614710569381714, 1.5763226747512817, 2.6362295150756836, 2.227151870727539, 2.776869773864746, 2.29073166847229, -0.9818363189697266, 4.615599155426025, 1.1397236585617065, -2.3133151531219482, -7.461378574371338, -12.789767265319824, -12.691143035888672, -11.839113235473633], "roll_deg": [0.0, 3.216780185699463, 0.5856097936630249, -0.15573430061340332, 2.7432355880737305, 1.8381578922271729, 1.6612608432769775, 6.878518104553223, -1.1201337575912476, -0.9777975678443909, 6.371695518493652, 1.569582462310791, -5.31606388092041, -3.56500244140625, -3.8312017917633057], "yaw_deg": [0.0, 144.4078369140625, 143.3306884765625, 143.88087463378906, 147.17117309570312, 148.6727294921875, 147.30511474609375, 145.22601318359375, 123.40525817871094, 129.81642150878906, 122.0133056640625, 123.74858093261719, 124.43187713623047, 123.80536651611328, 125.49800872802734], "lidar": [-1, 0.3790865570901813, 0.36979960066922485, 0.3696030047343187, 0.3197577372812315, 0.2895441319223517, 0.2794250527227516, 0.25922338825207847, 0.3183075078762693, 0.20973570453366083, 0.30837320264212864, 0.33785015462470314, 0.37082766323006466, 0.30116946759152474, 0.36131992165963317], "target point": [[null, null, null], [null, null, null], [null, null, null], [null, null, null], [null, null, null], [null, null, null], [null, null, null], [null, null, null], [null, null, null], [null, null, null], [null, null, null], [null, null, null], [null, null, null], [null, null, null], [null, null, null]], "unix time": [0.0, 0.0, 1663090812144381, 1663090812144381, 1663090813146381, 1663090813146381, 1663090814143381, 1663090814143381, 1663090815144381, 1663090815144381, 1663090816146381, 1663090816146381, 1663090817144381, 1663090817144381, 1663090818144381]}