{"mode": ["0.0", "0.0", "HOLD", "HOLD", "HOLD", "HOLD", "HOLD", "HOLD", "HOLD", "HOLD", "HOLD", "HOLD", "HOLD", "HOLD", "HOLD"], "lat_deg": [0.0, 40.870638, 40.870638, 40.8706381, 40.870638199999995, 40.870638199999995, 40.870638299999996, 40.8706384, 40.8706384, 40.8706385, 40.8706384, 40.870638299999996, 40.870638299999996, 40.870638299999996, 40.8706384], "lng_deg": [0.0, -119.10433049999999, -119.10433049999999, -119.1043306, -119.1043306, -119.10433069999999, -119.10433069999999, -119.1043306, -119.1043306, -119.1043308, -119.10433099999999, -119.1043311, -119.1043311, -119.10433119999999, -119.10433139999999], "abs_alt_m": [0.0, 1185.81201171875, 1185.8140869140625, 1185.81201171875, 1185.8280029296875, 1185.83203125, 1185.8341064453125, 1185.839111328125, 1185.8360595703125, 1185.820068359375, 1185.80810546875, 1185.8040771484375, 1185.8160400390625, 1185.821044921875, 1185.80908203125], "rel_alt_m": [0.0, 0.007000000216066837, 0.009000000543892384, 0.00800000037997961, 0.024000000208616257, 0.02800000086426735, 0.029000001028180122, 0.03500000014901161, 0.03200000151991844, 0.01600000075995922, 0.004000000189989805, 0.0, 0.012000000104308128, 0.01600000075995922, 0.005000000353902578], "x_m": [0.0, 9.908801078796387, 9.915928840637207, 9.922253608703613, 9.932962417602539, 9.932069778442383, 9.943345069885254, 9.955280303955078, 9.963821411132812, 9.961479187011719, 9.957208633422852, 9.949541091918945, 9.944855690002441, 9.94728946685791, 9.953068733215332], "y_m": [0.0, 23.566539764404297, 23.562114715576172, 23.557321548461914, 23.556381225585938, 23.549835205078125, 23.544862747192383, 23.552968978881836, 23.552343368530273, 23.540708541870117, 23.515640258789062, 23.511520385742188, 23.514997482299805, 23.50718879699707, 23.489377975463867], "pitch_deg": [0.0, 2.7687840461730957, 2.8750200271606445, 2.905735731124878, 2.899056911468506, 2.8714489936828613, 3.059661626815796, 3.0069735050201416, 2.9345803260803223, 2.7219972610473633, 2.8305306434631348, 2.9161157608032227, 2.89886212348938, 2.9473800659179688, 2.970637798309326], "roll_deg": [0.0, 4.049937725067139, 4.031378746032715, 4.091735363006592, 4.169033050537109, 4.100265026092529, 4.154529571533203, 4.398876190185547, 4.395412445068359, 4.536006927490234, 4.268002033233643, 4.306885719299316, 4.2353315353393555, 4.284639835357666, 4.468491554260254], "yaw_deg": [0.0, 52.76902770996094, 52.757076263427734, 52.79735565185547, 52.8428840637207, 52.795074462890625, 52.70233917236328, 52.87147521972656, 52.840396881103516, 53.50457763671875, 53.285377502441406, 53.152549743652344, 52.987857818603516, 53.050682067871094, 53.05854415893555], "lidar": [-1, 0.029888798192110353, 0.019925886867329903, 0.029884123488334545, 0.029882910153155872, 0.02988670755944355, 0.01991926914596691, 0.029872368616246456, 0.029871228721772017, 0.019908374415721585, 0.029883889139727112, 0.029879589920668144, 0.029881156772476682, 0.02987882653930672, 0.0199122896805134], "target point": [[null, null, null], [null, null, null], [null, null, null], [null, null, null], [null, null, null], [null, null, null], [null, null, null], [null, null, null], [null, null, null], [null, null, null], [null, null, null], [null, null, null], [null, null, null], [null, null, null], [null, null, null]], "unix time": [0.0, 1663092003663086, 1663092003663086, 1663092004664086, 1663092004664086, 1663092005664086, 1663092006661086, 1663092006661086, 1663092007661086, 1663092007661086, 1663092008661086, 1663092008661086, 1663092009664086, 1663092009664086, 1663092010661086]}