{"mode": ["0.0", "MANUAL", "MANUAL", "LAND", "LAND", "MANUAL"], "lat_deg": [0.0, 40.870889, 40.8708892, 40.870889399999996, 40.8708897, 40.8708895], "lng_deg": [0.0, -119.1045324, -119.10453249999999, -119.10453249999999, -119.10453229999999, -119.10453249999999], "abs_alt_m": [0.0, 1193.5120849609375, 1193.5330810546875, 1193.5430908203125, 1193.56103515625, 1193.5750732421875], "rel_alt_m": [0.0, -0.43400001525878906, -0.4130000174045563, -0.40400001406669617, -0.3850000202655792, -0.3720000088214874], "x_m": [0.0, 1.8516570329666138, 1.8719576597213745, 1.8956243991851807, 1.934585690498352, 1.9074097871780396], "y_m": [0.0, 2.0453975200653076, 2.036611318588257, 2.039689064025879, 2.057290554046631, 2.031865119934082], "pitch_deg": [0.0, 1.5205155611038208, 1.5493545532226562, 1.5596284866333008, 4.284823417663574, -2.9056875705718994], "roll_deg": [0.0, 1.028334379196167, 0.9550249576568604, 0.997718095779419, -1.7995362281799316, 7.419548511505127], "yaw_deg": [0.0, -76.06422424316406, -77.35274505615234, -79.17948913574219, -80.05158996582031, -77.6412582397461], "lidar": [-1, 0.019988395647327087, 0.019990029699072213, 0.029984463427604028, 0.029949401492196652, 0.03986364890539231], "target point": [[null, null, null], [null, null, null], [null, null, null], [null, null, null], [null, null, null], [null, null, null]], "unix time": [0.0, 1663094747309577, 1663094747309577, 1663094748307577, 1663094749307577, 1663094749307577]}