{"mode": ["0.0", "0.0", "HOLD", "HOLD", "HOLD", "HOLD", "HOLD", "HOLD", "HOLD"], "lat_deg": [0.0, 40.8708964, 40.870896699999996, 40.8708968, 40.8708968, 40.8708968, 40.8708968, 40.8708968, 40.8708968], "lng_deg": [0.0, -119.1045236, -119.1045237, -119.1045237, -119.1045236, -119.10452339999999, -119.1045233, -119.1045228, -119.1045224], "abs_alt_m": [0.0, 1192.9090576171875, 1192.89208984375, 1192.8551025390625, 1192.8441162109375, 1192.8330078125, 1192.820068359375, 1192.8250732421875, 1192.839111328125], "rel_alt_m": [0.0, 0.0, -0.017000000923871994, -0.05400000140070915, -0.0650000050663948, -0.07600000500679016, -0.08900000154972076, -0.08400000631809235, -0.07000000029802322], "x_m": [0.0, 2.676340341567993, 2.706685781478882, 2.71972393989563, 2.717191696166992, 2.7139523029327393, 2.7162694931030273, 2.7190463542938232, 2.712921380996704], "y_m": [0.0, 2.7883987426757812, 2.7800934314727783, 2.7756712436676025, 2.7927963733673096, 2.805673122406006, 2.819894790649414, 2.8620054721832275, 2.8941738605499268], "pitch_deg": [0.0, 3.506148099899292, 3.4878270626068115, 3.4752931594848633, 3.4861419200897217, 3.4968864917755127, 3.480059862136841, 3.5072553157806396, 3.51533842086792], "roll_deg": [0.0, 2.8644325733184814, 2.8698017597198486, 2.8569650650024414, 2.8461382389068604, 2.8396129608154297, 2.8381905555725098, 2.847571611404419, 2.8415188789367676], "yaw_deg": [0.0, -55.17369842529297, -55.131126403808594, -55.144775390625, -55.177085876464844, -55.17115783691406, -55.13142013549805, -55.09505081176758, -55.050559997558594], "lidar": [-1, 0.0199374037525515, 0.019938134486295406, 0.029907250263925936, 0.02990751353453136, 0.01993829389278474, 0.029907923557484516, 0.02990692566673926, 0.02990705859221897], "target point": [[null, null, null], [null, null, null], [null, null, null], [null, null, null], [null, null, null], [null, null, null], [null, null, null], [null, null, null], [null, null, null]], "unix time": [0.0, 0.0, 1663094767308577, 1663094767308577, 1663094768309577, 1663094768309577, 1663094769307577, 1663094769307577, 1663094770310577]}