{"mode": ["0.0", "MANUAL", "MANUAL", "HOLD"], "lat_deg": [0.0, 40.87142, 40.8714198, 40.871419499999995], "lng_deg": [0.0, -119.10571859999999, -119.1057194, -119.1057208], "abs_alt_m": [0.0, 1186.5640869140625, 1186.5780029296875, 1186.60107421875], "rel_alt_m": [0.0, 0.02800000086426735, 0.0430000014603138, 0.0650000050663948], "x_m": [0.0, -0.343019038438797, -0.36223042011260986, -0.39580920338630676], "y_m": [0.0, -1.3241811990737915, -1.3909904956817627, -1.5142170190811157], "pitch_deg": [0.0, 2.372514009475708, 2.3494279384613037, 2.3386197090148926], "roll_deg": [0.0, -2.3200323581695557, -2.3187966346740723, -2.3202924728393555], "yaw_deg": [0.0, -96.92868041992188, -96.96961975097656, -96.998046875], "lidar": [-1, 0.01996672402426164, 0.019966504115152873, 0.01996686050547519], "target point": [[null, null, null], [null, null, null], [null, null, null], [null, null, null]], "unix time": [0.0, 1663095281408971, 1663095281408971, 1663095282409971]}