{"mode": ["0.0", "MANUAL", "MANUAL", "HOLD", "HOLD", "HOLD", "HOLD", "HOLD", "HOLD", "HOLD", "HOLD", "HOLD"], "lat_deg": [0.0, 0.0, 0.0, 0.0, 0.0, 0.0, 0.0, 0.0, 0.0, 0.0, 0.0, 0.0], "lng_deg": [0.0, 0.0, 0.0, 0.0, 0.0, 0.0, 0.0, 0.0, 0.0, 0.0, 0.0, 0.0], "abs_alt_m": [0.0, 0.0, 0.0, 0.0, 0.0, 0.0, 0.0, 0.0, 0.0, 0.0, 0.0, 0.0], "rel_alt_m": [0.0, 0.0, 0.0, 0.0, 0.0, 0.0, 0.0, 0.0, 0.0, 0.0, 0.0, 0.0], "x_m": [0.0, -0.002907851245254278, -0.002071645576506853, -0.0009921952150762081, 5.7783745432971045e-05, 0.0005439535016193986, 0.0007146117277443409, 0.0011223332257941365, 0.0015791143523529172, 0.001957640750333667, 0.00233078352175653, 0.0021769502200186253], "y_m": [0.0, 0.031634360551834106, 0.032913558185100555, 0.034144315868616104, 0.034833334386348724, 0.03557660058140755, 0.035098377615213394, 0.035196613520383835, 0.03469881787896156, 0.03461891785264015, 0.03494362160563469, 0.03466079756617546], "pitch_deg": [0.0, 0.7595102190971375, 0.7502893805503845, 0.7586557269096375, 0.759355902671814, 0.7530672550201416, 0.76042240858078, 0.7565688490867615, 0.7622560858726501, 0.7557663917541504, 0.7589405179023743, 0.759857714176178], "roll_deg": [0.0, 0.9951103925704956, 0.9917718172073364, 0.9908838868141174, 0.9904137849807739, 0.9916311502456665, 0.9922580122947693, 0.9873831868171692, 0.9924808740615845, 0.9937652349472046, 0.9951399564743042, 0.9965505003929138], "yaw_deg": [0.0, 47.17142868041992, 47.171077728271484, 47.171443939208984, 47.17090606689453, 47.183326721191406, 47.17732238769531, 47.18487548828125, 47.184791564941406, 47.18340301513672, 47.189308166503906, 47.19318771362305], "lidar": [-1, 0.009997634904958473, 0.019995293542573456, 0.01999524434183914, 0.019995257384178792, 0.009997639161458368, 0.019995232728209314, 0.019995254233540954, 0.019995271871232, 0.019995226072218597, 0.029992842920234845, 0.009997598831303104], "target point": [[null, null, null], [null, null, null], [null, null, null], [null, null, null], [null, null, null], [null, null, null], [null, null, null], [null, null, null], [null, null, null], [null, null, null], [null, null, null], [null, null, null]], "unix time": [0.0, 0.0, 0.0, 0.0, 0.0, 0.0, 0.0, 0.0, 0.0, 0.0, 0.0, 0.0]}