{"mode": ["0.0", "0.0", "HOLD", "HOLD", "HOLD", "HOLD", "HOLD", "HOLD", "HOLD", "HOLD"], "lat_deg": [0.0, 0.0, 0.0, 0.0, 0.0, 0.0, 0.0, 0.0, 0.0, 0.0], "lng_deg": [0.0, 0.0, 0.0, 0.0, 0.0, 0.0, 0.0, 0.0, 0.0, 0.0], "abs_alt_m": [0.0, 0.0, 0.0, 0.0, 0.0, 0.0, 0.0, 0.0, 0.0, 0.0], "rel_alt_m": [0.0, 0.0, 0.0, 0.0, 0.0, 0.0, 0.0, 0.0, 0.0, 0.0], "x_m": [0.0, -0.008647001348435879, -0.007288964465260506, -0.005939689930528402, -0.004589339252561331, -0.003616674104705453, -0.002902871696278453, -0.0022903403732925653, -0.001958834007382393, -0.0015566203510388732], "y_m": [0.0, 0.03724934905767441, 0.03761725500226021, 0.0393240749835968, 0.04063323885202408, 0.042790915817022324, 0.04464222118258476, 0.04579469561576843, 0.04813789948821068, 0.04945223405957222], "pitch_deg": [0.0, 0.7516629695892334, 0.742978572845459, 0.7427307367324829, 0.7353691458702087, 0.741261899471283, 0.7331844568252563, 0.7334689497947693, 0.7298957705497742, 0.7314985990524292], "roll_deg": [0.0, 1.0119502544403076, 1.0121536254882812, 1.0181130170822144, 1.0199670791625977, 1.0195387601852417, 1.0216363668441772, 1.0268381834030151, 1.0286927223205566, 1.0295127630233765], "yaw_deg": [0.0, 47.19797897338867, 47.19377517700195, 47.19622039794922, 47.19645690917969, 47.19507598876953, 47.20161819458008, 47.19693374633789, 47.2045783996582, 47.206275939941406], "lidar": [-1, 0.019995174404414506, 0.009997587747512563, 0.009997568870669925, 0.00999758217560653, 0.019995175470771554, 0.01999514822233178, 0.019995153824352532, 0.02999268071207038, 0.029992787944045907], "target point": [[null, null, null], [null, null, null], [null, null, null], [null, null, null], [null, null, null], [null, null, null], [null, null, null], [null, null, null], [null, null, null], [null, null, null]], "unix time": [0.0, 0.0, 0.0, 0.0, 0.0, 0.0, 0.0, 0.0, 0.0, 0.0]}