{"mode": ["0.0", "0.0", "HOLD", "HOLD", "HOLD", "HOLD", "HOLD"], "lat_deg": [0.0, 0.0, 0.0, 0.0, 0.0, 0.0, 0.0], "lng_deg": [0.0, 0.0, 0.0, 0.0, 0.0, 0.0, 0.0], "abs_alt_m": [0.0, 0.0, 0.0, 0.0, 0.0, 0.0, 0.0], "rel_alt_m": [0.0, 0.0, 0.0, 0.0, 0.0, 0.0, 0.0], "x_m": [0.0, 0.0077454145066440105, 0.006287319585680962, 0.005180897191166878, 0.004412430338561535, 0.004012476187199354, 0.0037760036066174507], "y_m": [0.0, -0.0016077675390988588, -0.0006871246732771397, 0.00016083393711596727, 0.000993601162917912, 0.0015020492719486356, 0.0017003790708258748], "pitch_deg": [0.0, 1.4797812700271606, 1.4760453701019287, 1.484275221824646, 1.4741544723510742, 1.4786440134048462, 1.470847725868225], "roll_deg": [0.0, 0.017773320898413658, 0.014379460364580154, 0.01480047032237053, 0.015242738649249077, 0.014985490590333939, 0.01667538657784462], "yaw_deg": [0.0, -161.9082794189453, -161.82615661621094, -161.74578857421875, -161.66650390625, -161.60211181640625, -161.53134155273438], "lidar": [-1, 0.019993298065286363, 0.01999333772732441, 0.01999329892246972, 0.019993381843792145, 0.019993312816286926, 0.019993447670511824], "target point": [[null, null, null], [null, null, null], [null, null, null], [null, null, null], [null, null, null], [null, null, null], [null, null, null]], "unix time": [0.0, 0.0, 0.0, 0.0, 0.0, 0.0, 0.0]}