{"mode": ["0.0", "0.0", "HOLD", "HOLD", "HOLD"], "lat_deg": [0.0, 40.6525511, 40.6525508, 40.6525506, 40.6525503], "lng_deg": [0.0, -119.3543029, -119.35430269999999, -119.35430249999999, -119.3543024], "abs_alt_m": [0.0, 1195.8291015625, 1195.830078125, 1195.8350830078125, 1195.8341064453125], "rel_alt_m": [0.0, 0.003000000026077032, 0.005000000353902578, 0.010000000707805157, 0.00800000037997961], "x_m": [0.0, -2.7447092533111572, -2.773540735244751, -2.7998838424682617, -2.8304755687713623], "y_m": [0.0, -1.2172884941101074, -1.20000422000885, -1.1868908405303955, -1.1744476556777954], "pitch_deg": [0.0, 1.4793578386306763, 1.4784696102142334, 1.4595701694488525, 1.4568463563919067], "roll_deg": [0.0, 0.037510354071855545, 0.03886282816529274, 0.044369809329509735, 0.04374969005584717], "yaw_deg": [0.0, -163.28485107421875, -163.2890167236328, -163.2820281982422, -163.2939910888672], "lidar": [-1, 0.019993322661798915, 0.019993326617142558, 0.019993491796094442, 0.01999352891599926], "target point": [[null, null, null], [null, null, null], [null, null, null], [null, null, null], [null, null, null]], "unix time": [0.0, 0.0, 1663135099211756, 1663135099211756, 1663135100207756]}