{"mode": ["0.0", "0.0", "HOLD", "HOLD", "HOLD", "HOLD", "HOLD", "HOLD", "HOLD", "HOLD", "HOLD", "HOLD", "HOLD", "HOLD", "HOLD", "HOLD", "HOLD", "HOLD", "HOLD", "HOLD", "HOLD", "HOLD", "HOLD", "HOLD", "HOLD", "HOLD", "HOLD", "HOLD", "HOLD", "HOLD", "HOLD", "HOLD", "HOLD", "HOLD", "HOLD", "HOLD", "HOLD", "HOLD", "HOLD", "HOLD", "HOLD", "HOLD", "HOLD", "HOLD", "HOLD", "HOLD", "HOLD", "HOLD", "HOLD"], "lat_deg": [0.0, 0.0, 40.652543, 40.6525427, 40.6525424, 40.6525422, 40.652541899999996, 40.6525418, 40.6525417, 40.6525417, 40.6525414, 40.652541299999996, 40.652541299999996, 40.652541299999996, 40.652541, 40.6525408, 40.6525408, 40.652540699999996, 40.6525424, 40.6525429, 40.6525432, 40.652543099999995, 40.6525428, 40.6525428, 40.6525428, 40.6525429, 40.6525433, 40.6525436, 40.6525439, 40.6525441, 40.652544999999996, 40.6525453, 40.6525458, 40.6525464, 40.6525469, 40.652547399999996, 40.6525477, 40.652547999999996, 40.6525483, 40.652548499999995, 40.652548499999995, 40.6525484, 40.6525481, 40.652547299999995, 40.652547, 40.652547399999996, 40.6525475, 40.652547399999996, 40.6525472], "lng_deg": [0.0, 0.0, -119.3542904, -119.35428979999999, -119.35428929999999, -119.35428879999999, -119.3542875, -119.354287, -119.3542865, -119.35428619999999, -119.35428519999999, -119.3542849, -119.3542847, -119.35428449999999, -119.3542842, -119.35428399999999, -119.3542841, -119.35428379999999, -119.3542829, -119.3542829, -119.3542832, -119.35428379999999, -119.35428449999999, -119.3542847, -119.3542847, -119.3542846, -119.35428479999999, -119.3542847, -119.3542847, -119.3542846, -119.3542844, -119.35428429999999, -119.3542842, -119.35428429999999, -119.35428479999999, -119.3542847, -119.35428449999999, -119.35428449999999, -119.35428479999999, -119.35428479999999, -119.3542849, -119.35428499999999, -119.3542853, -119.35428599999999, -119.354287, -119.35428759999999, -119.3542882, -119.3542883, -119.3542883], "abs_alt_m": [0.0, 0.0, 1195.6920166015625, 1195.7010498046875, 1195.715087890625, 1195.7220458984375, 1195.7330322265625, 1195.7410888671875, 1195.739013671875, 1195.7440185546875, 1195.821044921875, 1195.8560791015625, 1195.875, 1195.8800048828125, 1195.905029296875, 1195.9190673828125, 1195.926025390625, 1196.0330810546875, 1197.26708984375, 1197.4310302734375, 1197.548095703125, 1197.6300048828125, 1197.695068359375, 1197.7041015625, 1197.7030029296875, 1197.6890869140625, 1197.68505859375, 1197.6800537109375, 1197.653076171875, 1197.6190185546875, 1197.5941162109375, 1197.5750732421875, 1197.52099609375, 1197.447021484375, 1197.382080078125, 1197.3690185546875, 1197.3380126953125, 1197.3140869140625, 1197.2420654296875, 1197.218017578125, 1197.22900390625, 1197.2520751953125, 1196.9530029296875, 1196.4970703125, 1195.985107421875, 1195.748046875, 1195.5980224609375, 1195.6290283203125, 1195.6590576171875], "rel_alt_m": [0.0, 0.0, -0.036000002175569534, -0.027000000700354576, -0.013000000268220901, -0.006000000052154064, 0.0020000000949949026, 0.010000000707805157, 0.009000000543892384, 0.013000000268220901, 0.09100000560283661, 0.125, 0.14400000870227814, 0.15000000596046448, 0.17400000989437103, 0.18800000846385956, 0.19500000774860382, 0.30300000309944153, 0.7510000467300415, 0.12600000202655792, 0.24400001764297485, 0.32500001788139343, 0.39000001549720764, 0.39900001883506775, 0.398000031709671, 0.3850000202655792, 0.3800000250339508, 0.3750000298023224, 0.3490000069141388, 0.3140000104904175, 0.289000004529953, 0.27000001072883606, 0.2160000056028366, 0.1420000046491623, 0.07700000703334808, 0.06400000303983688, 0.03400000184774399, 0.009000000543892384, -0.06200000271201134, -0.0860000029206276, -0.07500000298023224, -0.052000001072883606, -0.35100001096725464, -0.01900000125169754, -0.531000018119812, -0.7680000066757202, -0.13500000536441803, -0.10300000756978989, -0.07300000637769699], "x_m": [0.0, 0.0, -3.640885829925537, -3.676520824432373, -3.707073450088501, -3.7257683277130127, -3.760005474090576, -3.774989366531372, -3.7839643955230713, -3.791217565536499, -3.8193581104278564, -3.82553768157959, -3.834319591522217, -3.8314054012298584, -3.8645362854003906, -3.891221523284912, -3.889573335647583, -3.9030513763427734, -3.7099967002868652, -3.647627592086792, -3.6127467155456543, -3.6340625286102295, -3.6690664291381836, -3.662039041519165, -3.6587157249450684, -3.650503635406494, -3.605340003967285, -3.5741689205169678, -3.5440833568573, -3.5185062885284424, -3.4226653575897217, -3.381514072418213, -3.3270256519317627, -3.263826608657837, -3.201929807662964, -3.155444860458374, -3.117027759552002, -3.087820529937744, -3.049014091491699, -3.0316576957702637, -3.028721332550049, -3.039956569671631, -3.0839009284973145, -3.1678876876831055, -3.199500322341919, -3.1539433002471924, -3.143981695175171, -3.155170440673828, -3.170621156692505], "y_m": [0.0, 0.0, -0.16251260042190552, -0.11472243070602417, -0.06976974755525589, -0.03320565074682236, 0.08112937211990356, 0.12308435142040253, 0.16048936545848846, 0.1925094574689865, 0.27356186509132385, 0.29955464601516724, 0.31839755177497864, 0.3318485915660858, 0.36111757159233093, 0.37503212690353394, 0.36754584312438965, 0.39475664496421814, 0.4675709307193756, 0.4714606702327728, 0.4404307007789612, 0.3931804597377777, 0.3311857283115387, 0.31994110345840454, 0.3196510970592499, 0.32160237431526184, 0.30867189168930054, 0.3201059103012085, 0.3194662630558014, 0.3238852918148041, 0.34499821066856384, 0.3535749018192291, 0.3575519919395447, 0.353644460439682, 0.30345892906188965, 0.3175390064716339, 0.33543962240219116, 0.33317387104034424, 0.3110587000846863, 0.30679771304130554, 0.2948401868343353, 0.287129282951355, 0.26539531350135803, 0.2006344497203827, 0.10822020471096039, 0.07421895861625671, 0.0244984719902277, 0.012741263024508953, 0.01626925729215145], "pitch_deg": [0.0, 0.0, 1.4579391479492188, 1.4535106420516968, 1.4471708536148071, 1.450727105140686, 1.452528715133667, 1.4378162622451782, 1.4467848539352417, 1.4446803331375122, 1.4182506799697876, 1.42863130569458, 1.4109654426574707, 1.4226667881011963, 1.4118871688842773, 1.0860904455184937, 1.7000057697296143, 14.645978927612305, 7.105159759521484, 8.317214012145996, 9.094338417053223, 10.626723289489746, 9.27812385559082, 8.759997367858887, 9.87148666381836, 9.725071907043457, 10.453227043151855, 10.06415843963623, 8.19512939453125, 8.718438148498535, 11.628190040588379, 8.941366195678711, 9.331976890563965, 9.73858642578125, 9.035022735595703, 8.671859741210938, 9.564604759216309, 9.743790626525879, 9.150385856628418, 8.379467964172363, 10.585537910461426, 9.357008934020996, 10.767126083374023, 7.911377906799316, 8.816566467285156, 6.799775123596191, -0.2272467315196991, -0.2727016508579254, -0.3062196969985962], "roll_deg": [0.0, 0.0, 0.04338846355676651, 0.05146374925971031, 0.05894264951348305, 0.061634231358766556, 0.06307476758956909, 0.06448312848806381, 0.06451906263828278, 0.0660635307431221, 0.06423883140087128, 0.0618843175470829, 0.061200786381959915, 0.06257539987564087, 0.05405455827713013, -0.12551337480545044, -0.16551515460014343, 1.9650007486343384, -0.45900672674179077, 1.460083246231079, 1.4062435626983643, -0.6655852198600769, -0.721472442150116, -1.3577936887741089, -0.753765881061554, -0.5524210929870605, 0.047847896814346313, 0.30625998973846436, 1.0044251680374146, 0.5943787693977356, 0.6551288366317749, 1.7798504829406738, 0.5490797162055969, 1.3015036582946777, 0.5831102728843689, 2.54542875289917, 1.0302238464355469, 1.122827410697937, 1.6810120344161987, 0.7503240704536438, 1.7358758449554443, -0.05664236843585968, 7.214857578277588, -3.0093138217926025, -4.6393842697143555, 5.889368534088135, -1.3350412845611572, -1.3004887104034424, -1.2773685455322266],