{"mode": ["0.0", "0.0", "HOLD", "HOLD", "HOLD", "HOLD", "HOLD", "HOLD", "HOLD", "HOLD", "HOLD", "HOLD", "HOLD", "HOLD", "HOLD", "HOLD", "HOLD", "HOLD", "HOLD", "HOLD", "HOLD", "HOLD", "HOLD", "HOLD", "HOLD", "HOLD", "HOLD", "HOLD", "HOLD", "HOLD", "HOLD", "HOLD", "HOLD"], "lat_deg": [0.0, 0.0, 40.6525853, 40.6525849, 40.6525846, 40.652584399999995, 40.6525841, 40.6525842, 40.6525843, 40.6525843, 40.6525843, 40.652584499999996, 40.652584499999996, 40.6525846, 40.652586, 40.6525861, 40.6525861, 40.6525861, 40.652586299999996, 40.652586299999996, 40.6525864, 40.652586299999996, 40.652586199999995, 40.652586299999996, 40.6525865, 40.6525866, 40.652586299999996, 40.6525868, 40.6525872, 40.6525878, 40.652587499999996, 40.6525872, 40.652586899999996], "lng_deg": [0.0, 0.0, -119.3542937, -119.35429339999999, -119.3542932, -119.35429309999999, -119.3542932, -119.3542937, -119.354294, -119.3542942, -119.3542947, -119.3542951, -119.3542956, -119.3542961, -119.35429549999999, -119.35429599999999, -119.3542966, -119.35429699999999, -119.3542983, -119.3542985, -119.35429889999999, -119.3542992, -119.3543002, -119.3543002, -119.35430029999999, -119.35430029999999, -119.35429979999999, -119.35430029999999, -119.3542999, -119.3543002, -119.35430099999999, -119.3543011, -119.3543011], "abs_alt_m": [0.0, 0.0, 1195.801025390625, 1195.7850341796875, 1195.7821044921875, 1195.7730712890625, 1195.737060546875, 1195.7020263671875, 1195.697021484375, 1195.7080078125, 1196.2200927734375, 1196.738037109375, 1197.0390625, 1197.2620849609375, 1197.3489990234375, 1197.35009765625, 1197.320068359375, 1197.3270263671875, 1197.3350830078125, 1197.320068359375, 1197.2860107421875, 1197.287109375, 1197.2880859375, 1197.30810546875, 1197.300048828125, 1197.2620849609375, 1196.5841064453125, 1196.195068359375, 1195.8170166015625, 1195.572998046875, 1195.5120849609375, 1195.56201171875, 1195.5941162109375], "rel_alt_m": [0.0, 0.0, -0.004000000189989805, -0.01900000125169754, -0.023000001907348633, -0.03200000151991844, -0.06800000369548798, -0.10300000756978989, -0.10700000822544098, -0.09700000286102295, 0.4140000343322754, 0.14600001275539398, 0.44700002670288086, 0.6700000166893005, -0.02200000174343586, -0.021000001579523087, -0.05100000277161598, -0.04400000348687172, -0.036000002175569534, -0.05000000074505806, -0.08500000089406967, -0.08400000631809235, -0.08300000429153442, -0.06300000101327896, -0.07100000232458115, -0.10900000482797623, -0.7870000600814819, -0.3890000283718109, -0.7660000324249268, -0.22300000488758087, -0.2840000092983246, -0.23400001227855682, -0.20100000500679016], "x_m": [0.0, 0.0, 1.055869460105896, 1.0183959007263184, 0.9844018220901489, 0.9609010219573975, 0.9248828291893005, 0.9439435005187988, 0.9492749571800232, 0.9537619352340698, 0.9499716758728027, 0.9738853573799133, 0.9694169163703918, 0.9890096187591553, 1.136134386062622, 1.1549381017684937, 1.1498706340789795, 1.1503572463989258, 1.1676511764526367, 1.1751965284347534, 1.1798981428146362, 1.1778961420059204, 1.1567696332931519, 1.1740065813064575, 1.2018753290176392, 1.2084709405899048, 1.1681127548217773, 1.2409909963607788, 1.2700228691101074, 1.3489129543304443, 1.3037617206573486, 1.2710291147232056, 1.2343757152557373], "y_m": [0.0, 0.0, -0.4391658306121826, -0.4177141785621643, -0.39832326769828796, -0.38903364539146423, -0.4008762538433075, -0.4446275234222412, -0.4672934114933014, -0.4821736514568329, -0.5379502177238464, -0.5633277893066406, -0.6073137521743774, -0.6435117125511169, -0.5972219109535217, -0.639387309551239, -0.6871126890182495, -0.7260187864303589, -0.8314006328582764, -0.8548758029937744, -0.8827338218688965, -0.9067224264144897, -0.9932035207748413, -0.9914975762367249, -0.9982143044471741, -1.0026416778564453, -0.9576314687728882, -1.0054080486297607, -0.9585556983947754, -1.0023373365402222, -1.0625163316726685, -1.065782904624939, -1.0684975385665894], "pitch_deg": [0.0, 0.0, -0.23128892481327057, -0.24229328334331512, -0.2436145544052124, -0.2367129772901535, -0.24610605835914612, -0.23888956010341644, -0.23600831627845764, -0.21023178100585938, 8.562914848327637, 11.511405944824219, 10.224817276000977, 7.754685401916504, 8.287553787231445, 9.349790573120117, 9.02570915222168, 9.196681022644043, 8.10203742980957, 9.476947784423828, 8.321647644042969, 8.314482688903809, 10.213497161865234, 9.428927421569824, 8.980192184448242, 9.199813842773438, 12.829562187194824, 7.3539252281188965, 12.280217170715332, 7.618025302886963, -2.6343698501586914, -2.6787021160125732, -2.6972439289093018], "roll_deg": [0.0, 0.0, -1.4974561929702759, -1.4938035011291504, -1.4890437126159668, -1.49664306640625, -1.5148255825042725, -1.5291650295257568, -1.5297826528549194, -1.511757254600525, -4.416289329528809, 0.5765662789344788, 0.8641238808631897, -2.268080472946167, -5.314058303833008, -6.318033218383789, -5.912374019622803, -6.516144275665283, -10.618776321411133, -9.536113739013672, -8.926777839660645, -8.478411674499512, -5.776927947998047, -6.489769458770752, -4.722280025482178, -1.1133850812911987, -2.8913285732269287, 8.395132064819336, -1.066309928894043, -1.2000328302383423, 1.399144172668457, 1.4199509620666504, 1.442004919052124], "yaw_deg": [0.0, 0.0, 103.25160217285156, 103.24967193603516, 103.23843383789062, 103.23806762695312, 103.21658325195312, 103.20462036132812, 103.19493103027344, 103.19296264648438, 92.31371307373047, 102.21878814697266, 105.78652954101562, 97.68423461914062, 85.30370330810547, 82.57593536376953, 84.3841781616211, 83.59485626220703, 87.24516296386719, 85.34922790527344, 87.08988952636719, 87.70126342773438, 90.01411437988281, 90.06697845458984, 90.81378173828125, 89.68896484375, 70.74114990234375, 55.007568359375, 37.3455810546875, 25.916770935058594, 20.29898452758789, 20.504323959350586, 20.708106994628906], "lidar": [-1, -1, 0.019993014790984108, 0.009996528851320767, 0.019993036548811294, 0.019993001584665906, 0.0299892563514601, 0.01999271756662132, 0.019992737934131245, 0.01999273240845505, 0.5473386864738485, 1.1762027986574157, 1.51731525316999, 1.6379916561942982, 1.7238987586800467, 1.7326594868000655, 1.7194316433037904, 1.7267128139704464, 1.7613356574394408, 1.7524262618632098, 1.749935524893402, 1.7511941416235925, 1.7258660740078269, 1.725040128797817, 1.7214565257256924, 1.6855003882028838, 0.93745471550498, 0.5398081252786809, 0.18391829469435794, 0.039538162940380546, 0.029959407206677002, 0.02995811656566464, 0.029957391594243703], "target point": [[null, null, null], [null, null, null], [null, null, null], [null, null, null], [null, null, null], [null, null, null], [null, null, null], [null, null, null], [null, null, null], [null, null, null], [null, null, null], [null, null, null], [null, null, null], [null, null, null], [null, null, null], [null, null, null], [null, null, null], [null, null, null], [null, null, null], [null, null, null], [null, null, null], [null, null, null], [null, null, null], [null, null, null], [null, null, null], [null, null, null], [null, null, null], [null, null, null], [null, null, null], [null, null, null], [null, null, null], [null, null, null], [null, null, null]], "unix time": [0.0, 0.0, 1663135292207756, 1663135293206756, 1663135293206756, 1663135294207756, 1663135295208756, 1663135296206756, 1663135296206756, 1663135297206756, 1663135298208756, 1663135299208756, 1663135299208756, 1663135300209756, 1663135301206756, 1663135302208756, 1663135302208756, 1663135303209756, 1663135304208756, 1663135305206756, 1663135305206756, 1663135306206756, 1663135307208756, 1663135308206756, 1663135308206756, 1663135309206756, 1663135310209756, 1663135311206756, 1663135311206756, 1663135312207756, 1663135313207756, 1663135314209756, 1663135314209756]}