{"mode": ["0.0", "MANUAL", "MANUAL", "HOLD"], "lat_deg": [0.0, 40.652530399999996, 40.65253, 40.652529699999995], "lng_deg": [0.0, -119.35428619999999, -119.35428619999999, -119.3542861], "abs_alt_m": [0.0, 1202.1671142578125, 1202.1820068359375, 1202.2030029296875], "rel_alt_m": [0.0, 0.0, 0.013000000268220901, 0.03400000184774399], "x_m": [0.0, -0.7878532409667969, -0.8285578489303589, -0.8666578531265259], "y_m": [0.0, 0.9916328191757202, 0.9946331977844238, 1.0001918077468872], "pitch_deg": [0.0, 4.013481140136719, 3.9994678497314453, 3.990459680557251], "roll_deg": [0.0, -1.2061525583267212, -1.218476414680481, -1.217002272605896], "yaw_deg": [0.0, -118.07189178466797, -118.09396362304688, -118.105712890625], "lidar": [-1, 0.019946704546622233, 0.019946753928426795, 0.019947100404621276], "target point": [[null, null, null], [null, null, null], [null, null, null], [null, null, null]], "unix time": [0.0, 0.0, 1663135531011329, 1663135531011329]}