{"mode": ["0.0", "0.0", "HOLD", "HOLD", "HOLD", "HOLD", "HOLD", "HOLD"], "lat_deg": [0.0, 40.652585599999995, 40.6525859, 40.652586, 40.6525861, 40.652586299999996, 40.6525865, 40.6525871], "lng_deg": [0.0, -119.3542828, -119.3542828, -119.3542827, -119.3542827, -119.35428259999999, -119.3542825, -119.35428259999999], "abs_alt_m": [0.0, 1202.1790771484375, 1202.1671142578125, 1202.18310546875, 1202.20703125, 1202.22607421875, 1202.2530517578125, 1202.196044921875], "rel_alt_m": [0.0, -0.10000000149011612, -0.1120000034570694, 0.01100000087171793, 0.03500000014901161, 0.05400000140070915, 0.08100000023841858, 0.024000000208616257], "x_m": [0.0, 5.352952480316162, 5.383838653564453, 5.395547866821289, 5.4136176109313965, 5.43477201461792, 5.4570817947387695, 5.520265579223633], "y_m": [0.0, 1.2741541862487793, 1.2770181894302368, 1.2855113744735718, 1.2901856899261475, 1.2965106964111328, 1.304999589920044, 1.2925626039505005], "pitch_deg": [0.0, -4.074968338012695, -4.088470458984375, -4.108615398406982, -4.106443405151367, -4.123095512390137, -4.132102966308594, -4.083524227142334], "roll_deg": [0.0, 1.3499417304992676, 1.3522570133209229, 1.354673981666565, 1.3606659173965454, 1.3578368425369263, 1.357652187347412, 1.364351749420166], "yaw_deg": [0.0, 157.69610595703125, 157.69078063964844, 157.68954467773438, 157.68673706054688, 157.67343139648438, 157.66770935058594, 157.66873168945312], "lidar": [-1, 0.019943851687966557, 0.019943728518493572, 0.0199430455706907, 0.029914592233731094, 0.019942527420211343, 0.029913538556775844, 0.02991542219169663], "target point": [[null, null, null], [null, null, null], [null, null, null], [null, null, null], [null, null, null], [null, null, null], [null, null, null], [null, null, null]], "unix time": [0.0, 1663135954011329, 1663135954011329, 1663135955010329, 1663135955010329, 1663135956009329, 1663135956009329, 1663135957010329]}