{"mode": ["0.0", "0.0", "HOLD", "HOLD", "HOLD", "HOLD", "HOLD", "HOLD", "HOLD", "HOLD", "HOLD", "HOLD", "HOLD", "HOLD", "HOLD", "HOLD", "HOLD", "HOLD", "HOLD", "HOLD", "HOLD", "HOLD", "HOLD", "HOLD", "HOLD", "HOLD", "HOLD", "HOLD", "HOLD", "HOLD", "HOLD", "HOLD", "HOLD", "HOLD", "HOLD", "HOLD", "HOLD", "HOLD", "HOLD", "HOLD", "HOLD", "HOLD", "HOLD", "HOLD", "HOLD", "HOLD", "HOLD", "HOLD"], "lat_deg": [0.0, 0.0, 40.652585599999995, 40.6525859, 40.652586199999995, 40.6525865, 40.652586899999996, 40.652586899999996, 40.6525868, 40.6525867, 40.6525886, 40.652590499999995, 40.6525932, 40.652595999999996, 40.652598499999996, 40.6525994, 40.652598999999995, 40.652598, 40.6525963, 40.6525947, 40.6525934, 40.6525922, 40.6525916, 40.6525919, 40.652591699999995, 40.652591799999996, 40.652591799999996, 40.6525919, 40.6525916, 40.6525915, 40.6525914, 40.652591099999995, 40.6525916, 40.652591099999995, 40.6525908, 40.6525903, 40.652589299999995, 40.652588699999995, 40.6525883, 40.652587499999996, 40.652585699999996, 40.6525842, 40.6525818, 40.6525809, 40.652579599999996, 40.6525787, 40.652578399999996, 40.6525785], "lng_deg": [0.0, 0.0, -119.35430769999999, -119.3543083, -119.35430869999999, -119.3543091, -119.35431, -119.3543102, -119.3543105, -119.3543107, -119.35431, -119.3543093, -119.3543076, -119.3543071, -119.35430459999999, -119.35430509999999, -119.3543054, -119.3543057, -119.3543067, -119.35430749999999, -119.3543083, -119.35430889999999, -119.3543095, -119.3543098, -119.35431, -119.3543103, -119.3543103, -119.3543109, -119.35431129999999, -119.35431159999999, -119.3543122, -119.3543129, -119.3543127, -119.35431299999999, -119.3543141, -119.35431419999999, -119.35431439999999, -119.3543146, -119.354315, -119.35431519999999, -119.3543151, -119.35431369999999, -119.3543199, -119.35432399999999, -119.35432709999999, -119.3543284, -119.35432859999999, -119.354328], "abs_alt_m": [0.0, 0.0, 1202.258056640625, 1202.2630615234375, 1202.256103515625, 1202.239013671875, 1202.2130126953125, 1202.22705078125, 1202.2340087890625, 1202.2330322265625, 1202.818115234375, 1202.93701171875, 1203.0941162109375, 1203.31103515625, 1203.76708984375, 1203.9691162109375, 1204.123046875, 1204.2310791015625, 1204.47705078125, 1204.5230712890625, 1204.5550537109375, 1204.5989990234375, 1204.623046875, 1204.56005859375, 1204.5440673828125, 1204.5321044921875, 1204.5020751953125, 1204.4901123046875, 1204.5010986328125, 1204.487060546875, 1204.4310302734375, 1204.423095703125, 1204.318115234375, 1204.259033203125, 1204.24609375, 1204.2750244140625, 1204.257080078125, 1204.2230224609375, 1204.0670166015625, 1203.7130126953125, 1203.194091796875, 1203.2470703125, 1202.656005859375, 1202.4940185546875, 1202.2000732421875, 1201.9970703125, 1201.955078125, 1201.9150390625], "rel_alt_m": [0.0, 0.0, 0.018000001087784767, 0.02200000174343586, 0.015000000596046448, -0.010000000707805157, -0.036000002175569534, -0.021000001579523087, -0.015000000596046448, -0.01600000075995922, 0.5680000185966492, 0.6880000233650208, 0.0950000062584877, 0.31200000643730164, 0.4230000078678131, 0.625, 0.7790000438690186, 0.046000003814697266, 0.29200002551078796, 0.33900001645088196, 0.3700000047683716, 0.4150000214576721, 0.4390000104904175, 0.3750000298023224, 0.36000001430511475, 0.34700000286102295, 0.0, -0.013000000268220901, -0.0010000000474974513, -0.015000000596046448, -0.07100000232458115, -0.07900000363588333, -0.18400001525878906, -0.24300001561641693, -0.25600001215934753, -0.22700001299381256, -0.24500000476837158, -0.2800000011920929, -0.4350000321865082, -0.7890000343322754, -0.49000000953674316, -0.43700000643730164, -0.20800000429153442, -0.3700000047683716, -0.15200001001358032, -0.35600000619888306, -0.3970000147819519, -0.43700000643730164], "x_m": [0.0, 0.0, 5.351068496704102, 5.390072345733643, 5.422157287597656, 5.450615882873535, 5.496220111846924, 5.492501258850098, 5.486065864562988, 5.481257915496826, 5.695423603057861, 5.9098591804504395, 6.2239580154418945, 6.531686305999756, 6.792924880981445, 6.89363431930542, 6.830810070037842, 6.726142883300781, 6.524974822998047, 6.3387532234191895, 6.210331439971924, 6.085939407348633, 6.023231029510498, 6.059107303619385, 6.033304214477539, 6.04219388961792, 6.039166450500488, 6.051259994506836, 6.019140720367432, 6.010671138763428, 5.996986389160156, 5.970013618469238, 6.018219947814941, 5.966943264007568, 5.92928409576416, 5.879861831665039, 5.759383201599121, 5.698843479156494, 5.644938945770264, 5.537755012512207, 5.306003093719482, 5.162276744842529, 4.936711311340332, 4.830888271331787, 4.677345275878906, 4.590254306793213, 4.549410343170166, 4.572152614593506], "y_m": [0.0, 0.0, -0.8276470303535461, -0.8780553936958313, -0.9096814393997192, -0.9398853182792664, -1.0159908533096313, -1.0366140604019165, -1.0559903383255005, -1.0750023126602173, -1.0163040161132812, -0.9541609883308411, -0.8079376816749573, -0.7721284627914429, -0.5550368428230286, -0.6042420864105225, -0.6321513652801514, -0.6504818201065063, -0.7432312369346619, -0.8189546465873718, -0.8772149085998535, -0.920681893825531, -0.970885157585144, -1.0035558938980103, -1.0118165016174316, -1.0392988920211792, -1.0489888191223145, -1.0963718891143799, -1.127456784248352, -1.1583236455917358, -1.2057839632034302, -1.2685679197311401, -1.2488007545471191, -1.2724626064300537, -1.360734224319458, -1.3672293424606323, -1.3877812623977661, -1.4075239896774292, -1.4395719766616821, -1.4670782089233398, -1.404013752937317, -1.3214917182922363, -1.8443000316619873, -2.1968517303466797, -2.469898223876953, -2.571551561355591, -2.58072829246521, -2.5299484729766846], "pitch_deg": [0.0, 0.0, -4.165478229522705, -4.207627296447754, -4.12084436416626, -4.132461071014404, -4.089564800262451, -4.181663513183594, -4.170581817626953, -4.208215713500977, 12.902420997619629, -1.3680191040039062, 17.404735565185547, 8.280951499938965, 3.227076768875122, 5.739313125610352, 7.782160758972168, 6.5804548263549805, 8.648835182189941, 9.089834213256836, 10.325478553771973, 8.639867782592773, 10.467391967773438, 9.973702430725098, 9.293600082397461, 9.21982192993164, 10.269736289978027, 11.172662734985352, 8.705082893371582, 7.511263847351074, 12.29660701751709, 7.9603681564331055, 10.477971076965332, 11.181337356567383, 8.192373275756836, 12.514296531677246, 8.263748168945312, 12.01563835144043, 12.909929275512695, 17.89612579345703, 4.665811538696289, 26.31057357788086, 10.01034927368164, 10.061128616333008, 5.708634853363037, 6.5975871086120605, 4.5379815101623535, 4.263473033905029], "roll_deg": [0.0, 0.0, 1.302398681640625, 1.211829662322998, 1.3545997142791748, 1.3514389991760254, 1.3463162183761597, 1.196175217628479, 1.1258240938186646, 1.1556148529052734, 1.9862370491027832, -7.724915981292725, 5.728433609008789, 12.507633209228516, -1.447851538658142, -0.9291531443595886, -0.28320732712745667, -0.21772880852222443, 0.6751206517219543, 2.166759967803955, 1.790509819984436, 0.8138426542282104, 2.806720495223999, 0.6434076428413391, 1.3250823020935059, 1.38364577293396, 1.3434276580810547, 2.9430413246154785, -0.22556845843791962, 3.228900671005249, 0.34698185324668884, 4.014602184295654, 0.1843012124300003, 2.7957756519317627, 0.39827439188957214, 0.5348964929580688, 2.9969048500061035, 4.510088920593262, 0.018029427155852318, 10.549671173095703, 6.732886791229248, -6.252697467803955, -0.4131144881248474, 5.488754749298096, 5.277167797088623, 2.680811643600464, 3.016408920288086, 3.1222503185272217],