{"mode": ["0.0", "0.0", "HOLD", "HOLD", "HOLD", "HOLD", "HOLD", "HOLD", "HOLD", "HOLD", "HOLD", "HOLD", "HOLD", "HOLD", "HOLD", "HOLD", "HOLD", "HOLD", "HOLD", "HOLD", "HOLD", "HOLD", "HOLD", "HOLD", "HOLD", "HOLD", "HOLD", "HOLD", "HOLD", "HOLD", "HOLD", "HOLD", "HOLD", "HOLD", "HOLD", "HOLD", "HOLD", "HOLD"], "lat_deg": [0.0, 0.0, 40.6525866, 40.6525868, 40.6525872, 40.6525872, 40.652587, 40.6525876, 40.6525896, 40.652592399999996, 40.6525963, 40.6525969, 40.6525976, 40.6525976, 40.6526007, 40.6526007, 40.652600799999995, 40.652600799999995, 40.6526007, 40.6526006, 40.652600799999995, 40.652600799999995, 40.652600799999995, 40.652600899999996, 40.6526011, 40.652601399999995, 40.6526017, 40.6526016, 40.652600899999996, 40.6525987, 40.6525975, 40.652597, 40.652598499999996, 40.6526013, 40.6526044, 40.652606, 40.6526061, 40.6526054], "lng_deg": [0.0, 0.0, -119.3543289, -119.3543289, -119.3543289, -119.35432899999999, -119.3543289, -119.35432879999999, -119.354328, -119.3543272, -119.3543184, -119.35431679999999, -119.3543153, -119.3543145, -119.354315, -119.35431519999999, -119.3543148, -119.3543143, -119.35431399999999, -119.35431399999999, -119.3543143, -119.3543143, -119.3543143, -119.3543143, -119.35431439999999, -119.3543146, -119.3543148, -119.35431539999999, -119.3543162, -119.3543165, -119.35431849999999, -119.3543208, -119.3543253, -119.35433069999999, -119.3543371, -119.35433859999999, -119.3543378, -119.35433649999999], "abs_alt_m": [0.0, 0.0, 1202.2410888671875, 1202.235107421875, 1202.2230224609375, 1202.2310791015625, 1202.3040771484375, 1202.7520751953125, 1203.010009765625, 1203.1571044921875, 1203.4140625, 1203.4530029296875, 1203.4300537109375, 1203.7091064453125, 1204.070068359375, 1204.1361083984375, 1204.174072265625, 1204.1881103515625, 1204.1900634765625, 1204.1800537109375, 1204.152099609375, 1204.1280517578125, 1204.0989990234375, 1204.0791015625, 1204.0421142578125, 1203.9910888671875, 1203.944091796875, 1203.7470703125, 1203.3280029296875, 1202.9420166015625, 1202.8760986328125, 1202.798095703125, 1202.6640625, 1202.6220703125, 1202.3980712890625, 1202.051025390625, 1201.8380126953125, 1201.80908203125], "rel_alt_m": [0.0, 0.0, -0.023000001907348633, -0.029000001028180122, -0.04000000283122063, -0.032999999821186066, 0.039000000804662704, 0.4870000183582306, 0.7450000643730164, 0.10700000822544098, 0.15000000596046448, 0.18900001049041748, 0.16600000858306885, 0.26600000262260437, 0.6270000338554382, 0.6930000185966492, 0.7310000061988831, 0.7450000643730164, 0.7470000386238098, 0.7380000352859497, 0.7090000510215759, 0.6850000619888306, 0.656000018119812, 0.6360000371932983, 0.5990000367164612, 0.5480000376701355, 0.5010000467300415, 0.30400002002716064, -0.11400000751018524, -0.5, -0.5660000443458557, -0.6440000534057617, -0.00800000037997961, -0.049000002443790436, -0.16600000858306885, -0.5130000114440918, -0.7270000576972961, -0.7550000548362732], "x_m": [0.0, 0.0, 5.468199729919434, 5.491410732269287, 5.535995960235596, 5.528872013092041, 5.505795001983643, 5.583737373352051, 5.812038421630859, 6.1180853843688965, 6.5490827560424805, 6.610475540161133, 6.696548938751221, 6.6929426193237305, 7.038300514221191, 7.038205623626709, 7.045947074890137, 7.04423189163208, 7.030331134796143, 7.020821571350098, 7.043263912200928, 7.045597076416016, 7.048737525939941, 7.05494499206543, 7.077477931976318, 7.107516765594482, 7.14705228805542, 7.1304850578308105, 7.052950382232666, 6.7940826416015625, 6.6685895919799805, 6.619927406311035, 6.826330661773682, 7.153720378875732, 7.436356067657471, 7.62739896774292, 7.638172626495361, 7.55573844909668], "y_m": [0.0, 0.0, -2.6101927757263184, -2.6150951385498047, -2.6138885021209717, -2.6158835887908936, -2.608774185180664, -2.605461835861206, -2.53039288520813, -2.456644058227539, -1.7215627431869507, -1.5854748487472534, -1.4598321914672852, -1.3930484056472778, -1.4408981800079346, -1.4516254663467407, -1.4207279682159424, -1.380785346031189, -1.3525874614715576, -1.3588645458221436, -1.3836917877197266, -1.3745927810668945, -1.3814178705215454, -1.3757174015045166, -1.3841755390167236, -1.4068608283996582, -1.4183971881866455, -1.47841477394104, -1.5427484512329102, -1.5722407102584839, -1.7595183849334717, -1.952243447303772, -2.3636319637298584, -2.850733518600464, -3.2954821586608887, -3.4288182258605957, -3.3643295764923096, -3.249915838241577], "pitch_deg": [0.0, 0.0, 4.3009867668151855, 4.384217739105225, 3.964538335800171, 4.257846832275391, 7.28669548034668, 6.227863311767578, 9.093212127685547, 13.703836441040039, 6.638055801391602, 14.452608108520508, 11.619206428527832, 14.729870796203613, 14.339356422424316, 13.406560897827148, 14.136324882507324, 14.397558212280273, 14.720255851745605, 14.377544403076172, 14.263757705688477, 14.629324913024902, 13.666433334350586, 14.55233383178711, 15.034997940063477, 12.835229873657227, 12.329896926879883, 7.755951881408691, 17.286508560180664, 12.520134925842285, 4.427412986755371, 3.1818222999572754, 17.268909454345703, 6.7254204750061035, 18.262779235839844, 15.884428977966309, 1.6571216583251953, 1.8427554368972778], "roll_deg": [0.0, 0.0, 3.3115909099578857, 3.30646014213562, 3.383131980895996, 3.3698601722717285, 1.014859676361084, 7.009469032287598, 0.6499267816543579, 14.06088924407959, -3.9176290035247803, -2.8670566082000732, -4.538426399230957, -9.483798027038574, -3.4835567474365234, 1.1342527866363525, 0.3026413917541504, 0.2863805294036865, 0.7689530849456787, 0.4700428545475006, 0.8634420037269592, 0.08522950857877731, 0.6506630182266235, 0.20113512873649597, -1.444149136543274, 0.9985257983207703, -1.3198375701904297, -2.316923141479492, -7.611810207366943, 4.690281391143799, -5.147266387939453, 17.524066925048828, 5.7681121826171875, 10.343425750732422, -9.064658164978027, -6.522228717803955, 1.347497582435608, 1.4829857349395752], "yaw_deg": [0.0, 0.0, -9.361136436462402, -9.248339653015137, -9.143628120422363, -9.017899513244629, -7.9661736488342285, -7.474074840545654, -8.660622596740723, -3.346888780593872, 28.39064598083496, 38.0263671875, 29.251171112060547, 9.875964164733887, 16.73921775817871, 6.458341598510742, 2.0126287937164307, 5.561430931091309, 4.422055244445801, 5.936086177825928, 3.1544246673583984, 6.136557579040527, 1.2902355194091797, -1.039185881614685, 4.7001824378967285, -4.994787693023682, -0.543250560760498, -3.5900766849517822, -33.081886291503906, -57.30592727661133, -81.58143615722656, -103.95095825195312, -119.44013977050781, -128.92979431152344, -134.63099670410156, -131.50506591796875, -127.71404266357422, -127.63111877441406], "lidar": [-1, -1, 0.01990892141835688, 0.019908094407578403, 0.019914658131115745, 0.01991049384036968, 0.06916546689878106, 0.5831966844862732, 0.9171830775344655, 1.0091419464063391, 1.1416863226894547, 1.1266747833837012, 1.1302355030508344, 1.420083432373691, 1.9229803497182083, 2.0226042588528146, 2.0372315638037075, 2.0359800429758312, 2.0301915725215056, 2.0306611069200633, 2.0241388659751482, 2.0114358558229783, 2.0180587096765836, 2.015933723417164, 2.017326701636146, 2.0066994718676416, 1.985620203253658, 1.7736421786406913, 1.2379071820994232, 0.6997580002557159, 0.7391949651498114, 0.7772535131723566, 0.7292514708276424, 0.8214384862538746, 0.6939494389185937, 0.1144143401803333, 0.13975253481039907, 0.15986704751733607],