{"mode": ["0.0", "MANUAL", "MANUAL", "MANUAL", "MANUAL", "MANUAL", "MANUAL", "MANUAL", "MANUAL"], "lat_deg": [0.0, 40.8706606, 40.8706575, 40.8706552, 40.870654699999996, 40.870654699999996, 40.870653999999995, 40.870653399999995, 40.870653999999995], "lng_deg": [0.0, -119.1046137, -119.10461389999999, -119.10461389999999, -119.104614, -119.1046143, -119.10461459999999, -119.10461439999999, -119.1046138], "abs_alt_m": [0.0, 1192.4541015625, 1192.423095703125, 1192.4171142578125, 1192.3990478515625, 1192.363037109375, 1192.2850341796875, 1192.1510009765625, 1192.10205078125], "rel_alt_m": [0.0, 2.558000087738037, 2.5270001888275146, 2.5210001468658447, 2.503000020980835, 2.4670000076293945, 2.388000011444092, 2.255000114440918, 2.2060000896453857], "x_m": [0.0, 3.466827630996704, 3.13814377784729, 2.8884146213531494, 2.8248698711395264, 2.833437919616699, 2.7486424446105957, 2.686734437942505, 2.752397060394287], "y_m": [0.0, 0.9849916696548462, 0.9752200841903687, 0.9753450751304626, 0.9646010398864746, 0.9383662939071655, 0.9123839735984802, 0.9341405630111694, 0.9824776649475098], "pitch_deg": [0.0, 2.1853766441345215, 0.8739894032478333, 0.15355174243450165, 3.811736583709717, 2.1669042110443115, 3.7980434894561768, -0.8025884628295898, 3.5596208572387695], "roll_deg": [0.0, -1.5961031913757324, -0.8665179014205933, -0.4683799743652344, -0.4691345989704132, -1.3025990724563599, -2.39416241645813, -2.8949100971221924, -3.3229658603668213], "yaw_deg": [0.0, -161.0946807861328, -166.36813354492188, -163.80282592773438, -160.66310119628906, -166.93067932128906, -167.58570861816406, -171.4459686279297, -178.70700073242188], "lidar": [-1, 0.9089964717078765, 0.929680077997949, 0.9399763846876503, 0.9081446555146023, 0.849120936668146, 0.8077707986021642, 0.7490568873419902, 0.6785340526128296], "target point": [[null, null, null], [null, null, null], [null, null, null], [null, null, null], [null, null, null], [null, null, null], [null, null, null], [null, null, null], [null, null, null]], "unix time": [0.0, 0.0, 1663013076413530, 1663013076413530, 1663013077412530, 1663013077412530, 1663013078411530, 1663013078411530, 1663013079411530]}