{"mode": ["0.0", "0.0", "HOLD", "HOLD", "HOLD", "HOLD", "HOLD"], "lat_deg": [0.0, 40.870670499999996, 40.8706706, 40.8706706, 40.8706707, 40.8706708, 40.870671699999995], "lng_deg": [0.0, -119.1045166, -119.1045163, -119.1045159, -119.10451529999999, -119.10451499999999, -119.10451479999999], "abs_alt_m": [0.0, 1193.47802734375, 1193.447021484375, 1193.4150390625, 1193.3990478515625, 1193.3701171875, 1193.2850341796875], "rel_alt_m": [0.0, -0.020000001415610313, -0.05100000277161598, -0.08300000429153442, -0.0990000069141388, -0.12800000607967377, -0.2120000123977661], "x_m": [0.0, 4.5835089683532715, 4.595119476318359, 4.59672212600708, 4.6092376708984375, 4.614950180053711, 4.732003688812256], "y_m": [0.0, 9.154282569885254, 9.179454803466797, 9.213943481445312, 9.265548706054688, 9.289965629577637, 9.302186012268066], "pitch_deg": [0.0, 5.475156784057617, 5.1235032081604, 4.047505855560303, 5.718306064605713, 4.393333435058594, 6.991091728210449], "roll_deg": [0.0, -3.1666109561920166, -2.786345958709717, -3.355534553527832, -4.638214111328125, -5.037505626678467, -1.1716158390045166], "yaw_deg": [0.0, -0.6421481966972351, -2.377532482147217, -3.1066949367523193, 2.599728584289551, 11.503326416015625, 14.599655151367188], "lidar": [-1, 0.5864865434323357, 0.5765826972181608, 0.5777601191367882, 0.5852376231646713, 0.5851664213653766, 0.5756209144451331], "target point": [[null, null, null], [null, null, null], [null, null, null], [null, null, null], [null, null, null], [null, null, null], [null, null, null]], "unix time": [0.0, 1663013460411530, 1663013460411530, 1663013461414530, 1663013461414530, 1663013462411530, 1663013462411530]}