{"mode": ["0.0", "MANUAL", "MANUAL", "MANUAL"], "lat_deg": [0.0, 40.8710209, 40.8710204, 40.87102], "lng_deg": [0.0, -119.10392499999999, -119.1039248, -119.10392449999999], "abs_alt_m": [0.0, 1189.5770263671875, 1189.5631103515625, 1189.5460205078125], "rel_alt_m": [0.0, -0.49800002574920654, -0.5120000243186951, -0.5290000438690186], "x_m": [0.0, -0.5979992747306824, -0.6418976783752441, -0.687972366809845], "y_m": [0.0, -0.13459475338459015, -0.12102507799863815, -0.09673257172107697], "pitch_deg": [0.0, 3.4944188594818115, 3.460836410522461, 3.4491658210754395], "roll_deg": [0.0, 2.0298075675964355, 2.020366668701172, 2.0132954120635986], "yaw_deg": [0.0, -133.75088500976562, -133.75465393066406, -133.76119995117188], "lidar": [-1, 0.0199514231432466, 0.009975792541932049, 0.019951360454831275], "target point": [[null, null, null], [null, null, null], [null, null, null], [null, null, null]], "unix time": [0.0, 0.0, 1663015778022967, 1663015778022967]}