{"lat_deg": [0.0, 40.8710807, 40.8710793, 40.8710786, 40.87108, 40.871082099999995, 40.8710844, 40.871082799999996, 40.8710796, 40.871078499999996, 40.87108, 40.8710818, 40.8710799, 40.8710725, 40.8710629, 40.871051699999995, 40.8710423, 40.871031699999996, 40.871021899999995, 40.871015199999995, 40.8710124, 40.8710109, 40.871010299999995, 40.8710087, 40.871005499999995, 40.870999999999995, 40.870991499999995, 40.870984799999995, 40.8709753, 40.870969699999996, 40.8709698, 40.870974, 40.8709792, 40.8709819, 40.870980499999995, 40.8709771, 40.8709718, 40.8709655, 40.870961199999996, 40.870962399999996, 40.8709652, 40.8709669, 40.870967, 40.8709662, 40.8709655, 40.8709613, 40.870954999999995, 40.870945299999995, 40.8709333, 40.8709207, 40.8709109, 40.8709066, 40.8709071, 40.8709102, 40.870912, 40.8709123, 40.8709116, 40.8709097, 40.8709091, 40.8709105, 40.8709103, 40.8709093, 40.8709079, 40.870904599999996, 40.870902699999995, 40.8709004, 40.8709005, 40.8709007, 40.8708994, 40.8708989, 40.8708995, 40.870899699999995, 40.870897899999996, 40.870896599999995, 40.8708965, 40.870897299999996, 40.8708964, 40.870895399999995, 40.8708939, 40.8708917, 40.8708896, 40.8708873, 40.8708841, 40.8708801, 40.870878399999995, 40.8708749, 40.8708695, 40.8708665, 40.870863, 40.8708594, 40.8708562, 40.870853, 40.8708519, 40.870849199999995, 40.8708483, 40.8708484, 40.8708485], "lng_deg": [0.0, -119.10394529999999, -119.1039457, -119.103946, -119.10394579999999, -119.1039457, -119.1039464, -119.1039493, -119.1039536, -119.1039596, -119.1039673, -119.1039763, -119.10398699999999, -119.10399319999999, -119.1039955, -119.1039971, -119.10399779999999, -119.1039998, -119.1040036, -119.1040106, -119.10402169999999, -119.104035, -119.1040476, -119.1040561, -119.1040603, -119.10406259999999, -119.1040615, -119.1040563, -119.1040475, -119.10404129999999, -119.1040407, -119.1040464, -119.10405499999999, -119.10406409999999, -119.1040695, -119.10407199999999, -119.10406959999999, -119.10406529999999, -119.10406239999999, -119.1040632, -119.1040649, -119.1040656, -119.1040651, -119.10406479999999, -119.1040682, -119.1040702, -119.10407409999999, -119.1040834, -119.10409489999999, -119.104107, -119.1041178, -119.1041245, -119.1041262, -119.1041285, -119.1041303, -119.10412889999999, -119.10412679999999, -119.1041262, -119.1041264, -119.10412629999999, -119.1041276, -119.1041272, -119.104126, -119.1041243, -119.1041238, -119.10412269999999, -119.1041217, -119.1041207, -119.10411819999999, -119.10411719999999, -119.1041171, -119.1041164, -119.10411429999999, -119.1041135, -119.10411309999999, -119.1041111, -119.1041083, -119.1041073, -119.1041082, -119.10410949999999, -119.1041126, -119.10411599999999, -119.1041204, -119.1041235, -119.1041254, -119.1041254, -119.10412509999999, -119.10412369999999, -119.1041247, -119.10412559999999, -119.104124, -119.10412649999999, -119.1041272, -119.1041243, -119.104125, -119.10412629999999, -119.10412679999999], "rel_alt_m": [0.0, 0.0010000000474974513, 0.0, 0.01100000087171793, 0.06800000369548798, 0.242000013589859, 0.5980000495910645, 1.2070000171661377, 1.758000135421753, 2.377000093460083, 3.1100001335144043, 3.635000228881836, 4.300000190734863, 4.499000072479248, 4.644000053405762, 4.794000148773193, 4.815000057220459, 4.781000137329102, 4.590000152587891, 4.586000442504883, 4.571000099182129, 4.504000186920166, 4.3420000076293945, 4.264000415802002, 4.170000076293945, 4.0360002517700195, 4.065000057220459, 4.25, 4.380000114440918, 4.492000102996826, 4.534000396728516, 4.595000267028809, 4.622000217437744, 4.694000244140625, 4.690000057220459, 4.526000022888184, 4.398000240325928, 4.451000213623047, 4.574000358581543, 4.718000411987305, 4.798000335693359, 4.78000020980835, 4.819000244140625, 4.708000183105469, 4.51200008392334, 4.2920002937316895, 3.6670000553131104, 2.9810001850128174, 2.638000011444092, 2.4190001487731934, 2.1430001258850098, 1.6560001373291016, 1.349000096321106, 1.00600004196167, 0.6910000443458557, 0.42100003361701965, 0.18000000715255737, 0.020000001415610313, -0.0990000069141388, -0.24300001561641693, -0.2410000115633011, -0.2590000033378601, -0.01600000075995922, -0.0820000022649765, -0.11900000274181366, 0.0, -0.03200000151991844, -0.0430000014603138, -0.018000001087784767, 0.010000000707805157, 0.03400000184774399, 0.039000000804662704, -0.014000000432133675, -0.04700000211596489, -0.003000000026077032, 0.07400000095367432, 0.20100000500679016, 0.2939999997615814, 0.5770000219345093, 0.4650000333786011, 0.5590000152587891, 0.12800000607967377, 0.12700000405311584, -0.020000001415610313, 0.006000000052154064, 0.02500000037252903, 0.0, 0.00800000037997961, 0.04200000315904617, -0.07800000160932541, -0.12300000339746475, -0.009000000543892384, 0.03700000047683716, 0.07000000029802322, 0.017000000923871994, -0.006000000052154064, 0.003000000026077032], "lidar": [0.0, 0.0010000000474974513, 0.0, 0.01100000087171793, 0.06800000369548798, 0.22100001573562622, 0.5980000495910645, 1.2070000171661377, 1.758000135421753, 2.377000093460083, 3.1100001335144043, 3.635000228881836, 4.300000190734863, 4.499000072479248, 4.644000053405762, 4.794000148773193, 4.815000057220459, 4.781000137329102, 4.590000152587891, 4.586000442504883, 4.571000099182129, 4.504000186920166, 4.3420000076293945, 4.264000415802002, 4.170000076293945, 4.0360002517700195, 4.065000057220459, 4.25, 4.380000114440918, 4.492000102996826, 4.534000396728516, 4.595000267028809, 4.622000217437744, 4.694000244140625, 4.690000057220459, 4.526000022888184, 4.398000240325928, 4.451000213623047, 4.554000377655029, 4.718000411987305, 4.798000335693359, 4.78000020980835, 4.819000244140625, 4.708000183105469, 4.51200008392334, 4.2920002937316895, 3.6670000553131104, 2.9810001850128174, 2.638000011444092, 2.4190001487731934, 2.1430001258850098, 1.6560001373291016, 1.349000096321106, 1.00600004196167, 0.6910000443458557, 0.42100003361701965, 0.18000000715255737, 0.020000001415610313, -0.0990000069141388, -0.24300001561641693, -0.2410000115633011, -0.2590000033378601, -0.01600000075995922, -0.0820000022649765, -0.11900000274181366, 0.0, -0.03200000151991844, -0.0430000014603138, -0.018000001087784767, 0.010000000707805157, 0.03400000184774399, 0.039000000804662704, -0.014000000432133675, -0.04700000211596489, -0.003000000026077032, 0.07400000095367432, 0.20100000500679016, 0.2939999997615814, 0.5770000219345093, 0.4650000333786011, 0.5590000152587891, 0.12800000607967377, 0.12700000405311584, -0.020000001415610313, 0.006000000052154064, 0.02500000037252903, 0.0, 0.00800000037997961, 0.04200000315904617, -0.07800000160932541, -0.12300000339746475, -0.009000000543892384, 0.03700000047683716, 0.07000000029802322, 0.017000000923871994, -0.006000000052154064, 0.003000000026077032],