{"mode": ["0.0", "MANUAL", "MANUAL", "HOLD"], "lat_deg": [0.0, 40.8706713, 40.8706713, 40.8706713], "lng_deg": [0.0, -119.1043826, -119.1043826, -119.10438269999999], "abs_alt_m": [0.0, 1185.239013671875, 1185.2550048828125, 1185.280029296875], "rel_alt_m": [0.0, 0.010000000707805157, 0.02500000037252903, 0.05000000074505806], "x_m": [0.0, 0.8769704699516296, 0.8782263398170471, 0.8739474415779114], "y_m": [0.0, 12.468039512634277, 12.46223258972168, 12.455842971801758], "pitch_deg": [0.0, 2.386240005493164, 2.3929126262664795, 2.418785333633423], "roll_deg": [0.0, -1.809035062789917, -1.8151057958602905, -1.816935420036316], "yaw_deg": [0.0, 150.51229858398438, 150.55709838867188, 150.5746612548828], "lidar": [-1, 0.029958458998147607, 0.029958509795287747, 0.029958502004739], "target point": [[null, null, null], [null, null, null], [null, null, null], [null, null, null]], "unix time": [0.0, 1663020618681137, 1663020618681137, 1663020619676137]}