{"lat_deg": [0.0, 40.8708518, 40.8708526, 40.8708536, 40.8708537, 40.8708536, 40.8708533, 40.8708526, 40.8708528, 40.8708534, 40.870853499999996, 40.8708538, 40.8708534, 40.8708531, 40.870853, 40.870852899999996, 40.8708528, 40.8708527, 40.8708528, 40.870852899999996, 40.870852899999996, 40.8708528, 40.8708526, 40.8708524, 40.870853, 40.8708543, 40.870853, 40.870851599999995, 40.870853, 40.8708587, 40.8708568, 40.8708546, 40.8708465, 40.8708375, 40.8708247, 40.870813299999995, 40.8707918, 40.8707585, 40.87072, 40.870697899999996, 40.870689, 40.8706934, 40.8706934, 40.8706934, 40.8706934, 40.8706934, 40.8706934, 40.8706934, 40.8706934, 40.8706934, 40.8706934, 40.8706934, 40.8706934, 40.8706934, 40.8706934, 40.8706934], "lng_deg": [0.0, -119.1040165, -119.1040163, -119.1040161, -119.104016, -119.104016, -119.1040161, -119.1040165, -119.1040166, -119.1040165, -119.10401669999999, -119.104017, -119.1040189, -119.10402029999999, -119.1040214, -119.1040225, -119.1040235, -119.10402429999999, -119.10402479999999, -119.1040252, -119.10402549999999, -119.1040256, -119.1040257, -119.10402649999999, -119.10402739999999, -119.1040285, -119.1040307, -119.1040388, -119.1040465, -119.10405859999999, -119.10406809999999, -119.104078, -119.1040884, -119.10410499999999, -119.1041254, -119.10414929999999, -119.1041669, -119.104192, -119.10421509999999, -119.1042342, -119.10423709999999, -119.10423449999999, -119.10423449999999, -119.10423449999999, -119.10423449999999, -119.10423449999999, -119.10423449999999, -119.10423449999999, -119.10423449999999, -119.10423449999999, -119.10423449999999, -119.10423449999999, -119.10423449999999, -119.10423449999999, -119.10423449999999, -119.10423449999999], "rel_alt_m": [0.0, -0.2070000171661377, -0.24400001764297485, -0.2880000174045563, -0.33400002121925354, -0.3530000150203705, -0.33400002121925354, -0.3060000240802765, -0.3050000071525574, -0.320000022649765, -0.29500001668930054, -0.2840000092983246, -0.32200002670288086, -0.31200000643730164, -0.3230000138282776, -0.30800002813339233, 0.0010000000474974513, 0.013000000268220901, 0.009000000543892384, 0.02200000174343586, 0.06400000303983688, 0.10900000482797623, 0.17100000381469727, 0.23900000751018524, 0.5509999990463257, 1.1540000438690186, 2.1640000343322754, 3.327000141143799, 4.080000400543213, 4.635000228881836, 4.9760003089904785, 5.254000186920166, 5.5400004386901855, 5.940000057220459, 6.682000160217285, 7.255000114440918, 6.77400016784668, 5.769000053405762, 2.811000108718872, 0.7230000495910645, -2.130000114440918, -8.225000381469727, -8.225000381469727, -8.225000381469727, -8.225000381469727, -8.225000381469727, -8.225000381469727, -8.225000381469727, -8.225000381469727, -8.225000381469727, -8.225000381469727, -8.225000381469727, -8.225000381469727, -8.225000381469727, -8.225000381469727, -8.225000381469727], "lidar": [-1, 0.029559703021472095, 0.029532519607045258, 0.01971503027562199, 0.02956728150083125, 0.019700784410268096, 0.019725796196956767, 0.0197333435263681, 0.02958460850548623, 0.019752853025635016, 0.01973851884657222, 0.03952323107187837, 1.0468163502513377, 1.0288895145004764, 0.9750407587448109, 0.986479081260083, 0.9835157336757314, 0.9652641605872297, 0.9593156205008416, 0.9462573746396984, 0.9196254613960293, 0.8996251474414436, 0.9025541363280991, 0.8969243678786931, 1.0381855624690755, 1.6022713329035547, 2.6570751452707064, 3.61962541306319, 4.692969273709818, 4.619159397068443, 5.275547007302072, 5.27617310663928, 5.794222277436769, 6.422987979672645, 6.921562464744685, 189.7052802420886, 8.600231091088304, 0, 2.3166630027449937, 0.02412709245243907, 0.07958274536457981, 0.05583082214403759, 0.053135864144392496, 0.05342989222679064, 0.05704380159110065, 0.0543135662456106, 0.05456162485084651, 0.05485493930079999, 0.05514116130920476, 0.05538866589978079, 0.05182509213594216, 0.053800309857299215, 0.053114431868303245, 0.05283150196683583, 0.05292182451677728, 0.053375937206513166], "target point": [[40.87067168, -119.10439188999999, 5.0], [40.87067168, -119.10439188999999, 5.0], [40.87067168, -119.10439188999999, 5.0], [40.87067168, -119.10439188999999, 5.0], [40.87067168, -119.10439188999999, 5.0], [40.87067168, -119.10439188999999, 5.0], [40.87067168, -119.10439188999999, 5.0], [40.87067168, -119.10439188999999, 5.0], [40.87067168, -119.10439188999999, 5.0], [40.87067168, -119.10439188999999, 5.0], [40.87067168, -119.10439188999999, 5.0], [40.87067168, -119.10439188999999, 5.0], [40.87067168, -119.10439188999999, 5.0], [40.87067168, -119.10439188999999, 5.0], [40.87067168, -119.10439188999999, 5.0], [40.87067168, -119.10439188999999, 5.0], [40.87067168, -119.10439188999999, 5.0], [40.87067168, -119.10439188999999, 5.0], [40.87067168, -119.10439188999999, 5.0], [40.87067168, -119.10439188999999, 5.0], [40.87067168, -119.10439188999999, 5.0], [40.87067168, -119.10439188999999, 5.0], [40.87067168, -119.10439188999999, 5.0], [40.87067168, -119.10439188999999, 5.0], [40.87067168, -119.10439188999999, 5.0], [40.87067168, -119.10439188999999, 5.0], [40.87067168, -119.10439188999999, 5.0], [40.87067168, -119.10439188999999, 5.0], [40.87067168, -119.10439188999999, 5.0], [40.87067168, -119.10439188999999, 5.0], [40.87067168, -119.10439188999999, 5.0], [40.87067168, -119.10439188999999, 5.0], [40.87067168, -119.10439188999999, 5.0], [40.87067168, -119.10439188999999, 5.0], [40.87067168, -119.10439188999999, 5.0], [40.87067168, -119.10439188999999, 5.0], [40.87067168, -119.10439188999999, 5.0], [40.87067168, -119.10439188999999, 5.0], [40.87067168, -119.10439188999999, 5.0], [40.87067168, -119.10439188999999, 5.0], [40.87067168, -119.10439188999999, 5.0], [40.87067168, -119.10439188999999, 5.0], [40.87067168, -119.10439188999999, 5.0], [40.87067168, -119.10439188999999, 5.0], [40.87067168, -119.10439188999999, 5.0], [40.87067168, -119.10439188999999, 5.0], [40.87067168, -119.10439188999999, 5.0], [40.87067168, -119.10439188999999, 5.0], [40.87067168, -119.10439188999999, 5.0], [40.87067168, -119.10439188999999, 5.0], [40.87067168, -119.10439188999999, 5.0], [40.87067168, -119.10439188999999, 5.0], [40.87067168, -119.10439188999999, 5.0], [40.87067168, -119.10439188999999, 5.0], [40.87067168, -119.10439188999999, 5.0], [40.87067168, -119.10439188999999, 5.0]], "unix time": [0.0, 0.0, 1663021240534066, 1663021240534066, 1663021241532066, 1663021241532066, 1663021242534066, 1663021242534066, 1663021243533066, 1663021243533066, 1663021244532066, 1663021244532066, 1663021245534066, 1663021245534066, 1663021246534066, 1663021246534066, 1663021247533066, 1663021247533066, 1663021248532066, 1663021248532066, 1663021249534066, 1663021249534066, 1663021250533066, 1663021250533066, 1663021251532066, 1663021251532066, 1663021252532066, 1663021252532066, 1663021253535066, 1663021253535066, 1663021254536066, 1663021254536066, 1663021255532066, 1663021255532066, 1663021256534066, 1663021256534066, 1663021257534066, 1663021258534066, 1663021258534066, 1663021259533066, 1663021259533066, 1663021260534066, 1663021260534066, 1663021260534066, 1663021260534066, 1663021260534066, 1663021260534066, 1663021260534066, 1663021260534066, 1663021260534066, 1663021260534066, 1663021260534066, 1663021260534066, 1663021260534066, 1663021260534066, 1663021260534066]}