{"mode": ["0.0", "HOLD", "HOLD", "HOLD", "HOLD", "HOLD", "HOLD", "HOLD", "HOLD", "HOLD", "HOLD", "TAKEOFF", "TAKEOFF", "TAKEOFF", "TAKEOFF", "TAKEOFF", "MANUAL", "MANUAL", "MANUAL", "MANUAL", "MANUAL", "MANUAL", "MANUAL", "MANUAL", "MANUAL", "MANUAL", "MANUAL", "MANUAL", "MANUAL", "MANUAL", "MANUAL", "MANUAL", "MANUAL", "MANUAL", "MANUAL", "MANUAL", "MANUAL", "MANUAL", "MANUAL", "MANUAL", "LAND", "LAND", "LAND", "LAND", "LAND", "LAND", "LAND", "LAND", "LAND", "LAND", "LAND", "LAND", "LAND", "LAND", "LAND", "LAND", "LAND", "LAND", "LAND", "LAND", "LAND"], "lat_deg": [0.0, 40.6556354, 40.6556354, 40.6556356, 40.6556357, 40.6556359, 40.655636, 40.655636, 40.655636099999995, 40.6556362, 40.6556362, 40.655636099999995, 40.6556353, 40.6556406, 40.6556472, 40.655647599999995, 40.6556487, 40.655649499999996, 40.6556498, 40.6556498, 40.6556498, 40.6556498, 40.6556498, 40.6556498, 40.6556498, 40.6556498, 40.6556498, 40.6556498, 40.6556498, 40.6556498, 40.6556498, 40.6556498, 40.6556498, 40.6556498, 40.6556498, 40.6556498, 40.6556498, 40.6556498, 40.6556498, 40.6556498, 40.6556498, 40.6556498, 40.6556498, 40.6556498, 40.6556498, 40.6556498, 40.6556498, 40.6556498, 40.6556498, 40.6556498, 40.6556498, 40.6556498, 40.6556498, 40.6556498, 40.6556498, 40.6556498, 40.6556498, 40.6556498, 40.6556498, 40.6556498, 40.6556498], "lng_deg": [0.0, -119.3727809, -119.3727809, -119.3727809, -119.3727809, -119.3727809, -119.3727806, -119.37278029999999, -119.3727799, -119.3727795, -119.37277929999999, -119.37277789999999, -119.3727696, -119.3727595, -119.3727636, -119.37276969999999, -119.3727869, -119.3728113, -119.372824, -119.372824, -119.372824, -119.372824, -119.372824, -119.372824, -119.372824, -119.372824, -119.372824, -119.372824, -119.372824, -119.372824, -119.372824, -119.372824, -119.372824, -119.372824, -119.372824, -119.372824, -119.372824, -119.372824, -119.372824, -119.372824, -119.372824, -119.372824, -119.372824, -119.372824, -119.372824, -119.372824, -119.372824, -119.372824, -119.372824, -119.372824, -119.372824, -119.372824, -119.372824, -119.372824, -119.372824, -119.372824, -119.372824, -119.372824, -119.372824, -119.372824, -119.372824], "abs_alt_m": [0.0, 1207.5870361328125, 1207.6051025390625, 1207.6240234375, 1207.623046875, 1207.613037109375, 1207.60009765625, 1207.5980224609375, 1207.60400390625, 1207.6490478515625, 1207.72607421875, 1207.8740234375, 1207.7330322265625, 1205.7940673828125, 1202.7120361328125, 1199.218017578125, 1196.76806640625, 1196.43408203125, 1183.74609375, 1183.74609375, 1183.74609375, 1183.74609375, 1183.74609375, 1183.74609375, 1183.74609375, 1183.74609375, 1183.74609375, 1183.74609375, 1183.74609375, 1183.74609375, 1183.74609375, 1183.74609375, 1183.74609375, 1183.74609375, 1183.74609375, 1183.74609375, 1183.74609375, 1183.74609375, 1183.74609375, 1183.74609375, 1183.74609375, 1183.74609375, 1183.74609375, 1183.74609375, 1183.74609375, 1183.74609375, 1183.74609375, 1183.74609375, 1183.74609375, 1183.74609375, 1183.74609375, 1183.74609375, 1183.74609375, 1183.74609375, 1183.74609375, 1183.74609375, 1183.74609375, 1183.74609375, 1183.74609375, 1183.74609375, 1183.74609375], "rel_alt_m": [0.0, 0.003000000026077032, 0.021000001579523087, 0.04000000283122063, 0.039000000804662704, 0.029000001028180122, 0.01600000075995922, 0.0, 0.004000000189989805, 0.04800000041723251, 0.125, 0.27300000190734863, 0.13199999928474426, -1.8060001134872437, -4.888000011444092, -8.381999969482422, -10.832000732421875, -11.166000366210938, -23.854001998901367, -23.854001998901367, -23.854001998901367, -23.854001998901367, -23.854001998901367, -23.854001998901367, -23.854001998901367, -23.854001998901367, -23.854001998901367, -23.854001998901367, -23.854001998901367, -23.854001998901367, -23.854001998901367, -23.854001998901367, -23.854001998901367, -23.854001998901367, -23.854001998901367, -23.854001998901367, -23.854001998901367, -23.854001998901367, -23.854001998901367, -23.854001998901367, -23.854001998901367, -23.854001998901367, -23.854001998901367, -23.854001998901367, -23.854001998901367, -23.854001998901367, -23.854001998901367, -23.854001998901367, -23.854001998901367, -23.854001998901367, -23.854001998901367, -23.854001998901367, -23.854001998901367, -23.854001998901367, -23.854001998901367, -23.854001998901367, -23.854001998901367, -23.854001998901367, -23.854001998901367, -23.854001998901367, -23.854001998901367], "x_m": [0.0, -56.47336959838867, -56.4687614440918, -56.451507568359375, -56.43804931640625, -56.41386032104492, -56.40755081176758, -56.403255462646484, -56.391090393066406, -56.384605407714844, -56.3795051574707, -56.39021682739258, -56.46650695800781, -55.829200744628906, -55.163063049316406, -55.09379577636719, -54.99898910522461, -54.904964447021484, -54.84607696533203, -54.87401580810547, -55.01865005493164, -55.32467269897461, -55.78469467163086, -56.38102722167969, -57.16532516479492, -58.47903823852539, -59.98805618286133, -61.669368743896484, -63.657203674316406, -65.7139663696289, -68.29686737060547, -70.99793243408203, -72.55813598632812, -72.55660247802734, -72.552734375, -72.52735900878906, -72.6008529663086, -72.6561050415039, -72.72127532958984, -72.79833221435547, -72.89350128173828, -72.90914916992188, -72.86227416992188, -72.8360824584961, -72.80067443847656, -72.6007308959961, -72.38287353515625, -72.15208435058594, -72.03314208984375, -72.04325103759766, -72.1522445678711, -72.23606872558594, -72.45854187011719, -72.61820983886719, -72.60543823242188, -72.62452697753906, -72.6590347290039, -72.65809631347656, -72.61262512207031, -72.60533905029297, -72.58647155761719], "y_m": [0.0, 4.825777530670166, 4.828883647918701, 4.830317974090576, 4.828123569488525, 4.827670574188232, 4.853446006774902, 4.886051654815674, 4.915008068084717, 4.9448041915893555, 4.972701072692871, 5.106994152069092, 5.878353595733643, 6.638813018798828, 6.234452247619629, 5.64229679107666, 4.386152744293213, 2.362265110015869, -0.7889900207519531, -4.565145492553711, -9.18179988861084, -14.86713695526123, -21.123098373413086, -27.9063720703125, -35.412254333496094, -44.36014938354492, -53.71379852294922, -63.51630401611328, -74.80032348632812, -85.69677734375, -97.4566879272461, -109.28317260742188, -114.06168365478516, -113.21186828613281, -113.52503967285156, -114.04304504394531, -114.69164276123047, -115.29145812988281, -115.98080444335938, -116.4994125366211, -117.04136657714844, -117.24530792236328, -117.24213409423828, -116.96491241455078, -116.46688842773438, -115.92162322998047, -115.4696273803711, -115.09953308105469, -114.86671447753906, -114.73855590820312, -114.44248962402344, -114.2446517944336, -114.02316284179688, -113.84400177001953, -113.58950805664062, -113.33211517333984, -113.06510925292969, -112.88282775878906, -112.68207550048828, -112.46015930175781, -112.22686767578125],