{"mode": ["0.0", "0.0", "HOLD", "HOLD", "HOLD", "HOLD", "HOLD", "HOLD", "HOLD", "HOLD", "TAKEOFF", "TAKEOFF", "TAKEOFF", "TAKEOFF", "TAKEOFF", "TAKEOFF", "TAKEOFF", "TAKEOFF", "TAKEOFF", "TAKEOFF", "TAKEOFF", "TAKEOFF", "TAKEOFF", "TAKEOFF", "TAKEOFF", "TAKEOFF", "TAKEOFF", "TAKEOFF"], "lat_deg": [0.0, 40.6557106, 40.6557105, 40.6557104, 40.655710299999996, 40.6557102, 40.6557102, 40.6557101, 40.65571, 40.6557099, 40.655709699999996, 40.655709699999996, 40.6557093, 40.6557088, 40.655707899999996, 40.6557076, 40.6557077, 40.655707799999995, 40.655707899999996, 40.655707799999995, 40.6557077, 40.6557076, 40.6557074, 40.6557071, 40.6557068, 40.655706599999995, 40.6557064, 40.6557062], "lng_deg": [0.0, -119.37283409999999, -119.37283409999999, -119.372834, -119.37283409999999, -119.37283409999999, -119.37283409999999, -119.372834, -119.372834, -119.372834, -119.37283389999999, -119.3728337, -119.3728335, -119.3728331, -119.37283289999999, -119.37283269999999, -119.3728325, -119.37283199999999, -119.3728321, -119.37283219999999, -119.3728323, -119.3728324, -119.3728325, -119.37283269999999, -119.37283269999999, -119.372833, -119.3728333, -119.37283339999999], "abs_alt_m": [0.0, 1207.1710205078125, 1207.1710205078125, 1207.1690673828125, 1207.1700439453125, 1207.1680908203125, 1207.1700439453125, 1207.174072265625, 1207.1900634765625, 1207.20703125, 1207.25, 1207.299072265625, 1207.3800048828125, 1207.4940185546875, 1207.6470947265625, 1207.5841064453125, 1207.6400146484375, 1207.6240234375, 1207.5870361328125, 1207.5941162109375, 1207.60107421875, 1207.6080322265625, 1207.610107421875, 1207.612060546875, 1207.6170654296875, 1207.64501953125, 1207.656005859375, 1207.6640625], "rel_alt_m": [0.0, -0.005000000353902578, -0.005000000353902578, -0.007000000216066837, -0.007000000216066837, -0.00800000037997961, -0.007000000216066837, 0.003000000026077032, 0.01900000125169754, 0.0020000000949949026, 0.046000003814697266, 0.0950000062584877, 0.17600001394748688, 0.2900000214576721, 0.44300001859664917, 0.3800000250339508, 0.4350000321865082, 0.42000001668930054, 0.38200002908706665, 0.3890000283718109, 0.3960000276565552, 0.40400001406669617, 0.406000018119812, 0.40800002217292786, 0.4130000174045563, 0.4410000145435333, 0.4520000219345093, 0.46000000834465027], "x_m": [0.0, -48.1072883605957, -48.11697769165039, -48.13008499145508, -48.14048385620117, -48.149105072021484, -48.15776443481445, -48.16733169555664, -48.17558288574219, -48.188480377197266, -48.20558547973633, -48.214542388916016, -48.256072998046875, -48.32408142089844, -48.405452728271484, -48.44500732421875, -48.43334197998047, -48.416934967041016, -48.407386779785156, -48.41724395751953, -48.42805480957031, -48.44617462158203, -48.471343994140625, -48.50311279296875, -48.52906799316406, -48.55307388305664, -48.57359313964844, -48.59491729736328], "y_m": [0.0, 0.34320002794265747, 0.3451831340789795, 0.34615153074264526, 0.344526082277298, 0.3427480459213257, 0.34488236904144287, 0.34996429085731506, 0.3510934114456177, 0.35405218601226807, 0.3597632050514221, 0.37447211146354675, 0.39640939235687256, 0.42624253034591675, 0.4393896758556366, 0.4604284167289734, 0.47623151540756226, 0.522700309753418, 0.5117554664611816, 0.5038664937019348, 0.48954564332962036, 0.4833439290523529, 0.47245827317237854, 0.46437421441078186, 0.45231160521507263, 0.4307829439640045, 0.41328364610671997, 0.3976169228553772], "pitch_deg": [0.0, 0.3987760841846466, 0.41689953207969666, 0.4338308572769165, 0.4635595679283142, 0.5020875334739685, 0.49817508459091187, 0.6121869087219238, 0.5179789066314697, 0.4562927484512329, 0.5167527794837952, -0.35732120275497437, -0.8137786388397217, -0.6301935911178589, -2.0031168460845947, -3.4314768314361572, -1.7683042287826538, -0.6479681730270386, 0.24546845257282257, 1.5185621976852417, 0.1393643021583557, 1.0292458534240723, 0.7162996530532837, 1.2646334171295166, 1.4841946363449097, 0.7232805490493774, 1.4859522581100464, 2.20400071144104], "roll_deg": [0.0, 0.26518771052360535, 0.27352675795555115, 0.2660655677318573, 0.26690414547920227, 0.29010215401649475, 0.2680279612541199, 0.2595486342906952, 0.24556022882461548, 0.002054800046607852, 0.051519621163606644, -0.09652545303106308, 0.9280626773834229, 2.5951969623565674, 3.225698709487915, 1.626234531402588, -0.14210528135299683, 4.500391960144043, 1.408240795135498, 2.65488862991333, 0.9885044097900391, 1.6013902425765991, 1.2298089265823364, 1.7741191387176514, 2.3180713653564453, 1.5112940073013306, 1.8984582424163818, 2.446873188018799], "yaw_deg": [0.0, -81.49440002441406, -81.49615478515625, -81.50537872314453, -81.49504089355469, -81.50335693359375, -81.5041275024414, -81.55465698242188, -81.92930603027344, -82.16626739501953, -82.38208770751953, -81.47978973388672, -82.128173828125, -81.65760803222656, -70.12076568603516, -47.30329895019531, -24.785293579101562, -31.15154457092285, -34.49448776245117, -34.68404006958008, -34.84771728515625, -35.2011833190918, -35.28846740722656, -35.869632720947266, -36.12447738647461, -36.320945739746094, -36.398494720458984, -36.8189697265625], "lidar": [-1, 0.01999929674542808, 0.019999242662553946, 0.019999211049889134, 0.0299986926353575, 0.009999487475006915, 0.019999013634090772, 0.029998634658610218, 0.019999021337709085, 0.01999894272285737, 0.019999573507859324, 0.019999955306408464, 0.029984348381602195, 0.07991311545360087, 0.13975413148305396, 0.05986191642060504, 0.03997896382576516, 0.01994209651010949, 0.009995405025396363, 0.009987214059701295, 0.019996224380196402, 0.01998657293563295, 0.009994437994178347, 0.019996998151415053, 0.01996454142174486, 0.009995262139826681, 0.00999204305848945, 0.019969209429485896], "target point": [[null, null, null], [null, null, null], [null, null, null], [null, null, null], [null, null, null], [null, null, null], [null, null, null], [null, null, null], [null, null, null], [null, null, null], [null, null, null], [null, null, null], [null, null, null], [null, null, null], [null, null, null], [null, null, null], [null, null, null], [null, null, null], [null, null, null], [null, null, null], [null, null, null], [null, null, null], [null, null, null], [null, null, null], [null, null, null], [null, null, null], [null, null, null], [null, null, null]], "unix time": [0.0, 1663031213946774, 1663031213946774, 1663031214946774, 1663031214946774, 1663031215947774, 1663031216946774, 1663031216946774, 1663031217947774, 1663031217947774, 1663031218946774, 1663031218946774, 1663031219948774, 1663031219948774, 1663031220948774, 1663031220948774, 1663031221947774, 1663031221947774, 1663031222948774, 1663031222948774, 1663031223949774, 1663031223949774, 1663031224948774, 1663031224948774, 1663031225947774, 1663031225947774, 1663031226948774, 1663031226948774]}