{"mode": ["0.0", "0.0", "HOLD"], "lat_deg": [0.0, 40.6557002, 40.6557001], "lng_deg": [0.0, -119.37283289999999, -119.3728331], "abs_alt_m": [0.0, 1207.162109375, 1207.1490478515625], "rel_alt_m": [0.0, -0.012000000104308128, -0.02500000037252903], "x_m": [0.0, -49.26375961303711, -49.280941009521484], "y_m": [0.0, 0.44311895966529846, 0.42629513144493103], "pitch_deg": [0.0, -1.435229778289795, -1.4561313390731812], "roll_deg": [0.0, 7.131155014038086, 7.107616424560547], "yaw_deg": [0.0, -52.11386489868164, -52.11502456665039], "lidar": [-1, 0.019839206268200203, 0.02975951266086862], "target point": [[null, null, null], [null, null, null], [null, null, null]], "unix time": [0.0, 0.0, 1663031309948774]}