{"mode": ["0.0", "HOLD", "HOLD", "HOLD"], "lat_deg": [0.0, 40.6556919, 40.6556918, 40.6556917], "lng_deg": [0.0, -119.3728333, -119.3728333, -119.37283339999999], "abs_alt_m": [0.0, 1202.2120361328125, 1202.2041015625, 1202.2091064453125], "rel_alt_m": [0.0, -0.003000000026077032, -0.010000000707805157, -0.005000000353902578], "x_m": [0.0, -0.638410210609436, -0.6542153358459473, -0.6632714867591858], "y_m": [0.0, -0.5266628265380859, -0.528956949710846, -0.5385714173316956], "pitch_deg": [0.0, -1.3825796842575073, -1.3378279209136963, -0.900443434715271], "roll_deg": [0.0, 8.195782661437988, 8.209981918334961, 8.283940315246582], "yaw_deg": [0.0, -69.8781509399414, -69.95314025878906, -69.96417236328125], "lidar": [-1, 0.019789813135513118, 0.02968427986722526, 0.019789406209337494], "target point": [[null, null, null], [null, null, null], [null, null, null], [null, null, null]], "unix time": [0.0, 1663031371005111, 1663031371005111, 1663031372005111]}