{"mode": ["0.0", "0.0", "HOLD", "HOLD", "HOLD", "HOLD", "HOLD", "HOLD", "HOLD", "HOLD", "TAKEOFF", "TAKEOFF", "TAKEOFF", "TAKEOFF", "TAKEOFF", "TAKEOFF", "TAKEOFF", "TAKEOFF", "TAKEOFF", "TAKEOFF", "TAKEOFF", "TAKEOFF", "TAKEOFF", "TAKEOFF", "TAKEOFF", "TAKEOFF", "TAKEOFF", "TAKEOFF", "TAKEOFF", "TAKEOFF"], "lat_deg": [0.0, 40.655691399999995, 40.655691499999996, 40.655691499999996, 40.6556916, 40.655691499999996, 40.655691499999996, 40.655691499999996, 40.655691399999995, 40.655691399999995, 40.6556913, 40.655691, 40.655690799999995, 40.655690799999995, 40.6556906, 40.655690199999995, 40.6556899, 40.655690199999995, 40.6556905, 40.655690799999995, 40.655690899999996, 40.655690799999995, 40.6556907, 40.6556907, 40.6556907, 40.6556907, 40.6556906, 40.6556906, 40.6556906, 40.6556906], "lng_deg": [0.0, -119.372838, -119.37283819999999, -119.37283839999999, -119.3728386, -119.37283869999999, -119.3728388, -119.37283889999999, -119.3728388, -119.3728388, -119.3728388, -119.3728388, -119.3728388, -119.3728388, -119.37283869999999, -119.372838, -119.3728373, -119.3728359, -119.3728342, -119.37283289999999, -119.37283219999999, -119.37283199999999, -119.3728319, -119.37283199999999, -119.3728321, -119.37283219999999, -119.37283219999999, -119.3728323, -119.3728325, -119.37283269999999], "abs_alt_m": [0.0, 1202.22607421875, 1202.2239990234375, 1202.22607421875, 1202.2210693359375, 1202.194091796875, 1202.1800537109375, 1202.1710205078125, 1202.177001953125, 1202.1690673828125, 1202.155029296875, 1202.152099609375, 1202.1700439453125, 1202.2451171875, 1202.3780517578125, 1202.5260009765625, 1202.8160400390625, 1203.0760498046875, 1203.008056640625, 1202.8780517578125, 1202.7880859375, 1202.777099609375, 1202.7320556640625, 1202.7200927734375, 1202.748046875, 1202.7330322265625, 1202.705078125, 1202.6900634765625, 1202.6820068359375, 1202.68505859375], "rel_alt_m": [0.0, 0.01100000087171793, 0.00800000037997961, 0.01100000087171793, 0.005000000353902578, -0.021000001579523087, -0.03400000184774399, -0.004000000189989805, 0.0, -0.007000000216066837, -0.012000000104308128, -0.015000000596046448, 0.0020000000949949026, 0.07700000703334808, 0.21000000834465027, 0.3580000102519989, 0.6490000486373901, 0.909000039100647, 0.8410000205039978, 0.7110000252723694, 0.6210000514984131, 0.6100000143051147, 0.5649999976158142, 0.5530000329017639, 0.581000030040741, 0.5649999976158142, 0.5380000472068787, 0.5230000019073486, 0.5139999985694885, 0.5170000195503235], "x_m": [0.0, -0.6934738755226135, -0.6851696968078613, -0.678543746471405, -0.6790916323661804, -0.6810039281845093, -0.6856160163879395, -0.6875208020210266, -0.6929237246513367, -0.6977754831314087, -0.7067028284072876, -0.7355592846870422, -0.7609849572181702, -0.764862596988678, -0.7877199649810791, -0.8287227153778076, -0.8577695488929749, -0.8282452821731567, -0.7942292094230652, -0.7583113312721252, -0.7520984411239624, -0.7672289609909058, -0.7704892754554749, -0.7765785455703735, -0.7733864784240723, -0.7778154015541077, -0.7836429476737976, -0.7860907316207886, -0.7844547033309937, -0.7826716303825378], "y_m": [0.0, -0.9264355897903442, -0.9455865025520325, -0.959923267364502, -0.9728014469146729, -0.9814709424972534, -0.989940881729126, -0.9955739378929138, -0.9949867725372314, -0.9931076169013977, -0.9890758395195007, -0.9908329248428345, -0.9900955557823181, -0.9946839809417725, -0.9785696268081665, -0.9221252202987671, -0.8607163429260254, -0.7395904660224915, -0.5932098031044006, -0.4895338714122772, -0.437837690114975, -0.42010805010795593, -0.4133860170841217, -0.41608065366744995, -0.42700430750846863, -0.43300914764404297, -0.43693652749061584, -0.4468209445476532, -0.4640677273273468, -0.47655177116394043], "pitch_deg": [0.0, -1.3158457279205322, -1.3465449810028076, -1.3382891416549683, -1.3255425691604614, -1.2483230829238892, -1.3797669410705566, -0.6660279035568237, 0.7272343635559082, 0.5146777629852295, 0.4751620292663574, -0.31577014923095703, -1.0629661083221436, -0.15261854231357574, -0.9049414396286011, -2.64280104637146, -2.9565470218658447, -3.835388422012329, -5.502926349639893, -5.904983997344971, -5.560114860534668, -6.538788318634033, -2.801182508468628, -3.6902008056640625, -3.9360337257385254, -3.8975493907928467, -3.915004014968872, -3.840900421142578, -4.1477370262146, -2.2733538150787354], "roll_deg": [0.0, 8.165904998779297, 8.168914794921875, 8.165867805480957, 8.162276268005371, 8.178442001342773, 8.1494779586792, 8.295607566833496, 8.509848594665527, 8.297137260437012, 7.22313117980957, -1.3370225429534912, -0.1543060690164566, 0.7991095781326294, 0.4297961890697479, 1.3377314805984497, 0.9235022664070129, -2.0980002880096436, -1.397565245628357, 0.03376849368214607, 1.1025868654251099, -5.159828186035156, 1.2057753801345825, 0.013931686989963055, -0.18636249005794525, -0.1425457000732422, 0.0530952587723732, 0.1839323788881302, -0.1136178970336914, 1.0223021507263184], "yaw_deg": [0.0, -69.88355255126953, -69.88045501708984, -69.88798522949219, -69.88014221191406, -69.86874389648438, -69.8807373046875, -69.86998748779297, -69.97947692871094, -70.27670288085938, -70.40401458740234, -68.78108215332031, -70.0408706665039, -70.94253540039062, -70.85981750488281, -69.528564453125, -68.2459945678711, -58.78855514526367, -76.14249420166016, -82.91400146484375, -85.6192398071289, -79.53011322021484, -82.6464614868164, -82.37278747558594, -82.74707794189453, -82.48243713378906, -82.05938720703125, -81.76812744140625, -81.68518829345703, -81.9197006225586], "lidar": [-1, 0.02968779608851867, 0.019791842783532, 0.019791754983230606, 0.019792062915794925, 0.019791896740394232, 0.01979231797731846, 0.019793637225718513, 0.019772680531410368, 0.019783148362641487, 0.019840598130511568, 0.02999137674592318, 0.029996935911557297, 0.06998716815239123, 0.13998639664329812, 0.30962065196477145, 0.5793037541162458, 0.8077475740822944, 0.6273797909981463, 0.2782846489713091, 0.03971483352465341, 0.029560265420375313, 0.02997785630053175, 0.019959903468982198, 0.01996926607363834, 0.0299305229812523, 0.019959291836949642, 0.019955687716491987, 0.019952626138680204, 0.02996723635736661], "target point": [[null, null, null], [null, null, null], [null, null, null], [null, null, null], [null, null, null], [null, null, null], [null, null, null], [null, null, null], [null, null, null], [null, null, null], [null, null, null], [null, null, null], [null, null, null], [null, null, null], [null, null, null], [null, null, null], [null, null, null], [null, null, null], [null, null, null], [null, null, null], [null, null, null], [null, null, null], [null, null, null], [null, null, null], [null, null, null], [null, null, null], [null, null, null], [null, null, null], [null, null, null], [null, null, null]], "unix time": [0.0, 0.0, 1663031388005111, 1663031388005111, 1663031389005111, 1663031389005111, 1663031390005111, 1663031390005111, 1663031391003111, 1663031391003111, 1663031392003111, 1663031392003111, 1663031393005111, 1663031393005111, 1663031394005111, 1663031394005111, 1663031395004111, 1663031395004111, 1663031396004111, 1663031396004111, 1663031397003111, 1663031397003111, 1663031398005111, 1663031398005111, 1663031399004111, 1663031399004111, 1663031400004111, 1663031400004111, 1663031401005111, 1663031401005111]}