{"mode": ["0.0", "MANUAL", "MANUAL", "HOLD"], "lat_deg": [0.0, 40.655685999999996, 40.6556857, 40.655685399999996], "lng_deg": [0.0, -119.3728117, -119.372812, -119.3728122], "abs_alt_m": [0.0, 1203.9300537109375, 1203.9390869140625, 1203.9180908203125], "rel_alt_m": [0.0, 0.0020000000949949026, 0.01100000087171793, -0.010000000707805157], "x_m": [0.0, -0.878757655620575, -0.9197812676429749, -0.9377685189247131], "y_m": [0.0, -1.1364742517471313, -1.1637674570083618, -1.178445816040039], "pitch_deg": [0.0, -2.3557395935058594, -2.3398122787475586, -2.473083972930908], "roll_deg": [0.0, 4.687621116638184, 4.715385913848877, 4.6734232902526855], "yaw_deg": [0.0, 63.72423553466797, 63.75598907470703, 63.79338836669922], "lidar": [-1, 0.019916556748769382, 0.01991629472443316, 0.029873685622373983], "target point": [[null, null, null], [null, null, null], [null, null, null], [null, null, null]], "unix time": [0.0, 0.0, 1663031760813810, 1663031760813810]}