{"mode": ["0.0", "0.0", "HOLD", "HOLD", "HOLD", "HOLD", "HOLD", "HOLD", "HOLD", "HOLD", "TAKEOFF", "TAKEOFF", "TAKEOFF", "TAKEOFF", "TAKEOFF", "TAKEOFF", "TAKEOFF", "TAKEOFF", "TAKEOFF", "TAKEOFF", "TAKEOFF", "TAKEOFF", "TAKEOFF", "TAKEOFF", "TAKEOFF", "TAKEOFF", "TAKEOFF", "TAKEOFF"], "lat_deg": [0.0, 40.6556831, 40.655682999999996, 40.655682899999995, 40.6556828, 40.6556828, 40.6556828, 40.6556828, 40.6556827, 40.6556827, 40.6556826, 40.6556826, 40.6556825, 40.6556827, 40.6556834, 40.655684199999996, 40.6556849, 40.6556858, 40.6556861, 40.655677499999996, 40.6556638, 40.6556479, 40.6556423, 40.6556423, 40.6556423, 40.6556423, 40.655653199999996, 40.6556542], "lng_deg": [0.0, -119.3728168, -119.3728168, -119.3728168, -119.37281689999999, -119.37281689999999, -119.372817, -119.372817, -119.37281709999999, -119.37281709999999, -119.3728172, -119.3728172, -119.3728173, -119.3728172, -119.372816, -119.37281309999999, -119.3728101, -119.37280779999999, -119.3728051, -119.3728043, -119.37280349999999, -119.37279509999999, -119.3727907, -119.3727907, -119.3727907, -119.3727907, -119.37279699999999, -119.3728002], "abs_alt_m": [0.0, 1203.779052734375, 1203.7711181640625, 1203.7930908203125, 1203.8050537109375, 1203.8131103515625, 1203.819091796875, 1203.8240966796875, 1203.8341064453125, 1203.8560791015625, 1203.8760986328125, 1203.89208984375, 1203.9010009765625, 1203.9510498046875, 1204.10107421875, 1204.404052734375, 1204.818115234375, 1205.3460693359375, 1205.9381103515625, 1205.55908203125, 1202.7010498046875, 1200.7451171875, 1182.694091796875, 1182.694091796875, 1182.694091796875, 1182.694091796875, 1202.9290771484375, 1203.7091064453125], "rel_alt_m": [0.0, -0.14900000393390656, -0.15600000321865082, -0.13500000536441803, -0.12300000339746475, -0.11400000751018524, -0.10900000482797623, 0.005000000353902578, 0.015000000596046448, 0.003000000026077032, 0.023000001907348633, 0.039000000804662704, 0.04800000041723251, 0.09800000488758087, 0.24800001084804535, 0.5509999990463257, 0.9650000333786011, 1.4930000305175781, 2.0850000381469727, 1.7060000896453857, -1.1500000953674316, -3.1070001125335693, -21.158000946044922, -21.158000946044922, -21.158000946044922, -21.158000946044922, -0.9220000505447388, 0.7790000438690186], "x_m": [0.0, -1.1957682371139526, -1.2102371454238892, -1.2228600978851318, -1.233187198638916, -1.228593349456787, -1.2312660217285156, -1.2314555644989014, -1.2369219064712524, -1.2423146963119507, -1.2541507482528687, -1.256986141204834, -1.2596561908721924, -1.2254663705825806, -1.1488274335861206, -1.0785828828811646, -0.9904683232307434, -0.8895878791809082, -0.8841617107391357, -1.9616764783859253, -3.457024097442627, -5.190431594848633, -5.713998794555664, -5.3467326164245605, -5.029553413391113, -4.729662895202637, -4.480222225189209, -4.416441440582275], "y_m": [0.0, -1.568631887435913, -1.5626600980758667, -1.5686932802200317, -1.5729198455810547, -1.5764364004135132, -1.5834121704101562, -1.5843651294708252, -1.5883170366287231, -1.5937613248825073, -1.5998291969299316, -1.6009260416030884, -1.611981749534607, -1.588725209236145, -1.4614711999893188, -1.2509329319000244, -1.0030452013015747, -0.8038812875747681, -0.5629364848136902, -0.4930241107940674, -0.38686105608940125, 0.29954102635383606, 0.6960979700088501, 0.6412407755851746, 0.5197786688804626, 0.36092108488082886, 0.06504014134407043, -0.20291616022586823], "pitch_deg": [0.0, -2.665358543395996, -2.6508278846740723, -2.6807878017425537, -2.677640914916992, -2.478875160217285, -2.521172046661377, -2.9469454288482666, -3.4052836894989014, -3.4358878135681152, -3.534661293029785, -2.897299289703369, -2.6119649410247803, 1.8509504795074463, 4.8151702880859375, 7.540715217590332, 10.581483840942383, 11.791293144226074, 21.08190155029297, 51.214324951171875, 45.326419830322266, -27.208288192749023, -16.6024227142334, -16.21263885498047, -16.29320526123047, -16.288631439208984, -16.295093536376953, -16.303354263305664], "roll_deg": [0.0, 4.643946647644043, 4.650440216064453, 4.643355369567871, 4.641003608703613, 4.654844760894775, 4.6521315574646, 4.692710876464844, 4.751475811004639, 4.715805530548096, 4.801268577575684, 4.547778129577637, 0.47770974040031433, -1.1806118488311768, 0.1762884259223938, 0.10276363044977188, -0.4062548875808716, 2.3224778175354004, 35.54130554199219, 95.54936981201172, 87.98713684082031, -174.34194946289062, 168.4031524658203, 167.6849822998047, 167.8132781982422, 167.7836151123047, 167.8222198486328, 167.8728790283203], "yaw_deg": [0.0, 63.454524993896484, 63.44507598876953, 63.45178985595703, 63.42287826538086, 63.422142028808594, 63.41697692871094, 63.41695785522461, 63.382076263427734, 63.576961517333984, 63.74601364135742, 63.80203628540039, 62.50815200805664, 68.07852935791016, 69.12451934814453, 67.57864379882812, 67.91112518310547, 69.03070068359375, 116.07957458496094, 124.25579071044922, -69.05921936035156, 27.15997314453125, 34.09600067138672, 31.74537467956543, 28.703022003173828, 27.521028518676758, 26.86192512512207, 26.48569107055664], "lidar": [-1, 0.01991245829519917, 0.01991282693214913, 0.029868808385568685, 0.019912254812151985, 0.01991503530413287, 0.019914938366487705, 0.02986465567533567, 0.02985297409117751, 0.029847311988927185, 0.02984129351967717, 0.029860907369618814, 0.019956276695582677, 0.03999106674380779, 0.24911648803338737, 0.47576154015405153, 0.8350276662617895, 1.3018931387205193, 0.6498137984624748, -0.0, 0.011411466579082442, 0, 0, 0, 0, 0, 0, 0], "target point": [[null, null, null], [null, null, null], [null, null, null], [null, null, null], [null, null, null], [null, null, null], [null, null, null], [null, null, null], [null, null, null], [null, null, null], [null, null, null], [null, null, null], [null, null, null], [null, null, null], [null, null, null], [null, null, null], [null, null, null], [null, null, null], [null, null, null], [null, null, null], [null, null, null], [null, null, null], [null, null, null], [null, null, null], [null, null, null], [null, null, null], [null, null, null], [null, null, null]], "unix time": [0.0, 0.0, 1663031786811810, 1663031786811810, 1663031787812810, 1663031787812810, 1663031788812810, 1663031788812810, 1663031789812810, 1663031789812810, 1663031790810810, 1663031790810810, 1663031791811810, 1663031791811810, 1663031792812810, 1663031792812810, 1663031793812810, 1663031793812810, 1663031794810810, 1663031794810810, 1663031795812810, 1663031795812810, 1663031796810810, 1663031796810810, 1663031797810810, 1663031797810810, 1663031799210810, 1663031799210810]}