{"mode": ["0.0", "MANUAL", "MANUAL", "HOLD", "HOLD", "HOLD"], "lat_deg": [0.0, 0.0, 0.0, 0.0, 0.0, 0.0], "lng_deg": [0.0, 0.0, 0.0, 0.0, 0.0, 0.0], "abs_alt_m": [0.0, 0.0, 0.0, 0.0, 0.0, 0.0], "rel_alt_m": [0.0, 0.0, 0.0, 0.0, 0.0, 0.0], "x_m": [0.0, -0.0013598398072645068, 0.007304015569388866, 0.012935364618897438, 0.01598014496266842, 0.01747814752161503], "y_m": [0.0, 0.04266313463449478, 0.04626442864537239, 0.04869799688458443, 0.051051970571279526, 0.053898170590400696], "pitch_deg": [0.0, 0.04062747582793236, 0.0329422689974308, 0.022141912952065468, 0.018011726438999176, 0.02063499204814434], "roll_deg": [0.0, 5.179932117462158, 5.181395053863525, 5.185940742492676, 5.187310218811035, 5.192135810852051], "yaw_deg": [0.0, 59.66396713256836, 59.775020599365234, 59.86433792114258, 59.938724517822266, 60.02095413208008], "lidar": [-1, 0.029877311193963897, 0.02987754382124992, 0.019918248568860587, 0.0199181963841704, 0.019917983091963434], "target point": [[null, null, null], [null, null, null], [null, null, null], [null, null, null], [null, null, null], [null, null, null]], "unix time": [0.0, 0.0, 0.0, 0.0, 0.0, 0.0]}