{"mode": ["0.0", "0.0", "HOLD", "HOLD"], "lat_deg": [0.0, 40.655738899999996, 40.655738799999995, 40.6557384], "lng_deg": [0.0, -119.372666, -119.37266699999999, -119.37266819999999], "abs_alt_m": [0.0, 1192.716064453125, 1192.714111328125, 1192.718017578125], "rel_alt_m": [0.0, 0.021000001579523087, 0.018000001087784767, 0.02200000174343586], "x_m": [0.0, -0.2294163852930069, -0.24948057532310486, -0.2784009873867035], "y_m": [0.0, -0.9049298167228699, -0.9934017062187195, -1.0779225826263428], "pitch_deg": [0.0, 0.04931987449526787, 0.0518002025783062, 0.06280773133039474], "roll_deg": [0.0, 5.23253059387207, 5.228462219238281, 5.229572296142578], "yaw_deg": [0.0, 61.02149963378906, 61.085205078125, 61.14604949951172], "lidar": [-1, 0.02987469568006225, 0.029875379869137932, 0.019916789759031578], "target point": [[null, null, null], [null, null, null], [null, null, null], [null, null, null]], "unix time": [0.0, 0.0, 1663033433614952, 1663033433614952]}