{"mode": ["0.0", "0.0", "HOLD", "HOLD", "HOLD", "HOLD", "HOLD", "HOLD", "HOLD", "HOLD", "TAKEOFF", "TAKEOFF", "TAKEOFF", "TAKEOFF", "TAKEOFF", "TAKEOFF", "TAKEOFF", "TAKEOFF", "TAKEOFF", "TAKEOFF", "TAKEOFF", "TAKEOFF", "TAKEOFF", "TAKEOFF", "TAKEOFF", "TAKEOFF", "TAKEOFF", "TAKEOFF", "TAKEOFF", "TAKEOFF", "TAKEOFF", "TAKEOFF", "TAKEOFF", "TAKEOFF", "TAKEOFF", "TAKEOFF", "TAKEOFF", "TAKEOFF", "TAKEOFF", "TAKEOFF", "LAND", "LAND", "LAND", "LAND", "LAND", "LAND", "POSCTL", "POSCTL", "POSCTL", "POSCTL", "POSCTL", "POSCTL", "POSCTL", "POSCTL", "POSCTL", "POSCTL", "POSCTL", "POSCTL", "POSCTL", "POSCTL", "POSCTL", "POSCTL", "POSCTL", "POSCTL", "POSCTL", "POSCTL", "POSCTL", "POSCTL", "POSCTL"], "lat_deg": [0.0, 40.6557545, 40.6557549, 40.6557548, 40.6557552, 40.6557555, 40.6557562, 40.6557566, 40.6557572, 40.6557572, 40.6557569, 40.655757, 40.655758399999996, 40.6557582, 40.6557489, 40.6557481, 40.65575, 40.6557507, 40.655751099999996, 40.6557552, 40.6557574, 40.6557604, 40.655764, 40.655766799999995, 40.6557684, 40.655769199999995, 40.6557701, 40.655771, 40.6557722, 40.6557738, 40.655775399999996, 40.655777, 40.655777799999996, 40.655778399999996, 40.655777799999996, 40.6557776, 40.655777199999996, 40.6557773, 40.6557771, 40.6557771, 40.655776599999996, 40.655776599999996, 40.655776599999996, 40.655776599999996, 40.655776599999996, 40.655776599999996, 40.655776599999996, 40.655776599999996, 40.655776599999996, 40.655776599999996, 40.655776599999996, 40.655776599999996, 40.6557782, 40.6557777, 40.6557777, 40.6557776, 40.655778399999996, 40.6557791, 40.6557794, 40.6557822, 40.655783, 40.655784, 40.6557854, 40.6557865, 40.6557864, 40.655785699999996, 40.655785699999996, 40.655785699999996, 40.655785699999996], "lng_deg": [0.0, -119.3726794, -119.3726791, -119.37267969999999, -119.3726798, -119.37268019999999, -119.3726801, -119.37267999999999, -119.3726798, -119.3726799, -119.3726801, -119.37267999999999, -119.3726801, -119.37268139999999, -119.3726791, -119.3726806, -119.3726832, -119.3726859, -119.372687, -119.3726861, -119.37268479999999, -119.37268519999999, -119.3726856, -119.3726856, -119.3726851, -119.3726859, -119.37268669999999, -119.372688, -119.3726892, -119.3726904, -119.37268999999999, -119.372689, -119.3726883, -119.3726871, -119.37268569999999, -119.37268479999999, -119.37268429999999, -119.3726844, -119.3726846, -119.3726846, -119.37268549999999, -119.37268549999999, -119.37268549999999, -119.37268549999999, -119.37268549999999, -119.37268549999999, -119.37268549999999, -119.37268549999999, -119.37268549999999, -119.37268549999999, -119.37268549999999, -119.37268549999999, -119.37268739999999, -119.3726878, -119.372688, -119.3726875, -119.3726883, -119.3726882, -119.3726863, -119.3726882, -119.3726902, -119.3726923, -119.3726933, -119.3726939, -119.3726954, -119.3726949, -119.3726949, -119.3726949, -119.3726949], "abs_alt_m": [0.0, 1195.20703125, 1195.2210693359375, 1195.2301025390625, 1195.26708984375, 1195.319091796875, 1195.381103515625, 1195.445068359375, 1195.5140380859375, 1195.5791015625, 1195.6160888671875, 1195.6361083984375, 1195.5030517578125, 1195.10009765625, 1193.4691162109375, 1195.3250732421875, 1195.6630859375, 1195.6640625, 1195.5430908203125, 1195.4281005859375, 1195.405029296875, 1195.3291015625, 1195.3341064453125, 1195.22900390625, 1195.2060546875, 1195.1920166015625, 1195.2210693359375, 1195.3040771484375, 1195.507080078125, 1195.7900390625, 1195.966064453125, 1196.154052734375, 1196.2239990234375, 1196.1790771484375, 1196.0321044921875, 1195.8890380859375, 1195.802001953125, 1195.7650146484375, 1195.7650146484375, 1195.7650146484375, 1195.7440185546875, 1195.7440185546875, 1195.7440185546875, 1195.7440185546875, 1195.7440185546875, 1195.7440185546875, 1195.7440185546875, 1195.7440185546875, 1195.7440185546875, 1195.7440185546875, 1195.7440185546875, 1195.7440185546875, 1194.998046875, 1194.8590087890625, 1194.7401123046875, 1194.6600341796875, 1194.5841064453125, 1194.5340576171875, 1194.5240478515625, 1194.39404296875, 1194.2821044921875, 1194.166015625, 1194.069091796875, 1193.97802734375, 1193.89599609375, 1193.80810546875, 1193.80810546875, 1193.80810546875, 1193.80810546875], "rel_alt_m": [0.0, 0.3920000195503235, 0.4050000309944153, 0.4140000343322754, 0.4520000219345093, 0.5040000081062317, 0.5660000443458557, 0.0560000017285347, 0.012000000104308128, 0.07700000703334808, 0.11300000548362732, 0.1340000033378601, 0.0010000000474974513, -0.4010000228881836, -2.0329999923706055, -0.17600001394748688, 0.1600000113248825, 0.16200000047683716, 0.04000000283122063, -0.07300000637769699, -0.09700000286102295, -0.1720000058412552, -0.16700001060962677, -0.27300000190734863, -0.29500001668930054, 0.015000000596046448, 0.04400000348687172, 0.12600000202655792, 0.3290000259876251, 0.612000048160553, 0.7890000343322754, 0.9770000576972961, 0.05300000309944153, 0.009000000543892384, -0.13700000941753387, -0.281000018119812, -0.367000013589859, -0.40400001406669617, -0.40400001406669617, -0.40400001406669617, -0.42500001192092896, -0.42500001192092896, -0.42500001192092896, -0.42500001192092896, -0.42500001192092896, -0.42500001192092896, -0.42500001192092896, -0.42500001192092896, -0.42500001192092896, -0.42500001192092896, -0.42500001192092896, -0.42500001192092896, -0.02800000086426735, -0.16700001060962677, -0.28600001335144043, -0.367000013589859, -0.44200003147125244, -0.492000013589859, -0.5020000338554382, -0.6320000290870667, -0.7440000176429749, -0.8600000143051147, -0.058000002056360245, -0.14900000393390656, -0.23100000619888306, -0.3190000057220459, -0.3190000057220459, -0.3190000057220459, -0.3190000057220459], "x_m": [0.0, 1.504382848739624, 1.551969289779663, 1.5347095727920532, 1.5837578773498535, 1.618079423904419, 1.7013108730316162, 1.7501955032348633, 1.8138142824172974, 1.8135895729064941, 1.7718366384506226, 1.7892136573791504, 1.9916272163391113, 1.7639039754867554, 0.8280373215675354, 0.796332836151123, 1.001940131187439, 1.086013913154602, 1.2668876647949219, 1.631732702255249, 1.882308840751648, 2.1571178436279297, 2.5516409873962402, 2.884857416152954, 3.059762477874756, 3.1440649032592773, 3.243300676345825, 3.3566701412200928, 3.489128351211548, 3.6794371604919434, 3.853832960128784, 4.004128932952881, 4.0952324867248535, 4.167270183563232, 4.0939507484436035, 4.074150085449219, 4.033127784729004, 4.037267208099365, 3.9676856994628906, 3.9171035289764404, 3.9337351322174072, 3.8774564266204834, 3.824061870574951, 3.666253089904785, 3.8578810691833496, 3.9696030616760254, 4.019272327423096, 3.9865972995758057, 4.040544509887695, 4.14254093170166, 4.17936372756958, 4.162607669830322, 4.144179344177246, 4.082838535308838, 4.086226463317871, 4.0762224197387695, 4.176398277282715, 4.243316650390625, 4.321964263916016, 4.580236911773682, 4.670022010803223, 4.804959774017334, 4.943600177764893, 5.060502052307129, 5.05462121963501, 4.973179340362549, 4.940478801727295, 4.993452548980713, 4.996759414672852],