{"arliss_target": [40.900511, -119.079115, 1491.1361376953125, 300.0131600003457, 300.0], "shaten_sample_0914": [40.870666181999994, -119.10454072800002, 1389.9029663085937, 199.9560599981621, 200.0], "test_target": [40.900511, -119.079115, 1195.809, 10, 10], "shaten_ground": [40.870666178, -119.10456752399999, 1491.1361376953125, 300.0131600003457, 300.0]}
