{"mode": ["0.0", "0.0", "0.0", "0.0", "HOLD", "HOLD", "HOLD", "HOLD", "HOLD", "HOLD", "HOLD", "HOLD", "HOLD", "HOLD", "HOLD", "HOLD", "HOLD", "HOLD", "HOLD", "HOLD", "HOLD", "HOLD", "HOLD", "HOLD", "HOLD", "HOLD", "HOLD", "HOLD", "HOLD", "TAKEOFF", "TAKEOFF", "TAKEOFF", "TAKEOFF", "TAKEOFF", "TAKEOFF", "TAKEOFF", "TAKEOFF", "TAKEOFF", "TAKEOFF", "TAKEOFF", "TAKEOFF", "TAKEOFF", "TAKEOFF", "TAKEOFF", "TAKEOFF", "TAKEOFF", "TAKEOFF", "HOLD", "HOLD", "HOLD", "HOLD", "HOLD", "HOLD", "HOLD", "HOLD", "HOLD", "HOLD", "HOLD", "HOLD", "HOLD", "HOLD", "HOLD", "HOLD", "HOLD", "HOLD", "HOLD", "HOLD"], "lat_deg": [0.0, 35.7952249, 35.7952249, 35.7952249, 35.7952249, 35.7952249, 35.7952249, 35.7952249, 35.7952249, 35.7952249, 35.7952249, 35.7952248, 35.7952248, 35.7952248, 35.7952248, 35.7952248, 35.7952248, 35.7952247, 35.7952247, 35.7952247, 35.7952247, 35.7952247, 35.7952247, 35.7952247, 35.7952247, 35.7952247, 35.7952247, 35.7952247, 35.7952247, 35.7952247, 35.7952247, 35.7952247, 35.7952247, 35.7952247, 35.7952247, 35.7952247, 35.7952247, 35.7952247, 35.7952246, 35.795224499999996, 35.795224499999996, 35.795224399999995, 35.795224399999995, 35.7952243, 35.7952243, 35.7952243, 35.7952243, 35.7952243, 35.7952243, 35.795224399999995, 35.795224399999995, 35.795224399999995, 35.795224399999995, 35.795224399999995, 35.795224399999995, 35.795224399999995, 35.795224399999995, 35.795224399999995, 35.795224399999995, 35.795224399999995, 35.795224399999995, 35.795224399999995, 35.795224499999996, 35.795224499999996, 35.795224499999996, 35.795224499999996, 35.795224499999996], "lng_deg": [0.0, 139.8905539, 139.8905539, 139.8905539, 139.8905539, 139.8905539, 139.8905539, 139.8905539, 139.8905539, 139.8905539, 139.8905539, 139.8905539, 139.8905539, 139.8905539, 139.8905538, 139.8905538, 139.8905537, 139.8905537, 139.8905536, 139.89055349999998, 139.89055349999998, 139.8905534, 139.8905534, 139.8905533, 139.8905533, 139.8905533, 139.8905533, 139.8905534, 139.8905534, 139.89055349999998, 139.89055349999998, 139.89055349999998, 139.8905536, 139.8905536, 139.89055349999998, 139.89055349999998, 139.8905534, 139.89055349999998, 139.8905539, 139.8905543, 139.8905545, 139.8905546, 139.8905547, 139.8905547, 139.8905546, 139.8905546, 139.8905546, 139.8905545, 139.8905545, 139.8905545, 139.8905545, 139.8905545, 139.89055439999998, 139.89055439999998, 139.89055439999998, 139.89055439999998, 139.89055439999998, 139.89055439999998, 139.89055439999998, 139.8905543, 139.8905543, 139.8905543, 139.8905543, 139.8905543, 139.8905543, 139.8905543, 139.8905543], "abs_alt_m": [0.0, -0.8070000410079956, -0.6330000162124634, -0.7270000576972961, -0.7320000529289246, -0.7270000576972961, -0.7510000467300415, -0.690000057220459, -0.7740000486373901, -0.7130000591278076, -0.7130000591278076, -0.6290000081062317, -0.7320000529289246, -0.7880000472068787, -0.6190000176429749, -0.7040000557899475, -0.7600000500679016, -0.784000039100647, -0.718000054359436, -0.7130000591278076, -0.76500004529953, -0.718000054359436, -0.7320000529289246, -0.6800000071525574, -0.7410000562667847, -0.6990000605583191, -0.7460000514984131, -0.7460000514984131, -0.9200000166893005, -0.6760000586509705, -0.7040000557899475, -0.6290000081062317, -0.6990000605583191, -0.6760000586509705, -0.7690000534057617, -0.6050000190734863, -0.7320000529289246, -0.7230000495910645, -0.7600000500679016, -0.7930000424385071, -0.6850000619888306, -0.784000039100647, -0.7410000562667847, -0.6710000038146973, -0.8870000243186951, -0.7600000500679016, -0.7600000500679016, -0.7270000576972961, -0.6760000586509705, -0.7130000591278076, -0.6850000619888306, -0.7740000486373901, -0.8400000333786011, -0.7130000591278076, -0.7230000495910645, -0.7080000042915344, -0.6050000190734863, -0.5960000157356262, -0.6800000071525574, -0.6190000176429749, 1.037000060081482, 1.0150001049041748, 0.9980000257492065, 0.9890000224113464, 0.9780000448226929, 0.9700000286102295, 0.9580000638961792], "rel_alt_m": [0.0, -4.4710001945495605, -4.297000408172607, -4.391000270843506, -4.396000385284424, -4.391000270843506, -2.8490002155303955, -2.7880001068115234, -2.872000217437744, -2.811000108718872, -2.811000108718872, -2.7270002365112305, -2.830000162124634, -2.886000156402588, -2.7170002460479736, -2.802000045776367, -2.8580000400543213, -2.882000207901001, -2.81600022315979, -2.811000108718872, -2.8630001544952393, -2.81600022315979, -2.830000162124634, -2.7780001163482666, -2.8390002250671387, -2.7970001697540283, -2.8440001010894775, -2.8440001010894775, -3.0180001258850098, -2.7740001678466797, -2.802000045776367, -2.7270002365112305, -2.7970001697540283, -2.7740001678466797, -2.867000102996826, -2.703000068664551, -2.830000162124634, -2.821000099182129, -2.8580000400543213, -2.8910000324249268, -2.7830002307891846, -2.882000207901001, -2.8390002250671387, -2.7690000534057617, -2.9850001335144043, -2.8580000400543213, -2.8580000400543213, -2.825000047683716, -2.7740001678466797, -2.811000108718872, -2.7830002307891846, -2.872000217437744, -2.938000202178955, -2.811000108718872, -2.821000099182129, -2.806000232696533, -2.703000068664551, -2.694000244140625, -2.7780001163482666, -2.7170002460479736, -0.007000000216066837, -0.029000001028180122, -0.046000003814697266, -0.055000003427267075, -0.06599999964237213, -0.07400000095367432, -0.0860000029206276], "x_m": [0.0, 0.13489411771297455, 0.13422013819217682, 0.13437294960021973, 0.13468194007873535, 0.13433809578418732, 0.13415692746639252, 0.13444115221500397, 0.13465853035449982, 0.13457076251506805, 0.1338435560464859, 0.13236789405345917, 0.13117481768131256, 0.12991373240947723, 0.12815891206264496, 0.12648284435272217, 0.12394719570875168, 0.12143483012914658, 0.11713343113660812, 0.11336114257574081, 0.11188565194606781, 0.11193957179784775, 0.11222757399082184, 0.11292218416929245, 0.11483994871377945, 0.11625389754772186, 0.11664668470621109, 0.11750690639019012, 0.11966679245233536, 0.1168341264128685, 0.11612564325332642, 0.11699216812849045, 0.11749827116727829, 0.11658935248851776, 0.11592143774032593, 0.11581332981586456, 0.11685482412576675, 0.11980020999908447, 0.11050615459680557, 0.09722253680229187, 0.09061459451913834, 0.08638138324022293, 0.08153247088193893, 0.07746634632349014, 0.07626337558031082, 0.07569842040538788, 0.07572150975465775, 0.07602295279502869, 0.07645093649625778, 0.07800864428281784, 0.07996954023838043, 0.08131236582994461, 0.08204319328069687, 0.08240270614624023, 0.08309826999902725, 0.08458219468593597, 0.08501221984624863, 0.08564018458127975, 0.08625196665525436, 0.08694824576377869, 0.08725915104150772, 0.0883554071187973, 0.08897638320922852, 0.08926562964916229, 0.08941873162984848, 0.0893881693482399, 0.0893225222826004],