{"mode": ["0.0", "HOLD", "HOLD", "HOLD", "HOLD", "HOLD", "HOLD", "HOLD", "HOLD", "HOLD", "HOLD", "HOLD", "HOLD", "HOLD", "HOLD", "HOLD", "HOLD", "HOLD", "HOLD", "HOLD", "HOLD", "HOLD", "HOLD", "HOLD", "HOLD", "HOLD", "HOLD", "HOLD", "HOLD", "TAKEOFF", "TAKEOFF", "TAKEOFF", "TAKEOFF", "TAKEOFF", "TAKEOFF", "TAKEOFF", "TAKEOFF", "TAKEOFF", "TAKEOFF", "TAKEOFF", "TAKEOFF", "TAKEOFF", "TAKEOFF", "TAKEOFF", "TAKEOFF", "TAKEOFF", "TAKEOFF", "HOLD", "HOLD", "HOLD", "HOLD", "HOLD", "HOLD", "HOLD", "HOLD", "HOLD", "HOLD", "HOLD", "HOLD", "HOLD", "HOLD", "HOLD", "HOLD", "HOLD", "HOLD", "HOLD", "HOLD", "HOLD", "HOLD", "HOLD", "HOLD", "HOLD", "HOLD", "HOLD", "HOLD", "HOLD"], "lat_deg": [0.0, 35.795224499999996, 35.795224499999996, 35.795224499999996, 35.795224499999996, 35.795224499999996, 35.795224499999996, 35.795224499999996, 35.795224499999996, 35.795224499999996, 35.795224499999996, 35.795224499999996, 35.795224499999996, 35.795224499999996, 35.795224499999996, 35.795224499999996, 35.795224499999996, 35.7952246, 35.795224499999996, 35.795224499999996, 35.795224499999996, 35.795224499999996, 35.795224499999996, 35.7952246, 35.7952246, 35.7952246, 35.7952246, 35.7952246, 35.7952246, 35.7952246, 35.7952246, 35.7952246, 35.7952246, 35.7952246, 35.7952246, 35.7952246, 35.7952247, 35.7952247, 35.7952247, 35.7952247, 35.795224499999996, 35.7952241, 35.7952234, 35.795223, 35.7952229, 35.7952228, 35.795222599999995, 35.795222599999995, 35.7952227, 35.7952227, 35.7952229, 35.795223, 35.795223199999995, 35.7952234, 35.7952236, 35.7952237, 35.7952237, 35.7952236, 35.7952235, 35.7952235, 35.7952235, 35.7952234, 35.795223299999996, 35.795223299999996, 35.795223199999995, 35.7952231, 35.7952235, 35.7952237, 35.7952237, 35.7952236, 35.7952235, 35.795223299999996, 35.795223199999995, 35.7952234, 35.7952234, 35.7952235], "lng_deg": [0.0, 139.8905542, 139.8905542, 139.8905541, 139.8905541, 139.8905542, 139.8905542, 139.8905542, 139.8905542, 139.8905542, 139.8905541, 139.8905541, 139.8905541, 139.8905541, 139.8905541, 139.8905541, 139.8905541, 139.8905541, 139.8905541, 139.8905541, 139.8905541, 139.8905541, 139.8905541, 139.8905541, 139.8905541, 139.8905541, 139.8905541, 139.8905541, 139.8905541, 139.8905541, 139.8905541, 139.89055399999998, 139.89055399999998, 139.8905539, 139.8905538, 139.8905537, 139.8905536, 139.89055349999998, 139.8905534, 139.8905534, 139.89055349999998, 139.89055399999998, 139.89055489999998, 139.89055539999998, 139.8905556, 139.8905558, 139.890556, 139.8905561, 139.8905561, 139.890556, 139.8905558, 139.8905557, 139.8905556, 139.89055539999998, 139.8905552, 139.89055489999998, 139.8905547, 139.8905546, 139.8905545, 139.8905545, 139.8905545, 139.8905546, 139.8905548, 139.89055489999998, 139.890555, 139.890555, 139.8905545, 139.8905542, 139.8905542, 139.8905543, 139.89055439999998, 139.8905545, 139.8905546, 139.8905545, 139.8905545, 139.8905545], "abs_alt_m": [0.0, 0.6520000100135803, 0.6470000147819519, 0.6410000324249268, 0.6380000114440918, 0.6340000033378601, 0.628000020980835, 0.625, 0.6210000514984131, 0.6170000433921814, 0.6130000352859497, 0.6080000400543213, 0.6040000319480896, 0.6010000109672546, 0.597000002861023, 0.593000054359436, 0.5879999995231628, 0.5840000510215759, 0.5800000429153442, 0.5760000348091125, 0.5730000138282776, 0.5690000057220459, 0.5670000314712524, 0.5630000233650208, 0.5600000023841858, 0.5560000538825989, 0.5530000329017639, 0.5490000247955322, 0.5450000166893005, 0.5420000553131104, 0.5410000085830688, 0.5420000553131104, 0.5440000295639038, 0.5460000038146973, 0.5480000376701355, 0.5509999990463257, 0.5540000200271606, 0.5570000410079956, 0.5680000185966492, 0.5950000286102295, 0.6320000290870667, 0.6970000267028809, 0.9110000729560852, 1.065000057220459, 1.1360000371932983, 1.2790000438690186, 1.4840000867843628, 1.6710001230239868, 1.6920000314712524, 1.592000126838684, 1.4210001230239868, 1.352000117301941, 1.3170000314712524, 1.2930001020431519, 1.2730000019073486, 1.252000093460083, 1.2260000705718994, 1.2190001010894775, 1.2110000848770142, 1.193000078201294, 1.184000015258789, 1.1740000247955322, 1.1630001068115234, 1.15500009059906, 1.1340000629425049, 1.1040000915527344, -0.6660000085830688, -0.6850000619888306, -0.7130000591278076, -0.7270000576972961, -0.7080000042915344, -0.7600000500679016, -0.6290000081062317, -0.6800000071525574, -0.7550000548362732, -0.7550000548362732], "rel_alt_m": [0.0, -0.05900000408291817, -0.06400000303983688, -0.0690000057220459, -0.07300000637769699, -0.07700000703334808, -0.08300000429153442, -0.0020000000949949026, -0.005000000353902578, -0.010000000707805157, -0.014000000432133675, -0.01900000125169754, -0.023000001907348633, -0.026000000536441803, -0.030000001192092896, -0.03400000184774399, -0.039000000804662704, -0.0430000014603138, -0.04700000211596489, -0.05100000277161598, -0.05400000140070915, -0.058000002056360245, -0.06000000238418579, -0.06400000303983688, -0.06700000166893005, -0.07100000232458115, -0.07300000637769699, -0.07800000160932541, -0.0820000022649765, 0.0, -0.0010000000474974513, 0.0, 0.0010000000474974513, 0.0020000000949949026, 0.005000000353902578, 0.00800000037997961, 0.01100000087171793, 0.014000000432133675, 0.02500000037252903, 0.05100000277161598, 0.08800000697374344, 0.15300001204013824, 0.3680000305175781, 0.5220000147819519, 0.593000054359436, 0.7350000143051147, 0.9410000443458557, 1.127000093460083, 1.1490000486373901, 1.0480000972747803, 0.8770000338554382, 0.8090000152587891, 0.7730000615119934, 0.7500000596046448, 0.7300000190734863, 0.7080000042915344, 0.6830000281333923, 0.675000011920929, 0.6680000424385071, 0.6500000357627869, 0.6410000324249268, 0.6300000548362732, 0.6200000047683716, 0.6110000014305115, 0.5910000205039978, 0.5610000491142273, -4.234000205993652, -6.475000381469727, -6.503000259399414, -6.517000198364258, -6.498000144958496, -6.550000190734863, -6.419000148773193, -6.470000267028809, -6.545000076293945, -6.545000076293945], "x_m": [0.0, 0.09834996610879898, 0.09820008277893066, 0.09860289841890335, 0.09891311079263687, 0.09893635660409927, 0.0993136391043663, 0.09959791600704193, 0.09969738870859146, 0.09924814105033875, 0.0988946482539177, 0.09893296658992767, 0.09912590682506561, 0.09929955005645752, 0.09960928559303284, 0.09980639070272446, 0.09997900575399399, 0.10021045058965683, 0.09999619424343109, 0.09970122575759888, 0.09979081898927689, 0.09971629083156586, 0.09987964481115341, 0.10008665919303894, 0.10043762624263763, 0.10101697593927383, 0.10143283009529114, 0.10221485793590546, 0.10231754183769226, 0.10189854353666306, 0.10185129940509796, 0.10255545377731323, 0.10339207202196121, 0.10427983105182648, 0.10610651969909668, 0.10926590114831924, 0.11254303902387619, 0.1159035712480545, 0.11792894452810287, 0.11414458602666855, 0.08875926584005356, 0.050541847944259644, -0.03142328932881355, -0.06645631045103073, -0.08138690143823624, -0.09959985315799713, -0.11273182183504105, -0.11357545107603073, -0.10900934040546417, -0.10322239995002747, -0.08472736924886703, -0.07480555772781372, -0.05201134458184242, -0.025065919384360313, -0.009473048150539398, 0.003846170846372843, 0.002066640183329582, -0.0032503618858754635, -0.011971376836299896, -0.019697358831763268, -0.022208334878087044, -0.024757249280810356, -0.034257419407367706, -0.04365511238574982, -0.04820841923356056, -0.060665205121040344, -0.022405236959457397, 0.004480661358684301, 0.004271937999874353, -0.001423735055141151, -0.017177389934659004, -0.03869827464222908, -0.04844922944903374, -0.03130516782402992, -0.026339145377278328, -0.02201814204454422],