{"mode": ["0.0", "MANUAL", "MANUAL", "HOLD", "HOLD", "HOLD", "HOLD", "HOLD", "HOLD", "HOLD"], "lat_deg": [0.0, 0.0, 0.0, 0.0, 0.0, 0.0, 0.0, 0.0, 0.0, 0.0], "lng_deg": [0.0, 0.0, 0.0, 0.0, 0.0, 0.0, 0.0, 0.0, 0.0, 0.0], "abs_alt_m": [0.0, 0.0, 0.0, 0.0, 0.0, 0.0, 0.0, 0.0, 0.0, 0.0], "rel_alt_m": [0.0, 0.0, 0.0, 0.0, 0.0, 0.0, 0.0, 0.0, 0.0, 0.0], "x_m": [0.0, -0.01436672918498516, -0.014399860985577106, -0.014491059817373753, -0.014784148894250393, -0.014782456681132317, -0.015018699690699577, -0.01518268883228302, -0.016054650768637657, -0.017082512378692627], "y_m": [0.0, -0.01588120497763157, -0.01716197095811367, -0.01858195662498474, -0.020459098741412163, -0.02177877351641655, -0.02380039356648922, -0.02562711201608181, -0.028034886345267296, -0.03080335631966591], "pitch_deg": [0.0, -0.0981571152806282, -0.09203104674816132, -0.0955083966255188, -0.07870280742645264, -0.07415983080863953, -0.062389105558395386, -0.06267518550157547, -0.05858360975980759, -0.038684286177158356], "roll_deg": [0.0, 3.524705171585083, 3.5214109420776367, 3.519458293914795, 3.522099494934082, 3.5230729579925537, 3.523540496826172, 3.5242974758148193, 3.525780439376831, 3.5253326892852783], "yaw_deg": [0.0, 85.67623901367188, 85.67054748535156, 85.65339660644531, 85.648193359375, 85.63098907470703, 85.6164321899414, 85.60887145996094, 85.59626007080078, 85.58541870117188], "lidar": [-1, 0.03992425360969324, 0.039924367110369605, 0.03992455179066586, 0.03992448392299226, 0.039924398426580056, 0.03992437843779985, 0.039924191687739634, 0.03992427543809377, 0.0399242932051522], "target point": [[null, null, null], [null, null, null], [null, null, null], [null, null, null], [null, null, null], [null, null, null], [null, null, null], [null, null, null], [null, null, null], [null, null, null]], "unix time": [0.0, 0.0, 0.0, 0.0, 0.0, 0.0, 0.0, 0.0, 0.0, 0.0]}