{"mode": ["0.0", "0.0", "HOLD"], "lat_deg": [0.0, 0.0, 0.0], "lng_deg": [0.0, 0.0, 0.0], "abs_alt_m": [0.0, 0.0, 0.0], "rel_alt_m": [0.0, 0.0, 0.0], "x_m": [0.0, -0.02645660750567913, -0.026928948238492012], "y_m": [0.0, -0.052401233464479446, -0.05241983011364937], "pitch_deg": [0.0, -0.012256382964551449, -0.007220890372991562], "roll_deg": [0.0, 3.5270066261291504, 3.530103921890259], "yaw_deg": [0.0, 85.46717834472656, 85.44499969482422], "lidar": [-1, 0.039924246216149886, 0.039924129710470206], "target point": [[null, null, null], [null, null, null], [null, null, null]], "unix time": [0.0, 0.0, 0.0]}