{"mode": ["0.0", "0.0", "HOLD", "HOLD", "HOLD", "HOLD", "HOLD", "HOLD", "HOLD", "HOLD", "HOLD", "HOLD", "HOLD", "HOLD", "HOLD", "HOLD", "HOLD"], "lat_deg": [0.0, 0.0, 0.0, 0.0, 0.0, 0.0, 0.0, 0.0, 0.0, 0.0, 0.0, 0.0, 0.0, 0.0, 0.0, 0.0, 0.0], "lng_deg": [0.0, 0.0, 0.0, 0.0, 0.0, 0.0, 0.0, 0.0, 0.0, 0.0, 0.0, 0.0, 0.0, 0.0, 0.0, 0.0, 0.0], "abs_alt_m": [0.0, 0.0, 0.0, 0.0, 0.0, 0.0, 0.0, 0.0, 0.0, 0.0, 0.0, 0.0, 0.0, 0.0, 0.0, 0.0, 0.0], "rel_alt_m": [0.0, 0.0, 0.0, 0.0, 0.0, 0.0, 0.0, 0.0, 0.0, 0.0, 0.0, 0.0, 0.0, 0.0, 0.0, 0.0, 0.0], "x_m": [0.0, 0.014612126164138317, 0.015065439976751804, 0.014620495960116386, 0.014478265307843685, 0.013823279179632664, 0.013786982744932175, 0.013807009905576706, 0.01413449365645647, 0.015059705823659897, 0.0156600009649992, 0.016769129782915115, 0.017174266278743744, 0.017476392909884453, 0.017960304394364357, 0.018582701683044434, 0.019237453117966652], "y_m": [0.0, 0.047503888607025146, 0.0473628006875515, 0.045843034982681274, 0.04592033475637436, 0.043778643012046814, 0.042905379086732864, 0.042040325701236725, 0.041655365377664566, 0.04185088351368904, 0.0401550717651844, 0.04032360762357712, 0.0398329421877861, 0.03979760408401489, 0.04030099883675575, 0.04025701805949211, 0.0406196303665638], "pitch_deg": [0.0, -0.2933852970600128, -0.29572486877441406, -0.30629828572273254, -0.303190678358078, -0.3145219683647156, -0.3099990785121918, -0.30401089787483215, -0.3153870403766632, -0.3175981342792511, -0.3218768239021301, -0.32509109377861023, -0.322873592376709, -0.32921066880226135, -0.32451438903808594, -0.3249025046825409, -0.3318459093570709], "roll_deg": [0.0, 8.366486549377441, 8.365367889404297, 8.364675521850586, 8.367643356323242, 8.368433952331543, 8.368940353393555, 8.368839263916016, 8.3659086227417, 8.367180824279785, 8.371100425720215, 8.374470710754395, 8.370506286621094, 8.368856430053711, 8.368127822875977, 8.36755084991455, 8.37234115600586], "yaw_deg": [0.0, -77.84392547607422, -77.85423278808594, -77.87389373779297, -77.9142837524414, -77.94121551513672, -77.9592056274414, -77.98148345947266, -77.9953842163086, -78.0165786743164, -78.04365539550781, -78.05519104003906, -78.07380676269531, -78.10941314697266, -78.12680053710938, -78.14476013183594, -78.1799087524414], "lidar": [-1, 0.029680436131959396, 0.029680254415910802, 0.029680171325062992, 0.02968001388711109, 0.02968024677408821, 0.03957347535914008, 0.039573558394424654, 0.03957390154002802, 0.03957371139374943, 0.03957307285929389, 0.029679709902948933, 0.029680047037150825, 0.029680135385934742, 0.039573393430736584, 0.029680038671481498, 0.029679784314181296], "target point": [[null, null, null], [null, null, null], [null, null, null], [null, null, null], [null, null, null], [null, null, null], [null, null, null], [null, null, null], [null, null, null], [null, null, null], [null, null, null], [null, null, null], [null, null, null], [null, null, null], [null, null, null], [null, null, null], [null, null, null]], "unix time": [0.0, 0.0, 0.0, 0.0, 0.0, 0.0, 0.0, 0.0, 0.0, 0.0, 0.0, 0.0, 0.0, 0.0, 0.0, 0.0, 0.0]}