{"mode": ["0.0", "0.0", "HOLD"], "lat_deg": [0.0, 0.0, 0.0], "lng_deg": [0.0, 0.0, 0.0], "abs_alt_m": [0.0, 0.0, 0.0], "rel_alt_m": [0.0, 0.0, 0.0], "x_m": [0.0, -0.04820645600557327, -0.02408016286790371], "y_m": [0.0, 0.09737076610326767, 0.10238517075777054], "pitch_deg": [0.0, -2.9084770679473877, -2.889611005783081], "roll_deg": [0.0, 5.0814642906188965, 5.060186386108398], "yaw_deg": [0.0, 110.07231140136719, 109.94261169433594], "lidar": [-1, 0.039791362730865455, 0.03979326001135939], "target point": [[null, null, null], [null, null, null], [null, null, null]], "unix time": [0.0, 0.0, 0.0]}