{"mode": ["0.0", "0.0", "HOLD", "HOLD", "HOLD", "HOLD"], "lat_deg": [0.0, 40.870608499999996, 40.870607899999996, 40.870608, 40.8706083, 40.8706089], "lng_deg": [0.0, -119.1046535, -119.1046499, -119.10465049999999, -119.10465099999999, -119.1046506], "abs_alt_m": [0.0, 1199.299072265625, 1199.3310546875, 1199.363037109375, 1199.3690185546875, 1199.3570556640625], "rel_alt_m": [0.0, 0.017000000923871994, 0.049000002443790436, 0.08100000023841858, 0.08700000494718552, 0.07500000298023224], "x_m": [0.0, 0.3128053843975067, 0.2651260495185852, 0.277005672454834, 0.319963663816452, 0.37478166818618774], "y_m": [0.0, 0.980524480342865, 1.2112916707992554, 1.1538671255111694, 1.126245141029358, 1.159213662147522], "pitch_deg": [0.0, -1.743857741355896, -1.7808421850204468, -1.8343735933303833, -1.8515292406082153, -1.860385537147522], "roll_deg": [0.0, 6.111762523651123, 6.110923767089844, 6.1147260665893555, 6.135125160217285, 6.152943134307861], "yaw_deg": [0.0, -69.81627655029297, -70.09707641601562, -70.36226654052734, -70.61087799072266, -70.85203552246094], "lidar": [-1, 0.019877370837705226, 0.019876713439451108, 0.019876057563203375, 0.01987553682859089, 0.01987443995697847], "target point": [[null, null, null], [null, null, null], [null, null, null], [null, null, null], [null, null, null], [null, null, null]], "unix time": [0.0, 1662941480441659, 1662941480441659, 1662941481441659, 1662941481441659, 1662941482443659]}