{"mode": ["0.0", "0.0", "HOLD", "HOLD", "HOLD", "HOLD", "HOLD", "HOLD", "HOLD", "HOLD", "HOLD", "HOLD", "HOLD", "HOLD", "TAKEOFF", "TAKEOFF", "TAKEOFF", "TAKEOFF", "TAKEOFF", "TAKEOFF", "TAKEOFF", "TAKEOFF", "TAKEOFF", "TAKEOFF", "HOLD", "HOLD", "HOLD", "HOLD", "HOLD", "HOLD", "HOLD", "HOLD", "HOLD", "HOLD", "LAND", "LAND", "LAND", "LAND", "LAND", "LAND", "LAND", "LAND", "LAND", "LAND", "LAND", "LAND", "LAND", "LAND"], "lat_deg": [0.0, 40.8706712, 40.870671, 40.8706709, 40.8706707, 40.8706704, 40.8706702, 40.870669799999995, 40.870668699999996, 40.870667499999996, 40.8706667, 40.8706659, 40.8706651, 40.8706643, 40.8706636, 40.870663199999996, 40.8706643, 40.870667399999995, 40.8706703, 40.8706721, 40.8706725, 40.8706708, 40.8706691, 40.8706677, 40.870666, 40.8706655, 40.870666199999995, 40.870667999999995, 40.8706697, 40.8706708, 40.8706706, 40.8706678, 40.8706641, 40.870660099999995, 40.870657, 40.8706551, 40.870655, 40.870656, 40.8706581, 40.870660099999995, 40.8706611, 40.8706615, 40.8706617, 40.870660799999996, 40.8706604, 40.870660099999995, 40.870660199999996, 40.8706603], "lng_deg": [0.0, -119.1044843, -119.10448579999999, -119.1044874, -119.10448849999999, -119.1044895, -119.104491, -119.10449229999999, -119.1044934, -119.1044946, -119.1044958, -119.10449709999999, -119.10449879999999, -119.10450039999999, -119.1045015, -119.1045024, -119.10450279999999, -119.1045025, -119.1045022, -119.1045015, -119.1045015, -119.1045025, -119.1045046, -119.1045072, -119.1045101, -119.10451139999999, -119.1045111, -119.1045082, -119.1045032, -119.1044974, -119.10449249999999, -119.10449039999999, -119.1044914, -119.1044939, -119.1044963, -119.10449709999999, -119.10449639999999, -119.1044944, -119.1044922, -119.1044898, -119.10448869999999, -119.1044888, -119.10448869999999, -119.1044898, -119.10449039999999, -119.10449109999999, -119.1044917, -119.104492], "abs_alt_m": [0.0, 1199.9620361328125, 1199.9500732421875, 1199.9541015625, 1199.9700927734375, 1199.9730224609375, 1199.9700927734375, 1199.968017578125, 1199.9630126953125, 1199.9580078125, 1199.95703125, 1199.9560546875, 1199.9500732421875, 1199.9510498046875, 1199.9730224609375, 1200.06103515625, 1200.3360595703125, 1200.8240966796875, 1200.801025390625, 1200.60009765625, 1200.531005859375, 1200.76708984375, 1201.1370849609375, 1201.498046875, 1201.7120361328125, 1201.8720703125, 1201.674072265625, 1201.549072265625, 1201.3260498046875, 1201.02099609375, 1201.0640869140625, 1201.592041015625, 1201.8990478515625, 1202.08203125, 1201.8341064453125, 1201.4691162109375, 1201.114013671875, 1200.8070068359375, 1200.49609375, 1200.12109375, 1199.81005859375, 1199.4910888671875, 1199.3470458984375, 1199.35205078125, 1199.3660888671875, 1199.3770751953125, 1199.3900146484375, 1199.39501953125], "rel_alt_m": [0.0, -0.02800000086426735, -0.039000000804662704, -0.03500000014901161, -0.01900000125169754, 0.0, -0.003000000026077032, 0.0010000000474974513, -0.003000000026077032, -0.00800000037997961, -0.009000000543892384, -0.010000000707805157, -0.01600000075995922, -0.015000000596046448, 0.006000000052154064, 0.09400000423192978, 0.36900001764297485, 0.8570000529289246, 0.8340000510215759, 0.6330000162124634, 0.5640000104904175, 0.800000011920929, 1.1700000762939453, 1.531000018119812, 1.7450001239776611, 1.90500009059906, 1.7070001363754272, 1.5820000171661377, 1.3590000867843628, 1.0540000200271606, 1.097000002861023, 1.6250001192092896, 1.933000087738037, 2.115000009536743, 1.8670001029968262, 1.502000093460083, 1.1470000743865967, 0.8400000333786011, 0.5290000438690186, 0.15400001406669617, -0.15600000321865082, -0.4750000238418579, -0.6190000176429749, -0.6140000224113464, -0.6000000238418579, -0.5890000462532043, -0.5760000348091125, -0.5710000395774841], "x_m": [0.0, 7.298840522766113, 7.278806209564209, 7.257978916168213, 7.246470928192139, 7.202582359313965, 7.186820030212402, 7.141933441162109, 7.025980472564697, 6.8923659324646, 6.791389465332031, 6.705222129821777, 6.61697244644165, 6.529058456420898, 6.446290016174316, 6.411894798278809, 6.558058261871338, 6.9210309982299805, 7.227667808532715, 7.419007301330566, 7.4256134033203125, 7.2664337158203125, 7.066705226898193, 6.902609825134277, 6.715092658996582, 6.661115646362305, 6.755523204803467, 6.963301658630371, 7.153510570526123, 7.262913703918457, 7.2108001708984375, 6.9403886795043945, 6.491879940032959, 6.053417682647705, 5.711888790130615, 5.4992146492004395, 5.500782489776611, 5.631789207458496, 5.881350040435791, 6.058882713317871, 6.183379650115967, 6.225220680236816, 6.242918491363525, 6.1310834884643555, 6.104400157928467, 6.073242664337158, 6.0714240074157715, 6.087881088256836], "y_m": [0.0, 15.144938468933105, 14.99022388458252, 14.856680870056152, 14.775625228881836, 14.680693626403809, 14.574827194213867, 14.468388557434082, 14.38007640838623, 14.278144836425781, 14.169318199157715, 14.06371784210205, 13.911126136779785, 13.786239624023438, 13.686946868896484, 13.613202095031738, 13.593596458435059, 13.606067657470703, 13.6442289352417, 13.700712203979492, 13.69433307647705, 13.616732597351074, 13.43984603881836, 13.207488059997559, 12.960404396057129, 12.856112480163574, 12.88942813873291, 13.163094520568848, 13.596871376037598, 14.114052772521973, 14.495885848999023, 14.623754501342773, 14.53354263305664, 14.323770523071289, 14.126175880432129, 14.067427635192871, 14.137126922607422, 14.309652328491211, 14.5000638961792, 14.674148559570312, 14.768608093261719, 14.762248039245605, 14.771780967712402, 14.680337905883789, 14.614587783813477, 14.560556411743164, 14.514193534851074, 14.494047164916992], "pitch_deg": [0.0, 1.7096763849258423, 2.1704771518707275, 1.8439992666244507, 2.149979829788208, 1.8829641342163086, 1.9136511087417603, 2.6717965602874756, 1.796535849571228, 2.3318326473236084, 1.5165038108825684, 1.6969003677368164, 1.9742176532745361, 0.6132521033287048, -0.46523213386535645, -0.15705539286136627, -2.02055025100708, -0.12028227746486664, -1.728257656097412, -3.5452840328216553, 0.16482163965702057, 0.5584506988525391, -1.8863881826400757, 1.9504389762878418, -3.854412078857422, -8.416674613952637, -6.232452392578125, -3.8380255699157715, -3.2820427417755127, -4.726521015167236, -5.312880516052246, -5.458261489868164, -3.796936511993408, 2.6181933879852295, 4.9215593338012695, 4.444579601287842, 3.248077869415283, 0.011703263968229294, -0.24239081144332886, -0.5175647735595703, -1.9796452522277832, -1.32633638381958, 6.200730323791504, -2.5358734130859375, -0.3690840005874634, -1.000020980834961, -0.7540035843849182, -1.070421576499939], "roll_deg": [0.0, 12.724318504333496, 12.487043380737305, 12.350848197937012, 12.529829025268555, 12.543543815612793, 12.394659996032715, 12.074617385864258, 12.330853462219238, 11.788359642028809, 12.253345489501953, 12.090246200561523, 11.973786354064941, 11.28040599822998, 4.806209087371826, 0.5802255272865295, 5.294546127319336, 11.000192642211914, 12.82118034362793, 15.136326789855957, 13.539019584655762, 10.765789031982422, 9.909820556640625, 6.800211429595947, 7.370307445526123, 6.523871898651123, 6.497908592224121, 12.667092323303223, 13.233123779296875, 13.891539573669434, 14.098623275756836, 10.378721237182617, 10.196566581726074, 9.487546920776367, 7.6060709953308105, 10.167437553405762, 7.260056972503662, 11.0062894821167, 13.457462310791016, 6.945277690887451, 6.115449905395508, 6.909750461578369, 13.434849739074707, 2.1599597930908203, 2.0908148288726807, 4.727419853210449, 6.315788269042969, 5.565410614013672],