{"mode": ["0.0", "HOLD", "HOLD", "HOLD", "HOLD", "HOLD", "HOLD", "HOLD"], "lat_deg": [0.0, 0.0, 0.0, 0.0, 0.0, 0.0, 0.0, 0.0], "lng_deg": [0.0, 0.0, 0.0, 0.0, 0.0, 0.0, 0.0, 0.0], "abs_alt_m": [0.0, 0.0, 0.0, 0.0, 0.0, 0.0, 0.0, 0.0], "rel_alt_m": [0.0, 0.0, 0.0, 0.0, 0.0, 0.0, 0.0, 0.0], "x_m": [0.0, -0.0051714577712118626, -0.004569478332996368, -0.003692378057166934, -0.0027866517193615437, -0.002336726291105151, -0.0022561289370059967, -0.0023400415666401386], "y_m": [0.0, 0.01716507039964199, 0.0167438592761755, 0.01719512976706028, 0.017500486224889755, 0.01769864931702614, 0.018097979947924614, 0.018078181892633438], "pitch_deg": [0.0, 1.3622000217437744, 1.3644583225250244, 1.357957124710083, 1.3680272102355957, 1.3617669343948364, 1.370737910270691, 1.3760186433792114], "roll_deg": [0.0, 5.703706741333008, 5.6988606452941895, 5.701202392578125, 5.701929092407227, 5.706447601318359, 5.710690498352051, 5.710165977478027], "yaw_deg": [0.0, 34.74412536621094, 34.73954391479492, 34.73991012573242, 34.73221969604492, 34.73260498046875, 34.717010498046875, 34.70899200439453], "lidar": [-1, 0.039790739304706696, 0.03979101597580031, 0.039790960933022146, 0.03979056651772941, 0.03979050253020187, 0.039790363019604924, 0.039790035256693154], "target point": [[null, null, null], [null, null, null], [null, null, null], [null, null, null], [null, null, null], [null, null, null], [null, null, null], [null, null, null]], "unix time": [0.0, 0.0, 0.0, 0.0, 0.0, 0.0, 0.0, 0.0]}