{"mode": ["0.0", "0.0", "HOLD", "HOLD", "HOLD", "HOLD"], "lat_deg": [0.0, 0.0, 0.0, 0.0, 0.0, 0.0], "lng_deg": [0.0, 0.0, 0.0, 0.0, 0.0, 0.0], "abs_alt_m": [0.0, 0.0, 0.0, 0.0, 0.0, 0.0], "rel_alt_m": [0.0, 0.0, 0.0, 0.0, 0.0, 0.0], "x_m": [0.0, -0.006554145831614733, -0.007425681222230196, -0.008524732664227486, -0.010205800645053387, -0.011558105237782001], "y_m": [0.0, 0.018234992399811745, 0.016284320503473282, 0.013590621761977673, 0.011485765688121319, 0.009603054262697697], "pitch_deg": [0.0, 1.3996989727020264, 1.404239296913147, 1.4075220823287964, 1.4130949974060059, 0.8935708403587341], "roll_deg": [0.0, 5.696497917175293, 5.698454856872559, 5.699378967285156, 5.699728012084961, 5.247696876525879], "yaw_deg": [0.0, 34.59545135498047, 34.55434036254883, 34.53602981567383, 34.5296630859375, 34.53990936279297], "lidar": [-1, -1, 0.03979073582405405, 0.039790578204192496, 0.039790294231057156, 0.03981784597108112], "target point": [[null, null, null], [null, null, null], [null, null, null], [null, null, null], [null, null, null], [null, null, null]], "unix time": [0.0, 0.0, 0.0, 0.0, 0.0, 0.0]}