{"mode": ["0.0", "0.0", "HOLD", "HOLD", "HOLD"], "lat_deg": [0.0, 0.0, 0.0, 0.0, 0.0], "lng_deg": [0.0, 0.0, 0.0, 0.0, 0.0], "abs_alt_m": [0.0, 0.0, 0.0, 0.0, 0.0], "rel_alt_m": [0.0, 0.0, 0.0, 0.0, 0.0], "x_m": [0.0, -0.019490087404847145, -0.018173128366470337, -0.017255427315831184, -0.017154047265648842], "y_m": [0.0, -0.0033831410109996796, -0.0035768277011811733, -0.0039440663531422615, -0.0040662093088030815], "pitch_deg": [0.0, 0.3625168204307556, 0.3627932667732239, 0.3591248393058777, 0.3532552719116211], "roll_deg": [0.0, 4.163527011871338, 4.165597438812256, 4.167680263519287, 4.177722454071045], "yaw_deg": [0.0, 33.8458137512207, 33.824581146240234, 33.80657958984375, 33.7959098815918], "lidar": [-1, 0.03989391230371366, 0.03989353902345276, 0.03989351126558983, 0.03989313049382374], "target point": [[null, null, null], [null, null, null], [null, null, null], [null, null, null], [null, null, null]], "unix time": [0.0, 0.0, 0.0, 0.0, 0.0]}