{"mode": ["0.0", "0.0", "HOLD", "HOLD", "HOLD", "HOLD", "HOLD", "HOLD", "HOLD", "HOLD", "HOLD", "HOLD", "HOLD", "HOLD", "HOLD", "HOLD", "HOLD", "HOLD", "HOLD"], "lat_deg": [0.0, 0.0, 0.0, 0.0, 0.0, 0.0, 0.0, 0.0, 0.0, 0.0, 0.0, 0.0, 0.0, 0.0, 0.0, 0.0, 0.0, 0.0, 0.0], "lng_deg": [0.0, 0.0, 0.0, 0.0, 0.0, 0.0, 0.0, 0.0, 0.0, 0.0, 0.0, 0.0, 0.0, 0.0, 0.0, 0.0, 0.0, 0.0, 0.0], "abs_alt_m": [0.0, 0.0, 0.0, 0.0, 0.0, 0.0, 0.0, 0.0, 0.0, 0.0, 0.0, 0.0, 0.0, 0.0, 0.0, 0.0, 0.0, 0.0, 0.0], "rel_alt_m": [0.0, 0.0, 0.0, 0.0, 0.0, 0.0, 0.0, 0.0, 0.0, 0.0, 0.0, 0.0, 0.0, 0.0, 0.0, 0.0, 0.0, 0.0, 0.0], "x_m": [0.0, -0.14092640578746796, -0.008726210333406925, 0.04282309487462044, 0.10323911905288696, 0.2187478095293045, 0.2676185965538025, 0.2696845233440399, 0.25528624653816223, 0.24292856454849243, 0.21652942895889282, 0.18763412535190582, 0.16007302701473236, 0.13362731039524078, 0.10448440909385681, 0.07673900574445724, 0.044209182262420654, 0.0163482166826725, -0.011221182532608509], "y_m": [0.0, -0.3908767104148865, -0.28270846605300903, -0.3271366357803345, -0.314452201128006, -0.22611260414123535, -0.09088145196437836, -0.00278419884853065, 0.1025855764746666, 0.2672106623649597, 0.37512415647506714, 0.4255538284778595, 0.4242027699947357, 0.3927052319049835, 0.3327879011631012, 0.2660346031188965, 0.18177036941051483, 0.1111421138048172, 0.04433703050017357], "pitch_deg": [0.0, 3.5738563537597656, 6.193517208099365, 0.22071139514446259, 2.5681254863739014, 0.6457911729812622, 4.734996795654297, 1.6120437383651733, -2.247150182723999, -3.4722421169281006, -3.5445101261138916, -3.3609225749969482, -3.2570137977600098, -3.151454448699951, -3.035888671875, -2.929945468902588, -2.8324992656707764, -2.751725196838379, -2.687060594558716], "roll_deg": [0.0, 11.847264289855957, 12.818467140197754, 10.525160789489746, 10.798002243041992, 12.371678352355957, 13.930815696716309, 14.296625137329102, 11.171236991882324, 5.9218363761901855, 5.4221882820129395, 5.421107292175293, 5.49857759475708, 5.520188331604004, 5.549440860748291, 5.5826191902160645, 5.618136882781982, 5.639951229095459, 5.667032241821289], "yaw_deg": [0.0, 110.4745101928711, 94.9441909790039, 100.10963439941406, 111.32545471191406, 113.9892807006836, 107.38863372802734, 98.42987823486328, 76.14781951904297, 75.34812927246094, 75.10301971435547, 75.03921508789062, 74.96674346923828, 74.9373779296875, 74.87718963623047, 74.80663299560547, 74.7603530883789, 74.68359375, 74.60601043701172], "lidar": [-1, 0.7523336492515609, 0.717925335496373, 0.6761619834754311, 0.6536331922765102, 0.5179207454744544, 0.37960596225976334, 0.17533782363977954, 0.03921012229561493, 0.039712975385468544, 0.03974339999219167, 0.03975172205116041, 0.03975162951113319, 0.03975389491279094, 0.03975594436145051, 0.03975870781227459, 0.039759116901964354, 0.039759302421814524, 0.03976070029648168], "target point": [[null, null, null], [null, null, null], [null, null, null], [null, null, null], [null, null, null], [null, null, null], [null, null, null], [null, null, null], [null, null, null], [null, null, null], [null, null, null], [null, null, null], [null, null, null], [null, null, null], [null, null, null], [null, null, null], [null, null, null], [null, null, null], [null, null, null]], "unix time": [0.0, 0.0, 0.0, 0.0, 0.0, 0.0, 0.0, 0.0, 0.0, 0.0, 0.0, 0.0, 0.0, 0.0, 0.0, 0.0, 0.0, 0.0, 0.0]}