{"mode": ["0.0", "0.0", "HOLD", "HOLD", "HOLD", "HOLD", "HOLD", "HOLD", "HOLD", "HOLD"], "lat_deg": [0.0, 0.0, 0.0, 0.0, 0.0, 0.0, 0.0, 0.0, 0.0, 0.0], "lng_deg": [0.0, 0.0, 0.0, 0.0, 0.0, 0.0, 0.0, 0.0, 0.0, 0.0], "abs_alt_m": [0.0, 0.0, 0.0, 0.0, 0.0, 0.0, 0.0, 0.0, 0.0, 0.0], "rel_alt_m": [0.0, 0.0, 0.0, 0.0, 0.0, 0.0, 0.0, 0.0, 0.0, 0.0], "x_m": [0.0, -0.13330261409282684, -0.12845493853092194, -0.1262403428554535, -0.12044859677553177, -0.11783216148614883, -0.11404629051685333, -0.11081230640411377, -0.10838177800178528, -0.10330644249916077], "y_m": [0.0, -0.05536305904388428, -0.045273467898368835, -0.038152117282152176, -0.031102996319532394, -0.026360467076301575, -0.022572878748178482, -0.02000190131366253, -0.018380440771579742, -0.016984593123197556], "pitch_deg": [0.0, -2.8099684715270996, -2.8231303691864014, -2.8185458183288574, -2.826401948928833, -2.839691638946533, -2.8357863426208496, -2.84829044342041, -2.847003698348999, -2.8417162895202637], "roll_deg": [0.0, 5.758185386657715, 5.755527973175049, 5.748729705810547, 5.749115467071533, 5.741730213165283, 5.731038570404053, 5.726943492889404, 5.724308967590332, 5.7148051261901855], "yaw_deg": [0.0, 73.73928833007812, 73.69955444335938, 73.66302490234375, 73.64183807373047, 73.62725067138672, 73.60697937011719, 73.59857177734375, 73.57518768310547, 73.5625228881836], "lidar": [-1, 0.039750307135485476, 0.03975002842597856, 0.03975056561427215, 0.039750367524815367, 0.039750713053861686, 0.03975080483979264, 0.03975127050176018, 0.039751408926278244, 0.03975225160709502], "target point": [[null, null, null], [null, null, null], [null, null, null], [null, null, null], [null, null, null], [null, null, null], [null, null, null], [null, null, null], [null, null, null], [null, null, null]], "unix time": [0.0, 0.0, 0.0, 0.0, 0.0, 0.0, 0.0, 0.0, 0.0, 0.0]}