{"mode": ["0.0", "0.0", "HOLD"], "lat_deg": [0.0, 0.0, 0.0], "lng_deg": [0.0, 0.0, 0.0], "abs_alt_m": [0.0, 0.0, 0.0], "rel_alt_m": [0.0, 0.0, 0.0], "x_m": [0.0, -0.0733107253909111, -0.07088254392147064], "y_m": [0.0, -0.01807687245309353, -0.0181414932012558], "pitch_deg": [0.0, -2.8686282634735107, -2.8724117279052734], "roll_deg": [0.0, 5.647073268890381, 5.645235538482666], "yaw_deg": [0.0, 73.42942810058594, 73.4065933227539], "lidar": [-1, 0.039755904210204085, 0.03975575823550486], "target point": [[null, null, null], [null, null, null], [null, null, null]], "unix time": [0.0, 0.0, 0.0]}