{"mode": ["0.0", "0.0", "HOLD", "HOLD", "HOLD", "HOLD", "HOLD"], "lat_deg": [0.0, 0.0, 0.0, 0.0, 0.0, 0.0, 0.0], "lng_deg": [0.0, 0.0, 0.0, 0.0, 0.0, 0.0, 0.0], "abs_alt_m": [0.0, 0.0, 0.0, 0.0, 0.0, 0.0, 0.0], "rel_alt_m": [0.0, 0.0, 0.0, 0.0, 0.0, 0.0, 0.0], "x_m": [0.0, -0.16251032054424286, -0.16221748292446136, -0.21662050485610962, -0.2136710286140442, -0.1135048046708107, -0.04283402860164642], "y_m": [0.0, 0.10875649750232697, 0.12767335772514343, 0.13865041732788086, 0.09094884246587753, 0.011960010044276714, -0.030384261161088943], "pitch_deg": [0.0, 4.417967796325684, 5.466834545135498, 4.200214862823486, 4.601527214050293, 4.420507907867432, 4.234946250915527], "roll_deg": [0.0, 9.945420265197754, 14.290918350219727, 14.568936347961426, 13.582006454467773, 14.474884033203125, 13.94311809539795], "yaw_deg": [0.0, 53.032745361328125, 34.849212646484375, 33.29033279418945, 39.45241928100586, 43.711387634277344, 45.262290954589844], "lidar": [-1, 0.6275021682611186, 0.762732056916822, 0.7803954680355581, 0.7663398931817039, 0.761339124409497, 0.76530730784641], "target point": [[null, null, null], [null, null, null], [null, null, null], [null, null, null], [null, null, null], [null, null, null], [null, null, null]], "unix time": [0.0, 0.0, 0.0, 0.0, 0.0, 0.0, 0.0]}