{"mode": ["0.0", "0.0", "HOLD", "HOLD", "HOLD", "HOLD", "HOLD"], "lat_deg": [0.0, 0.0, 0.0, 0.0, 0.0, 0.0, 0.0], "lng_deg": [0.0, 0.0, 0.0, 0.0, 0.0, 0.0, 0.0], "abs_alt_m": [0.0, 0.0, 0.0, 0.0, 0.0, 0.0, 0.0], "rel_alt_m": [0.0, 0.0, 0.0, 0.0, 0.0, 0.0, 0.0], "x_m": [0.0, -0.05132076516747475, -0.052474625408649445, -0.05045774579048157, -0.05267474800348282, -0.04033234715461731, -0.04353679344058037], "y_m": [0.0, 0.03899630159139633, 0.045194681733846664, 0.048134054988622665, 0.04440821707248688, 0.02327028475701809, -0.04557798430323601], "pitch_deg": [0.0, 4.268316268920898, 4.497389316558838, 4.912419319152832, 4.710097312927246, 5.5539164543151855, 6.511020660400391], "roll_deg": [0.0, 14.055161476135254, 14.196390151977539, 14.211727142333984, 14.138848304748535, 13.03705883026123, 14.352422714233398], "yaw_deg": [0.0, 45.22188186645508, 47.29784393310547, 46.46925354003906, 43.21427536010742, 34.44376754760742, 11.204900741577148], "lidar": [-1, 0.7550803703183122, 0.7537489006767583, 0.7532526549164669, 0.7324780111007023, 0.6900261729072705, 0.558396974194338], "target point": [[null, null, null], [null, null, null], [null, null, null], [null, null, null], [null, null, null], [null, null, null], [null, null, null]], "unix time": [0.0, 0.0, 0.0, 0.0, 0.0, 0.0, 0.0]}