{"mode": ["0.0", "0.0", "HOLD", "HOLD", "HOLD", "HOLD", "HOLD", "HOLD", "HOLD", "HOLD"], "lat_deg": [0.0, 0.0, 0.0, 0.0, 0.0, 0.0, 0.0, 0.0, 0.0, 0.0], "lng_deg": [0.0, 0.0, 0.0, 0.0, 0.0, 0.0, 0.0, 0.0, 0.0, 0.0], "abs_alt_m": [0.0, 0.0, 0.0, 0.0, 0.0, 0.0, 0.0, 0.0, 0.0, 0.0], "rel_alt_m": [0.0, 0.0, 0.0, 0.0, 0.0, 0.0, 0.0, 0.0, 0.0, 0.0], "x_m": [0.0, -0.052225511521101, -0.08978328108787537, -0.1439427137374878, -0.11576645076274872, -0.2371564656496048, -0.26858702301979065, -0.10653026401996613, 0.07439427077770233, 0.17411008477210999], "y_m": [0.0, 0.012706771492958069, -0.005310185719281435, -0.020739540457725525, -0.003738992614671588, 0.018536478281021118, -0.022265804931521416, -0.0830538421869278, -0.10837769508361816, -0.03627321496605873], "pitch_deg": [0.0, 4.297978401184082, 4.508006572723389, 3.8320517539978027, 8.10460090637207, 1.7173986434936523, 2.3468170166015625, 5.208010673522949, 8.063711166381836, -2.9585206508636475], "roll_deg": [0.0, 11.111833572387695, 10.896191596984863, 12.131832122802734, 13.282181739807129, 12.092044830322266, 0.8861204385757446, 14.818679809570312, 15.587580680847168, 14.214205741882324], "yaw_deg": [0.0, -5.5022807121276855, -12.353961944580078, -7.362020492553711, -10.607601165771484, -44.21426010131836, -64.37584686279297, -69.40167236328125, -52.041202545166016, -54.79838943481445], "lidar": [-1, 0.8210704456102269, 0.8122727725649976, 0.7696842106377705, 0.7828528720701093, 0.921730930267408, 1.0017547372283389, 1.0074926478699915, 1.0898904879634463, 1.1281664208575752], "target point": [[null, null, null], [null, null, null], [null, null, null], [null, null, null], [null, null, null], [null, null, null], [null, null, null], [null, null, null], [null, null, null], [null, null, null]], "unix time": [0.0, 0.0, 0.0, 0.0, 0.0, 0.0, 0.0, 0.0, 0.0, 0.0]}