{"mode": ["0.0", "0.0", "HOLD", "HOLD", "HOLD", "HOLD"], "lat_deg": [0.0, 0.0, 0.0, 0.0, 0.0, 0.0], "lng_deg": [0.0, 0.0, 0.0, 0.0, 0.0, 0.0], "abs_alt_m": [0.0, 0.0, 0.0, 0.0, 0.0, 0.0], "rel_alt_m": [0.0, 0.0, 0.0, 0.0, 0.0, 0.0], "x_m": [0.0, 0.09642433375120163, 0.13883616030216217, 0.17209438979625702, 0.06310265511274338, -0.14056192338466644], "y_m": [0.0, 0.00683094747364521, 0.009650138206779957, 0.016555925831198692, 0.003160923719406128, 0.07295874506235123], "pitch_deg": [0.0, 1.924523949623108, 2.5289523601531982, 2.758441209793091, 8.732161521911621, -2.5240156650543213], "roll_deg": [0.0, 10.112496376037598, 9.810522079467773, 9.588147163391113, 11.051546096801758, 15.083708763122559], "yaw_deg": [0.0, -28.23828887939453, -32.452144622802734, -30.478113174438477, -28.266427993774414, -32.853492736816406], "lidar": [-1, 0.8655895260392626, 0.8760037283147208, 0.8563043718076433, 0.9033475757645402, 1.110030751454689], "target point": [[null, null, null], [null, null, null], [null, null, null], [null, null, null], [null, null, null], [null, null, null]], "unix time": [0.0, 0.0, 0.0, 0.0, 0.0, 0.0]}