{"mode": ["0.0", "0.0", "HOLD"], "lat_deg": [0.0, 0.0, 0.0], "lng_deg": [0.0, 0.0, 0.0], "abs_alt_m": [0.0, 0.0, 0.0], "rel_alt_m": [0.0, 0.0, 0.0], "x_m": [0.0, 0.07152314484119415, 0.05969711393117905], "y_m": [0.0, -0.11440656334161758, -0.12260819226503372], "pitch_deg": [0.0, 3.201108455657959, 2.98747181892395], "roll_deg": [0.0, 9.035787582397461, 8.803893089294434], "yaw_deg": [0.0, 26.565731048583984, 26.208539962768555], "lidar": [-1, 0.6404805379062515, 0.6414785288223527], "target point": [[null, null, null], [null, null, null], [null, null, null]], "unix time": [0.0, 0.0, 0.0]}