{"mode": ["0.0", "MANUAL", "MANUAL", "MANUAL", "MANUAL", "MANUAL"], "lat_deg": [0.0, 0.0, 0.0, 0.0, 0.0, 0.0], "lng_deg": [0.0, 0.0, 0.0, 0.0, 0.0, 0.0], "abs_alt_m": [0.0, 0.0, 0.0, 0.0, 0.0, 0.0], "rel_alt_m": [0.0, 0.0, 0.0, 0.0, 0.0, 0.0], "x_m": [0.0, -0.004684756975620985, -0.008266148157417774, -0.009705953299999237, -0.010558598674833775, -0.011201480403542519], "y_m": [0.0, 0.03650441765785217, 0.05227440968155861, 0.04670475050806999, 0.03596356511116028, 0.030368594452738762], "pitch_deg": [0.0, 3.1397063732147217, 3.0718986988067627, 3.0245842933654785, 3.0132291316986084, 3.0172624588012695], "roll_deg": [0.0, 4.157780170440674, 3.98390531539917, 4.298158645629883, 4.308098793029785, 4.311733245849609], "yaw_deg": [0.0, -25.2785701751709, -25.41748809814453, -25.513328552246094, -25.4930362701416, -25.493953704833984], "lidar": [-1, 0.03984526387648651, 0.039804843796501385, 0.03983004441847718, 0.03983155829101169, 0.03983149611975384], "target point": [[null, null, null], [null, null, null], [null, null, null], [null, null, null], [null, null, null], [null, null, null]], "unix time": [0.0, 0.0, 0.0, 0.0, 0.0, 0.0]}