{"mode": ["0.0", "0.0", "HOLD", "HOLD", "HOLD", "HOLD", "HOLD", "HOLD", "HOLD", "HOLD", "HOLD", "HOLD", "HOLD", "HOLD", "HOLD", "HOLD", "HOLD", "HOLD", "HOLD", "HOLD", "HOLD", "HOLD", "HOLD", "HOLD", "HOLD", "HOLD"], "lat_deg": [0.0, 0.0, 0.0, 0.0, 0.0, 0.0, 0.0, 0.0, 0.0, 0.0, 0.0, 0.0, 0.0, 0.0, 0.0, 0.0, 0.0, 0.0, 0.0, 0.0, 0.0, 0.0, 0.0, 0.0, 0.0, 0.0], "lng_deg": [0.0, 0.0, 0.0, 0.0, 0.0, 0.0, 0.0, 0.0, 0.0, 0.0, 0.0, 0.0, 0.0, 0.0, 0.0, 0.0, 0.0, 0.0, 0.0, 0.0, 0.0, 0.0, 0.0, 0.0, 0.0, 0.0], "abs_alt_m": [0.0, 0.0, 0.0, 0.0, 0.0, 0.0, 0.0, 0.0, 0.0, 0.0, 0.0, 0.0, 0.0, 0.0, 0.0, 0.0, 0.0, 0.0, 0.0, 0.0, 0.0, 0.0, 0.0, 0.0, 0.0, 0.0], "rel_alt_m": [0.0, 0.0, 0.0, 0.0, 0.0, 0.0, 0.0, 0.0, 0.0, 0.0, 0.0, 0.0, 0.0, 0.0, 0.0, 0.0, 0.0, 0.0, 0.0, 0.0, 0.0, 0.0, 0.0, 0.0, 0.0, 0.0], "x_m": [0.0, -0.005506540648639202, -0.004215877037495375, -0.0035390916746109724, -0.003393794409930706, -0.00333604053594172, -0.003360366215929389, -0.00411455612629652, -0.005429204553365707, -0.007629170082509518, -0.009797520004212856, -0.0124797523021698, -0.01594393327832222, -0.019497333094477654, -0.02315540611743927, -0.026205960661172867, -0.028854498639702797, -0.029033033177256584, -0.028705939650535583, -0.026667669415473938, -0.0237822737544775, -0.021739700809121132, -0.02042842097580433, -0.019827542826533318, -0.019060762599110603, -0.012017437256872654], "y_m": [0.0, 0.022492047399282455, 0.0232757069170475, 0.023850716650485992, 0.02523167058825493, 0.025744576007127762, 0.026511287316679955, 0.031804684549570084, 0.04637137055397034, 0.0651000589132309, 0.08597215265035629, 0.11130248755216599, 0.13700315356254578, 0.1637190729379654, 0.18837933242321014, 0.20859378576278687, 0.22192780673503876, 0.22474631667137146, 0.2195063829421997, 0.2050541788339615, 0.1880975216627121, 0.16669338941574097, 0.14486579596996307, 0.1274556964635849, 0.11206972599029541, 0.12101653218269348], "pitch_deg": [0.0, 0.641714334487915, 0.6385767459869385, 0.6337870359420776, 0.6261799931526184, 0.6330838203430176, 0.6150399446487427, 0.7844014167785645, 0.7428146004676819, 0.7905111908912659, 0.7417540550231934, 0.7068188786506653, 0.7260420918464661, 0.7089549899101257, 0.772865891456604, 0.6950307488441467, 0.8341293334960938, 0.7611201405525208, 0.6926549673080444, 0.7695661783218384, 0.8044670224189758, 0.7512404918670654, 0.8444127440452576, 0.8779672384262085, 0.8575319051742554, 0.8628047108650208], "roll_deg": [0.0, 8.718254089355469, 8.697795867919922, 8.69910717010498, 8.70633316040039, 8.699953079223633, 8.704174995422363, 9.029335021972656, 9.029146194458008, 8.982467651367188, 8.897966384887695, 9.007614135742188, 9.018363952636719, 8.995182991027832, 9.019952774047852, 9.118178367614746, 8.981440544128418, 9.020180702209473, 9.046464920043945, 9.07897663116455, 8.99134635925293, 9.00827407836914, 8.995299339294434, 9.028472900390625, 9.049057006835938, 9.045345306396484], "yaw_deg": [0.0, -19.40930938720703, -19.392053604125977, -19.384187698364258, -19.37492561340332, -19.366613388061523, -19.354751586914062, -19.387496948242188, -19.448680877685547, -19.489458084106445, -19.540597915649414, -19.569578170776367, -19.624549865722656, -19.60216522216797, -19.629545211791992, -19.671024322509766, -19.712005615234375, -19.755809783935547, -19.65045166015625, -19.68729019165039, -19.709659576416016, -19.7497615814209, -19.74403953552246, -19.70488739013672, -19.65459442138672, -19.613590240478516], "lidar": [-1, 0.039535025657725084, 0.0395371664867078, 0.03953761073504122, 0.03953683468635545, 0.039537409235631094, 0.03953667549218588, 0.039534282028558895, 0.039515540070475336, 0.0395153182430518, 0.03951063078609821, 0.03950530038920061, 0.03949988832941706, 0.03950713825585879, 0.03950786420973408, 0.039506320536183755, 0.03950582403502117, 0.03951144968986084, 0.03950020022936391, 0.03948895817664007, 0.03948734672606105, 0.03949433258557878, 0.03949787780515666, 0.03949700493788259, 0.03949712194603162, 0.039497206343816454], "target point": [[null, null, null], [null, null, null], [null, null, null], [null, null, null], [null, null, null], [null, null, null], [null, null, null], [null, null, null], [null, null, null], [null, null, null], [null, null, null], [null, null, null], [null, null, null], [null, null, null], [null, null, null], [null, null, null], [null, null, null], [null, null, null], [null, null, null], [null, null, null], [null, null, null], [null, null, null], [null, null, null], [null, null, null], [null, null, null], [null, null, null]], "unix time": [0.0, 0.0, 0.0, 0.0, 0.0, 0.0, 0.0, 0.0, 0.0, 0.0, 0.0, 0.0, 0.0, 0.0, 0.0, 0.0, 0.0, 0.0, 0.0, 0.0, 0.0, 0.0, 0.0, 0.0, 0.0, 0.0]}