{"mode": ["0.0", "MANUAL", "MANUAL", "HOLD", "HOLD", "HOLD", "HOLD", "HOLD", "HOLD", "HOLD", "HOLD", "HOLD", "HOLD"], "lat_deg": [0.0, 0.0, 0.0, 0.0, 0.0, 0.0, 0.0, 0.0, 0.0, 0.0, 0.0, 0.0, 0.0], "lng_deg": [0.0, 0.0, 0.0, 0.0, 0.0, 0.0, 0.0, 0.0, 0.0, 0.0, 0.0, 0.0, 0.0], "abs_alt_m": [0.0, 0.0, 0.0, 0.0, 0.0, 0.0, 0.0, 0.0, 0.0, 0.0, 0.0, 0.0, 0.0], "rel_alt_m": [0.0, 0.0, 0.0, 0.0, 0.0, 0.0, 0.0, 0.0, 0.0, 0.0, 0.0, 0.0, 0.0], "x_m": [0.0, 0.009168046526610851, 0.008868133649230003, 0.008266506716609001, 0.007301896344870329, 0.0062366267666220665, 0.004913828335702419, 0.00320556852966547, 0.0012870484497398138, -0.0006828110199421644, -0.0021965201012790203, -0.0035604634322226048, -0.005106445401906967], "y_m": [0.0, -0.0006221749936230481, -0.0008878875523805618, -0.0007720568682998419, -0.0005616414127871394, -0.0006773399654775858, -0.0004908149130642414, -0.00031039712484925985, -0.00018130950047634542, -0.00014920586545486003, 9.092788241105154e-05, 0.0004759259754791856, 0.0013443693751469254], "pitch_deg": [0.0, 4.065608978271484, 4.068233013153076, 4.062865734100342, 4.077241897583008, 4.091751575469971, 4.088026523590088, 4.079300403594971, 4.08513879776001, 4.098830223083496, 4.103651523590088, 4.104704856872559, 4.100586414337158], "roll_deg": [0.0, 6.052603721618652, 6.0474772453308105, 6.047508716583252, 6.048291206359863, 6.045107364654541, 6.043561935424805, 6.044195652008057, 6.039244651794434, 6.040545463562012, 6.039967060089111, 6.040851593017578, 6.035511016845703], "yaw_deg": [0.0, -45.30326843261719, -45.30554962158203, -45.30804443359375, -45.305419921875, -45.30290985107422, -45.30731201171875, -45.30967712402344, -45.30983352661133, -45.31049728393555, -45.312896728515625, -45.31679153442383, -45.308563232421875], "lidar": [-1, 0.039677062091413126, 0.03967755223531652, 0.03967697784310802, 0.039676246708734604, 0.03967618136941124, 0.03967710685616632, 0.039676509264477675, 0.039676505403676954, 0.039676800898746305, 0.03967626856013243, 0.0396757275895943, 0.039676238953024814], "target point": [[null, null, null], [null, null, null], [null, null, null], [null, null, null], [null, null, null], [null, null, null], [null, null, null], [null, null, null], [null, null, null], [null, null, null], [null, null, null], [null, null, null], [null, null, null]], "unix time": [0.0, 0.0, 0.0, 0.0, 0.0, 0.0, 0.0, 0.0, 0.0, 0.0, 0.0, 0.0, 0.0]}