{"mode": ["0.0", "0.0", "HOLD", "HOLD", "HOLD", "HOLD", "HOLD", "HOLD"], "lat_deg": [0.0, 40.6553105, 40.6553104, 40.6553104, 40.6553103, 40.655310199999995, 40.655310199999995, 40.6553101], "lng_deg": [0.0, -119.3730915, -119.3730916, -119.3730918, -119.37309219999999, -119.3730925, -119.3730928, -119.373093], "abs_alt_m": [0.0, 1219.99609375, 1219.99609375, 1219.998046875, 1220.0010986328125, 1220.0030517578125, 1220.0040283203125, 1220.0040283203125], "rel_alt_m": [0.0, -0.006000000052154064, -0.006000000052154064, -0.004000000189989805, 0.0, 0.0010000000474974513, 0.0010000000474974513, 0.0010000000474974513], "x_m": [0.0, -0.004105792380869389, -0.013758784160017967, -0.020395593717694283, -0.028285333886742592, -0.037473320960998535, -0.04210483282804489, -0.049183618277311325], "y_m": [0.0, 0.01735401153564453, 0.011737408116459846, -0.00876928586512804, -0.03482438251376152, -0.06588898599147797, -0.09022131562232971, -0.10689046233892441], "pitch_deg": [0.0, 5.161004543304443, 5.169524669647217, 5.249566555023193, 5.39251708984375, 5.619914531707764, 4.560003280639648, 4.478870868682861], "roll_deg": [0.0, 4.10142183303833, 4.1091227531433105, 4.102335453033447, 4.121306419372559, 4.165614128112793, 3.788151741027832, 5.056971073150635], "yaw_deg": [0.0, -77.44473266601562, -77.52264404296875, -77.58856201171875, -77.63426208496094, -77.66451263427734, -78.86560821533203, -77.8377456665039], "lidar": [-1, 0.039734450301801574, 0.03973446749428578, 0.03973257415341129, 0.03972200658933845, 0.03970365977118189, 0.03975855815947975, 0.03974428933911037], "target point": [[null, null, null], [null, null, null], [null, null, null], [null, null, null], [null, null, null], [null, null, null], [null, null, null], [null, null, null]], "unix time": [0.0, 0.0, 1662947700506900, 1662947700506900, 1662947701504900, 1662947701504900, 1662947702502900, 1662947702502900]}