{"mode": ["0.0", "0.0", "HOLD", "HOLD", "HOLD", "HOLD", "HOLD", "HOLD", "HOLD", "HOLD", "HOLD", "HOLD", "HOLD", "HOLD", "TAKEOFF", "TAKEOFF", "TAKEOFF", "TAKEOFF", "TAKEOFF", "TAKEOFF", "TAKEOFF", "TAKEOFF", "TAKEOFF", "TAKEOFF", "HOLD", "HOLD", "LAND", "LAND", "LAND", "LAND", "LAND", "LAND", "LAND", "LAND", "MANUAL", "MANUAL", "MANUAL", "MANUAL", "MANUAL", "MANUAL", "MANUAL", "MANUAL", "MANUAL", "MANUAL", "MANUAL", "MANUAL", "MANUAL", "MANUAL", "MANUAL", "MANUAL", "MANUAL", "MANUAL", "MANUAL", "MANUAL", "MANUAL"], "lat_deg": [0.0, 40.6553204, 40.6553202, 40.655319999999996, 40.6553198, 40.655319899999995, 40.6553198, 40.6553197, 40.6553196, 40.6553195, 40.6553192, 40.655319, 40.655318799999996, 40.655318699999995, 40.6553184, 40.6553178, 40.6553164, 40.6553153, 40.6553149, 40.6553164, 40.655318199999996, 40.655318099999995, 40.6553173, 40.6553173, 40.655318099999995, 40.6553189, 40.655319999999996, 40.655321099999995, 40.6553216, 40.655321099999995, 40.655320499999995, 40.655319999999996, 40.6553196, 40.655319399999996, 40.655319299999995, 40.6553192, 40.6553192, 40.6553195, 40.6553196, 40.6553197, 40.6553196, 40.6553196, 40.655319899999995, 40.655319999999996, 40.6553201, 40.6553198, 40.6553197, 40.6553191, 40.655318699999995, 40.6553177, 40.655317499999995, 40.6553174, 40.6553176, 40.6553177, 40.6553174], "lng_deg": [0.0, -119.3731138, -119.37311369999999, -119.37311349999999, -119.3731133, -119.37311319999999, -119.37311299999999, -119.3731127, -119.3731124, -119.3731122, -119.37311199999999, -119.37311179999999, -119.3731115, -119.3731112, -119.3731109, -119.3731105, -119.3731086, -119.3731054, -119.3731021, -119.37309929999999, -119.3731009, -119.3731052, -119.3731066, -119.3731078, -119.37310679999999, -119.3731067, -119.37310719999999, -119.3731083, -119.3731083, -119.37310839999999, -119.37310819999999, -119.37310799999999, -119.3731081, -119.3731081, -119.3731083, -119.3731086, -119.3731086, -119.3731086, -119.3731088, -119.37310889999999, -119.373109, -119.373109, -119.37310889999999, -119.373109, -119.37310989999999, -119.3731104, -119.3731103, -119.37311059999999, -119.3731103, -119.3731095, -119.3731091, -119.37310869999999, -119.37310839999999, -119.3731083, -119.37310719999999], "abs_alt_m": [0.0, 1220.006103515625, 1220.006103515625, 1220.006103515625, 1220.006103515625, 1220.007080078125, 1220.008056640625, 1220.008056640625, 1220.008056640625, 1220.007080078125, 1220.007080078125, 1220.007080078125, 1220.007080078125, 1220.007080078125, 1220.009033203125, 1220.050048828125, 1220.2130126953125, 1220.2711181640625, 1220.24609375, 1220.2091064453125, 1220.1610107421875, 1220.1680908203125, 1220.2191162109375, 1220.2750244140625, 1220.0791015625, 1219.964111328125, 1219.9190673828125, 1219.9300537109375, 1219.947021484375, 1219.943115234375, 1219.9300537109375, 1219.9130859375, 1219.89111328125, 1219.8880615234375, 1219.8760986328125, 1219.8720703125, 1219.8660888671875, 1219.8770751953125, 1219.8690185546875, 1219.904052734375, 1219.89306640625, 1219.8990478515625, 1219.8990478515625, 1219.904052734375, 1219.9190673828125, 1219.9200439453125, 1219.9100341796875, 1219.904052734375, 1219.884033203125, 1219.85400390625, 1219.81103515625, 1219.7880859375, 1219.800048828125, 1219.81201171875, 1219.8070068359375], "rel_alt_m": [0.0, 0.017000000923871994, 0.017000000923871994, 0.017000000923871994, 0.017000000923871994, 0.018000001087784767, 0.020000001415610313, 0.0, 0.0, -0.0010000000474974513, -0.0010000000474974513, -0.0010000000474974513, -0.0010000000474974513, 0.0, 0.0010000000474974513, 0.04200000315904617, 0.20500001311302185, 0.2630000114440918, 0.23800000548362732, 0.20000000298023224, 0.15300001204013824, 0.1600000113248825, 0.2110000103712082, 0.2670000195503235, 0.07100000232458115, -0.0430000014603138, -0.08800000697374344, -0.07800000160932541, -0.06000000238418579, -0.06400000303983688, -0.07700000703334808, -0.09400000423192978, -0.11600000411272049, -0.11900000274181366, -0.13100001215934753, -0.13600000739097595, -0.14100000262260437, -0.1300000101327896, -0.1380000114440918, -0.10400000214576721, -0.11400000751018524, -0.1080000028014183, -0.1080000028014183, -0.10300000756978989, -0.08800000697374344, -0.08700000494718552, -0.09700000286102295, -0.10400000214576721, -0.12400000542402267, -0.15300001204013824, -0.19600000977516174, -0.21900001168251038, -0.20800000429153442, -0.19500000774860382, -0.20000000298023224], "x_m": [0.0, 1.0905674695968628, 1.066954493522644, 1.0461043119430542, 1.0282492637634277, 1.0370486974716187, 1.0291374921798706, 1.0124346017837524, 1.0018900632858276, 0.9852796792984009, 0.9602890014648438, 0.9382728338241577, 0.9200650453567505, 0.9034443497657776, 0.875397801399231, 0.8042327165603638, 0.6530480980873108, 0.5167120695114136, 0.49010318517684937, 0.6622775793075562, 0.862729549407959, 0.8242941498756409, 0.753143310546875, 0.762942373752594, 0.8346483707427979, 0.9330386519432068, 1.055621862411499, 1.178932547569275, 1.232427954673767, 1.1660408973693848, 1.0974208116531372, 1.0423095226287842, 0.9973737001419067, 0.9775433540344238, 0.9712103009223938, 0.9624313116073608, 0.9645321369171143, 0.9986082911491394, 1.0116403102874756, 1.0147510766983032, 1.009289264678955, 1.007110357284546, 1.0451210737228394, 1.0552853345870972, 1.0555670261383057, 1.0257230997085571, 1.0111042261123657, 0.9516069293022156, 0.8906132578849792, 0.8015115261077881, 0.7707606554031372, 0.765399694442749, 0.7874906063079834, 0.7985332012176514, 0.7511593103408813], "y_m": [0.0, -1.8613861799240112, -1.845901370048523, -1.8368828296661377, -1.821498990058899, -1.8035380840301514, -1.789414644241333, -1.7622696161270142, -1.7380940914154053, -1.719065546989441, -1.7039238214492798, -1.692458152770996, -1.666539192199707, -1.6414151191711426, -1.6193305253982544, -1.5770124197006226, -1.4151233434677124, -1.1331220865249634, -0.8547878861427307, -0.6306629180908203, -0.8143406510353088, -1.1726055145263672, -1.2606059312820435, -1.3482685089111328, -1.2694135904312134, -1.2615431547164917, -1.304296612739563, -1.395616888999939, -1.4000155925750732, -1.4069017171859741, -1.388022780418396, -1.3715221881866455, -1.3789806365966797, -1.3818631172180176, -1.3965102434158325, -1.423728585243225, -1.4216699600219727, -1.4055944681167603, -1.4385757446289062, -1.4429486989974976, -1.4568634033203125, -1.449061393737793, -1.4468220472335815, -1.4522435665130615, -1.5329453945159912, -1.5737338066101074, -1.564393162727356, -1.5970184803009033, -1.558305263519287, -1.502421498298645, -1.4601185321807861, -1.4297984838485718, -1.4065688848495483, -1.3890875577926636, -1.2937349081039429], "pitch_deg": [0.0, -1.4970601797103882, -1.5058441162109375, -1.5235183238983154, -1.510508418083191, -1.495806336402893, -1.503677487373352, -1.6626378297805786, -1.9919387102127075, -2.009148597717285, -2.098639726638794, -2.1220226287841797, -2.1316559314727783, -1.8436704874038696, -2.128933906555176, 0.27649638056755066, 2.345825672149658, 3.433117389678955, 6.01862096786499, 10.396212577819824, 8.602214813232422, -2.9569849967956543, -2.992406129837036, 29.30502700805664, 32.09202575683594, 33.405616760253906, 37.61114501953125, 25.264360427856445, 28.96100425720215, 29.466657638549805, 29.428152084350586, 29.525287628173828, 29.62775993347168, 29.69537353515625, 29.776132583618164, 29.84829330444336, 29.8787841796875, 23.489337921142578, 0.5157163143157959, 3.8127121925354004, 2.692065477371216, 2.3205647468566895, 0.6502320766448975, 1.8707231283187866, 1.9309731721878052, 1.5417932271957397, 2.142331838607788, 1.6089328527450562, 2.7366793155670166, 1.9799697399139404, -0.9421457648277283, 2.1053900718688965, 4.366069316864014, 2.5827181339263916, 4.7144927978515625],