{"mode": ["0.0", "0.0", "HOLD", "HOLD", "HOLD", "HOLD", "HOLD", "HOLD", "HOLD", "HOLD", "HOLD", "HOLD", "HOLD", "HOLD", "TAKEOFF", "TAKEOFF", "TAKEOFF", "TAKEOFF", "TAKEOFF", "TAKEOFF", "TAKEOFF", "TAKEOFF", "TAKEOFF", "TAKEOFF", "HOLD", "HOLD", "HOLD"], "lat_deg": [0.0, 40.655331, 40.655330899999996, 40.6553308, 40.6553307, 40.6553307, 40.6553306, 40.6553306, 40.6553306, 40.6553306, 40.6553307, 40.6553307, 40.6553308, 40.655330899999996, 40.6553311, 40.655331, 40.655330299999996, 40.6553282, 40.6553247, 40.655321, 40.6553197, 40.6553195, 40.6553203, 40.6553209, 40.6553215, 40.6553231, 40.6553249], "lng_deg": [0.0, -119.37311919999999, -119.3731194, -119.3731196, -119.3731198, -119.37312, -119.3731201, -119.3731203, -119.3731205, -119.3731207, -119.3731208, -119.373121, -119.3731212, -119.37312139999999, -119.37312159999999, -119.3731232, -119.3731273, -119.3731318, -119.3731352, -119.3731352, -119.37313309999999, -119.3731311, -119.37312949999999, -119.3731289, -119.37312929999999, -119.37312999999999, -119.3731304], "abs_alt_m": [0.0, 1220.0880126953125, 1220.0960693359375, 1220.10107421875, 1220.10205078125, 1220.1060791015625, 1220.1070556640625, 1220.1160888671875, 1220.1240234375, 1220.131103515625, 1220.1380615234375, 1220.1480712890625, 1220.162109375, 1220.175048828125, 1220.195068359375, 1220.2490234375, 1220.405029296875, 1220.4381103515625, 1220.4080810546875, 1220.3651123046875, 1220.381103515625, 1220.4219970703125, 1220.39404296875, 1220.3800048828125, 1220.4200439453125, 1220.4010009765625, 1220.3760986328125], "rel_alt_m": [0.0, 0.15000000596046448, 0.15800000727176666, 0.16300000250339508, 0.16500000655651093, 0.1680000126361847, 0.16900001466274261, 0.005000000353902578, 0.013000000268220901, 0.020000001415610313, 0.027000000700354576, 0.03700000047683716, 0.05100000277161598, 0.06400000303983688, 0.08500000089406967, 0.1380000114440918, 0.2939999997615814, 0.3270000219345093, 0.2970000207424164, 0.2540000081062317, 0.27000001072883606, 0.3110000193119049, 0.28300002217292786, 0.26900002360343933, 0.30900001525878906, -0.020000001415610313, -0.04400000348687172], "x_m": [0.0, 2.268542528152466, 2.259582996368408, 2.2488903999328613, 2.243314504623413, 2.2352702617645264, 2.230839252471924, 2.2284533977508545, 2.2311625480651855, 2.231675624847412, 2.238316774368286, 2.2424368858337402, 2.252870559692383, 2.2671849727630615, 2.284463882446289, 2.2724578380584717, 2.1821930408477783, 1.9399633407592773, 1.5450421571731567, 1.1442272663116455, 1.0118541717529297, 1.0006437301635742, 1.1067018508911133, 1.159754991531372, 1.2309712171554565, 1.3927218914031982, 1.5945243835449219], "y_m": [0.0, -2.3180370330810547, -2.3358771800994873, -2.352808952331543, -2.3668391704559326, -2.3817391395568848, -2.395991086959839, -2.412579298019409, -2.431826591491699, -2.443375587463379, -2.451432466506958, -2.465667963027954, -2.482083559036255, -2.499037742614746, -2.5197198390960693, -2.651477336883545, -3.0285794734954834, -3.409275531768799, -3.6798105239868164, -3.6502134799957275, -3.4766759872436523, -3.304898738861084, -3.172273635864258, -3.137711524963379, -3.1758038997650146, -3.2237672805786133, -3.2614147663116455], "pitch_deg": [0.0, 0.6457428336143494, 0.6481788158416748, 0.6475579142570496, 0.6422147750854492, 0.6565923690795898, 0.6518552303314209, 0.7023463249206543, 0.7176556587219238, 0.8383689522743225, 0.8422046899795532, 0.9483800530433655, 0.8641622066497803, 0.7861596941947937, 2.9647908210754395, 0.05294789373874664, 5.600198745727539, 5.4953083992004395, 4.887408256530762, -0.8730534911155701, -9.046074867248535, 8.109081268310547, 12.37321949005127, 16.317651748657227, 19.809526443481445, 19.820112228393555, 19.797744750976562], "roll_deg": [0.0, 3.48356294631958, 3.483304500579834, 3.4793927669525146, 3.492706537246704, 3.5002832412719727, 3.4922986030578613, 3.604671001434326, 3.4877355098724365, 3.489794969558716, 3.634000301361084, 3.5575883388519287, 3.6387925148010254, 3.6403250694274902, 2.1509439945220947, -3.3274569511413574, 5.116608619689941, 5.87220573425293, 5.446323871612549, -12.492335319519043, 3.473477363586426, 72.605712890625, 164.99925231933594, -154.65005493164062, -158.56512451171875, -158.52066040039062, -158.42132568359375], "yaw_deg": [0.0, 25.714139938354492, 25.73822021484375, 25.77273941040039, 25.791906356811523, 25.81413459777832, 25.851882934570312, 25.90509033203125, 25.921396255493164, 26.007938385009766, 26.14754295349121, 26.217336654663086, 26.280792236328125, 26.32284927368164, 25.005521774291992, 2.1661627292633057, -41.12797164916992, -88.77342987060547, -132.96710205078125, 138.39877319335938, 0.8495082259178162, -65.60906982421875, -48.63752746582031, -43.88752746582031, -43.96760177612305, -43.48578643798828, -43.05682373046875], "lidar": [-1, 0.0399236271508267, 0.039923524400094286, 0.039923694444637725, 0.03992355503680671, 0.03992296499010277, 0.039923154872437784, 0.03992137071543601, 0.039918261938680526, 0.039913783668851184, 0.03992211322682762, 0.03991561975146762, 0.03991475519647498, 0.03990943283163915, 0.03991789168626432, 0.05979936297175169, 0.17839448639560446, 0.1887665485446329, 0.08950164382577375, 0.05871385454139323, 0.05805043042626583, 0.03674972772311274, 0, 0, 0, 0, 0], "target point": [[null, null, null], [null, null, null], [null, null, null], [null, null, null], [null, null, null], [null, null, null], [null, null, null], [null, null, null], [null, null, null], [null, null, null], [null, null, null], [null, null, null], [null, null, null], [null, null, null], [null, null, null], [null, null, null], [null, null, null], [null, null, null], [null, null, null], [null, null, null], [null, null, null], [null, null, null], [null, null, null], [null, null, null], [null, null, null], [null, null, null], [null, null, null]], "unix time": [0.0, 0.0, 1662947830503900, 1662947830503900, 1662947831503900, 1662947831503900, 1662947832504900, 1662947832504900, 1662947833504900, 1662947833504900, 1662947834502900, 1662947834502900, 1662947835504900, 1662947835504900, 1662947836503900, 1662947837504900, 1662947837504900, 1662947838503900, 1662947838503900, 1662947839505900, 1662947839505900, 1662947840504900, 1662947840504900, 1662947841504900, 1662947841504900, 1662947842505900, 1662947842505900]}