{"mode": ["0.0", "MANUAL", "MANUAL", "MANUAL", "MANUAL", "MANUAL", "MANUAL", "MANUAL", "MANUAL", "MANUAL", "MANUAL", "MANUAL", "MANUAL", "MANUAL", "MANUAL", "MANUAL", "MANUAL", "MANUAL", "MANUAL", "MANUAL", "MANUAL", "MANUAL"], "lat_deg": [0.0, 40.6553742, 40.655373, 40.6553719, 40.6553706, 40.655369199999996, 40.655367999999996, 40.655367, 40.6553664, 40.6553659, 40.655364999999996, 40.6553641, 40.6553629, 40.655361899999996, 40.6553606, 40.655359499999996, 40.6553587, 40.655358, 40.6553573, 40.655357099999996, 40.655356999999995, 40.6553568], "lng_deg": [0.0, -119.3730733, -119.37307489999999, -119.3730762, -119.3730772, -119.37307759999999, -119.37307799999999, -119.3730787, -119.37307949999999, -119.37308, -119.3730805, -119.373081, -119.373081, -119.373081, -119.3730813, -119.37308159999999, -119.37308209999999, -119.373083, -119.37308449999999, -119.3730853, -119.37308619999999, -119.3730866], "abs_alt_m": [0.0, 1207.4420166015625, 1207.4180908203125, 1207.43310546875, 1207.4710693359375, 1207.5240478515625, 1207.5120849609375, 1207.4940185546875, 1207.4951171875, 1207.6060791015625, 1207.9530029296875, 1208.256103515625, 1208.2510986328125, 1207.8670654296875, 1207.49609375, 1207.1910400390625, 1207.089111328125, 1207.5030517578125, 1208.0, 1208.2020263671875, 1207.56201171875, 1207.0430908203125], "rel_alt_m": [0.0, 0.5410000085830688, 0.5170000195503235, 0.5320000052452087, 0.5700000524520874, 0.6220000386238098, 0.6100000143051147, 0.5920000076293945, 0.5940000414848328, 0.7050000429153442, 1.0520000457763672, 1.3550000190734863, 1.349000096321106, 0.9660000205039978, 0.5950000286102295, 0.2900000214576721, 0.18800000846385956, 0.6020000576972961, 1.099000096321106, 1.3010001182556152, 0.6600000262260437, 0.1420000046491623], "x_m": [0.0, 6.569250106811523, 6.459513187408447, 6.3407487869262695, 6.181942462921143, 6.023633003234863, 5.901052474975586, 5.7844462394714355, 5.719398498535156, 5.659704685211182, 5.561344623565674, 5.465341091156006, 5.317831993103027, 5.199370861053467, 5.064842700958252, 4.940005302429199, 4.853829383850098, 4.772576808929443, 4.695341110229492, 4.676685333251953, 4.674561023712158, 4.651120185852051], "y_m": [0.0, 2.00459885597229, 1.89839768409729, 1.7883728742599487, 1.698543667793274, 1.6640151739120483, 1.629555106163025, 1.5693641901016235, 1.5026564598083496, 1.466342568397522, 1.422615647315979, 1.3798731565475464, 1.3782172203063965, 1.3762375116348267, 1.3491873741149902, 1.3224369287490845, 1.2767949104309082, 1.190203070640564, 1.0717988014221191, 1.010496735572815, 0.9395262002944946, 0.9072079658508301], "pitch_deg": [0.0, -0.4692420959472656, -0.4263283312320709, -0.588252067565918, -0.7436983585357666, 3.317262887954712, 2.846205949783325, 1.25193452835083, -0.39659130573272705, 1.0704724788665771, 0.762895941734314, -0.40413233637809753, 0.6751678586006165, 1.6645842790603638, -2.015157461166382, 0.052024442702531815, 1.3134788274765015, 1.3780847787857056, -0.8951740860939026, 4.263883113861084, -0.267580509185791, -1.4562476873397827], "roll_deg": [0.0, 16.404006958007812, 16.034912109375, 17.0750675201416, 16.288753509521484, 13.442710876464844, 17.54498291015625, 16.16465187072754, 15.553436279296875, 15.563539505004883, 10.661572456359863, 6.884246826171875, 10.372356414794922, 15.01932430267334, 16.411869049072266, 15.578798294067383, 18.541854858398438, 9.84542465209961, 3.8286874294281006, 10.211260795593262, 17.706886291503906, 19.52829933166504], "yaw_deg": [0.0, 177.5370635986328, 167.11007690429688, 151.12962341308594, 142.2904815673828, 138.48800659179688, 131.85801696777344, 128.82440185546875, 128.5662384033203, 124.29510498046875, 107.80856323242188, 93.61351776123047, 104.2520980834961, 88.74003601074219, 80.44828796386719, 88.28663635253906, 91.10981750488281, 88.07992553710938, 89.52005004882812, 99.70454406738281, 88.51632690429688, 80.85877227783203], "lidar": [-1, 0.6714834388458657, 0.6343041917602182, 0.6213158222275239, 0.6526500651445294, 0.7183881319922072, 0.7143211668858976, 0.6914812067808332, 0.6944246663630347, 0.7803586737392509, 1.1273412083973808, 1.488060719843092, 1.5248117206392422, 1.1037741106313548, 0.6918786630298978, 0.36697096242866223, 0.22855897848969128, 0.6172904370590317, 1.1899911829865608, 1.5016914316726382, 0.8097223628757316, 0.24509202474825725], "target point": [[null, null, null], [null, null, null], [null, null, null], [null, null, null], [null, null, null], [null, null, null], [null, null, null], [null, null, null], [null, null, null], [null, null, null], [null, null, null], [null, null, null], [null, null, null], [null, null, null], [null, null, null], [null, null, null], [null, null, null], [null, null, null], [null, null, null], [null, null, null], [null, null, null], [null, null, null]], "unix time": [0.0, 0.0, 1662948741629902, 1662948741629902, 1662948742630902, 1662948742630902, 1662948743629902, 1662948743629902, 1662948744629902, 1662948744629902, 1662948745629902, 1662948745629902, 1662948746628902, 1662948746628902, 1662948747627902, 1662948747627902, 1662948748627902, 1662948748627902, 1662948749629902, 1662948749629902, 1662948750631902, 1662948750631902]}