{"mode": ["0.0", "0.0", "HOLD", "HOLD", "HOLD", "HOLD", "HOLD", "HOLD", "HOLD", "HOLD", "HOLD", "HOLD", "HOLD", "HOLD", "TAKEOFF", "TAKEOFF", "TAKEOFF", "TAKEOFF", "TAKEOFF", "TAKEOFF", "TAKEOFF", "TAKEOFF", "TAKEOFF", "TAKEOFF", "HOLD", "HOLD", "HOLD", "HOLD", "HOLD", "HOLD", "HOLD", "HOLD", "HOLD", "HOLD", "LAND", "LAND", "LAND", "LAND", "LAND", "LAND", "LAND", "LAND", "LAND", "LAND", "LAND", "LAND", "LAND", "LAND", "LAND"], "lat_deg": [0.0, 40.6553464, 40.655346, 40.6553457, 40.6553454, 40.655345, 40.6553447, 40.6553444, 40.655344, 40.655343699999996, 40.6553433, 40.655342999999995, 40.6553426, 40.6553422, 40.655341899999996, 40.6553421, 40.6553434, 40.655344299999996, 40.6553435, 40.655340599999995, 40.6553368, 40.6553322, 40.6553308, 40.6553325, 40.6553354, 40.655336999999996, 40.6553402, 40.6553422, 40.655341899999996, 40.6553414, 40.655342, 40.6553399, 40.6553384, 40.655338, 40.655339, 40.6553391, 40.6553385, 40.6553391, 40.655339999999995, 40.6553396, 40.6553393, 40.6553392, 40.6553379, 40.6553367, 40.6553356, 40.6553338, 40.655332, 40.6553311, 40.6553304], "lng_deg": [0.0, -119.3730923, -119.3730923, -119.3730923, -119.3730923, -119.3730923, -119.37309219999999, -119.37309219999999, -119.3730923, -119.3730925, -119.37309259999999, -119.3730928, -119.37309289999999, -119.373093, -119.373093, -119.3730933, -119.37309479999999, -119.3730975, -119.37310129999999, -119.37310049999999, -119.37309599999999, -119.3730952, -119.37309479999999, -119.37309189999999, -119.3730911, -119.37309049999999, -119.3730891, -119.3730904, -119.3730911, -119.3730906, -119.37308879999999, -119.37308879999999, -119.3730901, -119.3730918, -119.3730959, -119.3730975, -119.37309649999999, -119.3730963, -119.3730956, -119.37309529999999, -119.37309549999999, -119.3730958, -119.37309599999999, -119.37309619999999, -119.3730964, -119.3730968, -119.3730973, -119.37309739999999, -119.37309739999999], "abs_alt_m": [0.0, 1206.9000244140625, 1206.9000244140625, 1206.8990478515625, 1206.8990478515625, 1206.8990478515625, 1206.8990478515625, 1206.8980712890625, 1206.8980712890625, 1206.9010009765625, 1206.904052734375, 1206.906005859375, 1206.9071044921875, 1206.9100341796875, 1206.9171142578125, 1206.9520263671875, 1207.0750732421875, 1207.2930908203125, 1207.60400390625, 1207.89501953125, 1207.9530029296875, 1207.530029296875, 1207.3450927734375, 1207.26708984375, 1207.177001953125, 1207.123046875, 1207.0750732421875, 1207.01708984375, 1207.1090087890625, 1207.7490234375, 1208.47509765625, 1208.7930908203125, 1208.696044921875, 1208.27001953125, 1207.9630126953125, 1207.552001953125, 1207.156005859375, 1206.9090576171875, 1206.8970947265625, 1206.9171142578125, 1206.9400634765625, 1206.97802734375, 1206.9840087890625, 1206.97705078125, 1206.9600830078125, 1206.9490966796875, 1206.943115234375, 1206.943115234375, 1206.9410400390625], "rel_alt_m": [0.0, 0.0, 0.0, 0.0, 0.0, 0.0, 0.0, 0.0, 0.0, 0.0020000000949949026, 0.005000000353902578, 0.007000000216066837, 0.00800000037997961, 0.01100000087171793, 0.018000001087784767, 0.05300000309944153, 0.17600001394748688, 0.39400002360343933, 0.7050000429153442, 0.9950000643730164, 1.0540000200271606, 0.6310000419616699, 0.44600000977516174, 0.3680000305175781, 0.27800002694129944, 0.2240000069141388, 0.17600001394748688, 0.11800000816583633, 0.21000000834465027, 0.8500000238418579, 1.5760000944137573, 1.8940000534057617, 1.7970000505447388, 1.371000051498413, 1.0640000104904175, 0.6530000567436218, 0.25699999928474426, 0.010000000707805157, -0.0010000000474974513, 0.018000001087784767, 0.04100000113248825, 0.07900000363588333, -0.0010000000474974513, -0.00800000037997961, -0.024000000208616257, -0.03500000014901161, 0.0, 0.0, -0.0020000000949949026], "x_m": [0.0, 3.4928033351898193, 3.455632448196411, 3.416771650314331, 3.3771204948425293, 3.3388302326202393, 3.304649591445923, 3.266631603240967, 3.2280259132385254, 3.191084861755371, 3.151360034942627, 3.1144564151763916, 3.075939893722534, 3.0352437496185303, 2.996952772140503, 3.0186548233032227, 3.1820480823516846, 3.262253999710083, 3.163640022277832, 2.8268544673919678, 2.336230993270874, 1.8674616813659668, 1.7828854322433472, 1.9939513206481934, 2.278465747833252, 2.4500410556793213, 2.8047282695770264, 3.030766248703003, 2.986610174179077, 2.942697048187256, 3.0093252658843994, 2.732658863067627, 2.605985164642334, 2.562901496887207, 2.6774580478668213, 2.6800053119659424, 2.6107370853424072, 2.6946804523468018, 2.77937912940979, 2.733299732208252, 2.7116639614105225, 2.6954493522644043, 2.5480129718780518, 2.416133403778076, 2.280954122543335, 2.0802061557769775, 1.8760993480682373, 1.7953624725341797, 1.7011690139770508], "y_m": [0.0, 0.42532989382743835, 0.4245937764644623, 0.42234718799591064, 0.42486751079559326, 0.42682135105133057, 0.43382689356803894, 0.4292539954185486, 0.4248383343219757, 0.4103407859802246, 0.3988321125507355, 0.3830938935279846, 0.3727463483810425, 0.3670610785484314, 0.36413130164146423, 0.33927229046821594, 0.20357540249824524, -0.04130899906158447, -0.3483182191848755, -0.22609977424144745, 0.14453767240047455, 0.1624048352241516, 0.24513721466064453, 0.47710496187210083, 0.5308619141578674, 0.576991856098175, 0.6964520812034607, 0.5866377949714661, 0.5318377017974854, 0.5670801401138306, 0.723507821559906, 0.7154040336608887, 0.6008116006851196, 0.48124706745147705, 0.12232069671154022, -0.015508338809013367, 0.07131452858448029, 0.08653236925601959, 0.14652876555919647, 0.1729910671710968, 0.15410566329956055, 0.12886469066143036, 0.11308145523071289, 0.09515901654958725, 0.0780361145734787, 0.0395050086081028, 0.0008333934820257127, -0.00042286503594368696, -0.010566530749201775], "pitch_deg": [0.0, -3.7380807399749756, -3.7392680644989014, -3.7248566150665283, -3.70888090133667, -3.694286823272705, -3.6786906719207764, -3.8240177631378174, -3.7771213054656982, -3.8458640575408936, -3.990762710571289, -4.04052734375, -3.955315351486206, -3.1897151470184326, -2.4528284072875977, 1.2004711627960205, 3.9501230716705322, -0.22683833539485931, 13.259285926818848, 11.001077651977539, 10.645092964172363, -13.087974548339844, -2.7762367725372314, -1.7120903730392456, -4.402013301849365, 1.0555025339126587, 1.0799665451049805, 1.2574007511138916, -4.591951847076416, -8.784602165222168, 5.747293472290039, -8.16805362701416, 2.2639966011047363, 15.750128746032715, 10.298367500305176, 9.239580154418945, 4.961719989776611, -15.498579025268555, -39.913536071777344, -40.036460876464844, -39.99736022949219, -39.95613479614258, -39.884517669677734, -39.87662887573242, -39.8574104309082, -39.82624816894531, -39.84105682373047, -39.8995246887207, -39.937744140625], "roll_deg": [0.0, 5.373208999633789, 5.374460697174072, 5.360240936279297, 5.3508381843566895, 5.3441162109375, 5.340521812438965, 5.326842784881592, 5.180506706237793, 5.237762451171875, 5.248414516448975, 5.233129978179932, 5.185883045196533, 4.7703857421875, 4.8999409675598145, -1.300093412399292, 4.157966613769531, -0.47376954555511475, -2.3689627647399902, -21.76974868774414, -10.8890962600708, 6.342477798461914, -1.2104798555374146, -10.751984596252441, -4.287533760070801, 2.9237663745880127, 3.10901141166687, 4.781940460205078, 1.1685799360275269, -8.871970176696777, -8.474278450012207, 10.108591079711914, -3.6663625240325928, -4.786646366119385, 10.51046085357666, 5.823269844055176, 4.92504358291626, -11.281730651855469, 13.448761940002441, 12.38810920715332, 12.158653259277344, 12.116917610168457, 12.234869956970215, 12.311579704284668, 12.391231536865234, 12.46562671661377, 12.523258209228516, 12.560710906982422, 12.602312088012695],