{"mode": ["0.0", "HOLD", "HOLD", "HOLD", "HOLD", "HOLD", "HOLD", "HOLD", "TAKEOFF", "TAKEOFF", "TAKEOFF", "TAKEOFF", "TAKEOFF", "TAKEOFF", "TAKEOFF", "TAKEOFF", "TAKEOFF", "TAKEOFF", "TAKEOFF", "TAKEOFF", "TAKEOFF"], "lat_deg": [0.0, 40.6526178, 40.6526175, 40.652617299999996, 40.652617, 40.6526168, 40.6526165, 40.6526164, 40.6526162, 40.6526163, 40.6526172, 40.6526176, 40.6526184, 40.652619, 40.6526196, 40.6526186, 40.6526145, 40.6526092, 40.6526072, 40.652607599999996, 40.652608], "lng_deg": [0.0, -119.3542932, -119.3542932, -119.3542933, -119.3542932, -119.3542932, -119.35429309999999, -119.354293, -119.354293, -119.3542923, -119.3542899, -119.3542851, -119.3542851, -119.3542854, -119.3542861, -119.3542865, -119.3542865, -119.35428639999999, -119.35428639999999, -119.3542865, -119.3542866], "abs_alt_m": [0.0, 1186.955078125, 1186.955078125, 1186.955078125, 1186.9541015625, 1186.955078125, 1186.9560546875, 1186.9560546875, 1186.95703125, 1187.01611328125, 1187.2060546875, 1186.60302734375, 1186.2120361328125, 1186.3770751953125, 1186.675048828125, 1187.0020751953125, 1187.1280517578125, 1187.10302734375, 1187.0440673828125, 1187.008056640625, 1186.989013671875], "rel_alt_m": [0.0, 0.0, 0.0, 0.0, 0.0, 0.0, 0.0010000000474974513, 0.0, 0.0010000000474974513, 0.06000000238418579, 0.25, -0.35200002789497375, -0.7430000305175781, 0.07000000029802322, 0.20600001513957977, 0.039000000804662704, 0.16500000655651093, -0.013000000268220901, -0.07200000435113907, -0.1080000028014183, -0.12700000405311584], "x_m": [0.0, 2.4007227420806885, 2.3677175045013428, 2.3448293209075928, 2.318026542663574, 2.2923505306243896, 2.26491379737854, 2.246521234512329, 2.228292226791382, 2.2561817169189453, 2.3573787212371826, 2.383044481277466, 2.47942852973938, 2.5367302894592285, 2.610203504562378, 2.4750418663024902, 2.0010297298431396, 1.392249584197998, 1.2271958589553833, 1.278902530670166, 1.3147176504135132], "y_m": [0.0, 11.383347511291504, 11.381325721740723, 11.378578186035156, 11.382314682006836, 11.386280059814453, 11.393303871154785, 11.401593208312988, 11.405287742614746, 11.476990699768066, 11.69173526763916, 12.064680099487305, 12.067789077758789, 12.041964530944824, 11.980393409729004, 11.944596290588379, 11.952323913574219, 11.961050033569336, 11.954155921936035, 11.952423095703125, 11.944706916809082], "pitch_deg": [0.0, 3.460808515548706, 3.432281017303467, 3.44913387298584, 3.4312872886657715, 3.417732000350952, 3.443094253540039, 3.431478977203369, 3.38590145111084, 3.0075106620788574, 16.726573944091797, -49.270484924316406, -47.250160217285156, -47.189247131347656, -47.159767150878906, -47.12831115722656, -47.09526824951172, -47.093135833740234, -47.10012435913086, -47.086307525634766, -47.071449279785156], "roll_deg": [0.0, -0.9012115001678467, -0.9300258159637451, -0.9359983205795288, -0.950235903263092, -0.9527564644813538, -0.9449355006217957, -0.921354353427887, -0.9774463176727295, 4.2545576095581055, -3.3410520553588867, 2.7059390544891357, 2.0532066822052, 1.8989723920822144, 1.8568905591964722, 1.8714169263839722, 1.8918402194976807, 1.896187663078308, 1.876349925994873, 1.8672425746917725, 1.855840802192688], "yaw_deg": [0.0, 113.66744232177734, 113.66197967529297, 113.6720962524414, 113.65416717529297, 113.65027618408203, 113.65543365478516, 113.69046020507812, 113.96693420410156, 110.57463836669922, 101.155517578125, 57.27743911743164, 57.5156135559082, 57.50874710083008, 57.39152908325195, 57.23476791381836, 57.078399658203125, 56.93054962158203, 56.809322357177734, 56.706722259521484, 56.58837890625], "lidar": [-1, 0.03992188556609944, 0.03992277875323909, 0.03992245945742059, 0.039923437223340144, 0.03992249448995862, 0.03992216930600701, 0.0399260605174666, 0.039925669729177084, 0.06988173571763968, 0.3095930171044341, 0.03618715688464001, 0.04069195122217574, 0.04074512559217921, 0.040772395299269654, 0.04080302348621906, 0.02721426187287397, 0.04082900715036921, 0.04082524197150338, 0.04083206169557098, 0.04084837435428972], "target point": [[null, null, null], [null, null, null], [null, null, null], [null, null, null], [null, null, null], [null, null, null], [null, null, null], [null, null, null], [null, null, null], [null, null, null], [null, null, null], [null, null, null], [null, null, null], [null, null, null], [null, null, null], [null, null, null], [null, null, null], [null, null, null], [null, null, null], [null, null, null], [null, null, null]], "unix time": [0.0, 1662959401114563, 1662959401114563, 1662959402114563, 1662959402114563, 1662959403115563, 1662959403115563, 1662959404115563, 1662959404115563, 1662959405113563, 1662959405113563, 1662959406112563, 1662959406112563, 1662959407116563, 1662959407116563, 1662959408117563, 1662959408117563, 1662959409114563, 1662959409114563, 1662959410114563, 1662959410114563]}