{"mode": ["0.0", "0.0", "HOLD", "HOLD", "HOLD", "HOLD", "HOLD", "HOLD", "TAKEOFF", "TAKEOFF", "TAKEOFF", "TAKEOFF", "TAKEOFF", "TAKEOFF", "TAKEOFF", "TAKEOFF", "TAKEOFF", "TAKEOFF", "TAKEOFF", "TAKEOFF", "TAKEOFF", "TAKEOFF", "TAKEOFF", "TAKEOFF", "TAKEOFF", "TAKEOFF", "TAKEOFF", "TAKEOFF", "LAND", "LAND", "LAND", "LAND", "LAND", "LAND", "LAND", "LAND", "LAND", "LAND", "LAND", "LAND", "LAND", "LAND", "LAND", "LAND", "LAND", "LAND", "LAND", "LAND", "LAND", "LAND", "LAND", "LAND", "LAND", "LAND", "LAND", "LAND", "LAND", "LAND", "LAND", "LAND", "LAND", "LAND", "LAND", "LAND"], "lat_deg": [0.0, 40.6526467, 40.6526467, 40.6526468, 40.652646999999995, 40.652647099999996, 40.6526473, 40.6526474, 40.6526475, 40.652647699999996, 40.6526487, 40.65265, 40.652651299999995, 40.6526522, 40.6526523, 40.652651299999995, 40.652649, 40.652646399999995, 40.652644099999996, 40.6526426, 40.652642, 40.6526424, 40.6526437, 40.652645199999995, 40.6526468, 40.6526482, 40.652649499999995, 40.6526512, 40.6526522, 40.652652499999995, 40.6526522, 40.6526518, 40.6526515, 40.6526521, 40.652653099999995, 40.652653699999995, 40.652654, 40.652654, 40.652653699999995, 40.6526533, 40.652653, 40.6526527, 40.6526524, 40.6526522, 40.652651999999996, 40.6526521, 40.6526523, 40.6526524, 40.6526524, 40.6526542, 40.652654299999995, 40.6526527, 40.6526518, 40.652651299999995, 40.652650699999995, 40.652650099999995, 40.652649499999995, 40.652648899999996, 40.6526487, 40.6526482, 40.6526473, 40.6526476, 40.6526463, 40.6526455], "lng_deg": [0.0, -119.35426749999999, -119.35426749999999, -119.35426749999999, -119.35426749999999, -119.3542676, -119.35426779999999, -119.3542679, -119.35426799999999, -119.35426779999999, -119.35426659999999, -119.35426509999999, -119.3542638, -119.35426269999999, -119.3542617, -119.3542612, -119.35426109999999, -119.35426149999999, -119.35426229999999, -119.35426369999999, -119.3542658, -119.35426799999999, -119.3542708, -119.3542722, -119.3542732, -119.3542732, -119.3542719, -119.35427, -119.3542679, -119.35426629999999, -119.35426559999999, -119.3542657, -119.3542658, -119.3542659, -119.3542665, -119.35426749999999, -119.3542683, -119.3542691, -119.35426939999999, -119.3542695, -119.35426969999999, -119.35427, -119.3542701, -119.3542698, -119.3542696, -119.35427, -119.3542705, -119.35427089999999, -119.3542705, -119.35427039999999, -119.35426989999999, -119.35426779999999, -119.3542677, -119.3542681, -119.35426779999999, -119.3542674, -119.3542669, -119.35426659999999, -119.35426629999999, -119.3542657, -119.3542646, -119.3542633, -119.3542641, -119.35426629999999], "abs_alt_m": [0.0, 1186.9541015625, 1186.955078125, 1186.9541015625, 1186.9520263671875, 1186.947998046875, 1186.946044921875, 1186.945068359375, 1186.9381103515625, 1187.0469970703125, 1187.2430419921875, 1187.3790283203125, 1187.4620361328125, 1187.5111083984375, 1187.5390625, 1187.5340576171875, 1187.4930419921875, 1187.486083984375, 1187.718017578125, 1187.6680908203125, 1187.715087890625, 1187.7230224609375, 1187.759033203125, 1187.777099609375, 1187.68505859375, 1187.5050048828125, 1187.56201171875, 1187.62109375, 1187.5050048828125, 1187.5450439453125, 1187.5670166015625, 1187.5760498046875, 1187.5780029296875, 1187.5860595703125, 1187.5950927734375, 1187.5960693359375, 1187.60302734375, 1187.5989990234375, 1187.611083984375, 1187.611083984375, 1187.614013671875, 1187.6190185546875, 1187.5980224609375, 1187.5860595703125, 1187.572021484375, 1187.5650634765625, 1187.56005859375, 1187.552001953125, 1187.216064453125, 1186.384033203125, 1142.5150146484375, 1186.85205078125, 1187.02099609375, 1187.0670166015625, 1187.0650634765625, 1187.0750732421875, 1187.080078125, 1187.0870361328125, 1187.093017578125, 1187.0810546875, 1187.0660400390625, 1186.9951171875, 1187.1290283203125, 1187.112060546875], "rel_alt_m": [0.0, 0.0, 0.0010000000474974513, 0.0010000000474974513, -0.0010000000474974513, -0.004000000189989805, -0.006000000052154064, -0.0010000000474974513, -0.00800000037997961, 0.10100000351667404, 0.2970000207424164, 0.4320000112056732, 0.5160000324249268, 0.5640000104904175, 0.5920000076293945, 0.5870000123977661, 0.5470000505447388, 0.5400000214576721, 0.7720000147819519, 0.7220000624656677, 0.7680000066757202, 0.7770000100135803, 0.812000036239624, 0.831000030040741, 0.7380000352859497, 0.5580000281333923, 0.6160000562667847, 0.6740000247955322, 0.5580000281333923, 0.5980000495910645, 0.6200000047683716, 0.6290000081062317, 0.6310000419616699, 0.6390000581741333, 0.6480000019073486, 0.6490000486373901, 0.656000018119812, 0.6520000100135803, 0.6640000343322754, 0.6640000343322754, 0.6670000553131104, 0.6720000505447388, 0.6510000228881836, 0.64000004529953, 0.625, 0.6180000305175781, 0.6140000224113464, 0.6050000190734863, 0.27000001072883606, -0.5610000491142273, -44.43100357055664, -0.09300000220537186, 0.07500000298023224, 0.12000000476837158, 0.11900000274181366, 0.12800000607967377, 0.1340000033378601, 0.14100000262260437, 0.1469999998807907, 0.1340000033378601, 0.12000000476837158, 0.04800000041723251, 0.18200001120567322, 0.16500000655651093], "x_m": [0.0, 5.616635799407959, 5.623987197875977, 5.635209560394287, 5.654098987579346, 5.670162677764893, 5.684341907501221, 5.699193000793457, 5.709097385406494, 5.730630397796631, 5.840402126312256, 5.993221759796143, 6.1331586837768555, 6.235780239105225, 6.235796928405762, 6.110418319702148, 5.863394737243652, 5.570460319519043, 5.303831577301025, 5.1498236656188965, 5.103490829467773, 5.150181293487549, 5.287047863006592, 5.454452991485596, 5.634786605834961, 5.784421443939209, 5.947087287902832, 6.1343674659729, 6.239950656890869, 6.261653423309326, 6.228288173675537, 6.17975378036499, 6.158655643463135, 6.226605415344238, 6.32854700088501, 6.398022651672363, 6.436121940612793, 6.422420978546143, 6.389895915985107, 6.353720664978027, 6.323228359222412, 6.287230491638184, 6.251904487609863, 6.237360954284668, 6.211157321929932, 6.2185797691345215, 6.242156505584717, 6.258901119232178, 6.2548699378967285, 6.459689617156982, 6.43167781829834, 6.285023212432861, 6.19070291519165, 6.132565975189209, 6.062032699584961, 5.996044635772705, 5.930572509765625, 5.866665363311768, 5.839780330657959, 5.78438663482666, 5.683487415313721, 5.720288276672363, 5.565995693206787, 5.480408191680908], "y_m": [0.0, 13.5505952835083, 13.55142593383789, 13.551778793334961, 13.55640983581543, 13.54356861114502, 13.528857231140137, 13.521979331970215, 13.508016586303711, 13.530500411987305, 13.626155853271484, 13.757529258728027, 13.868775367736816, 13.96056842803955, 14.046238899230957, 14.082324981689453, 14.093379974365234, 14.058745384216309, 13.983570098876953, 13.849906921386719, 13.672085762023926, 13.477542877197266, 13.27673625946045, 13.154984474182129, 13.070328712463379, 13.07263469696045, 13.189913749694824, 13.353303909301758, 13.526928901672363, 13.670647621154785, 13.7105131149292, 13.704193115234375, 13.693707466125488, 13.690125465393066, 13.640053749084473, 13.547385215759277, 13.480652809143066, 13.411762237548828, 13.39123249053955, 13.375877380371094, 13.362930297851562, 13.341558456420898, 13.336637496948242, 13.362768173217773, 13.368192672729492, 13.337624549865723, 13.292407989501953, 13.266481399536133, 13.303284645080566, 13.315237045288086, 13.420493125915527, 13.532548904418945, 13.53447151184082, 13.505255699157715, 13.527912139892578, 13.565643310546875, 13.603412628173828, 13.631786346435547, 13.657710075378418, 13.702230453491211, 13.799383163452148, 13.906248092651367, 13.828136444091797, 13.640663146972656],