{"mode": ["0.0", "0.0", "HOLD", "HOLD", "HOLD", "HOLD", "HOLD"], "lat_deg": [0.0, 40.652608699999995, 40.652608799999996, 40.652609, 40.6526092, 40.652609299999995, 40.652609399999996], "lng_deg": [0.0, -119.35428909999999, -119.3542889, -119.35428879999999, -119.3542887, -119.3542885, -119.3542883], "abs_alt_m": [0.0, 1186.955078125, 1186.9541015625, 1186.9520263671875, 1186.9490966796875, 1186.947021484375, 1186.945068359375], "rel_alt_m": [0.0, -0.0010000000474974513, -0.0020000000949949026, -0.004000000189989805, -0.007000000216066837, -0.009000000543892384, -0.010000000707805157], "x_m": [0.0, 1.3972136974334717, 1.40900456905365, 1.4298657178878784, 1.4474719762802124, 1.4618921279907227, 1.4768495559692383], "y_m": [0.0, 11.731042861938477, 11.74398136138916, 11.756551742553711, 11.765790939331055, 11.778433799743652, 11.79604434967041], "pitch_deg": [0.0, 5.261651515960693, 5.271937370300293, 5.2705397605896, 5.264655113220215, 5.260146617889404, 5.2607855796813965], "roll_deg": [0.0, 4.470050811767578, 4.472947597503662, 4.478580474853516, 4.472945690155029, 4.474437236785889, 4.475778102874756], "yaw_deg": [0.0, -69.21255493164062, -69.13150024414062, -69.06385040283203, -69.00782775878906, -68.94691467285156, -68.88822174072266], "lidar": [-1, 0.03970967744011022, 0.03971010432675269, 0.03971030333086696, 0.0397107873783449, 0.03971017739175969, 0.039709174938373386], "target point": [[null, null, null], [null, null, null], [null, null, null], [null, null, null], [null, null, null], [null, null, null], [null, null, null]], "unix time": [0.0, 1662961118755563, 1662961118755563, 1662961119754563, 1662961119754563, 1662961120753563, 1662961120753563]}