{"mode": ["0.0", "0.0", "HOLD", "HOLD", "HOLD", "HOLD", "HOLD", "HOLD", "TAKEOFF", "TAKEOFF", "TAKEOFF", "TAKEOFF", "TAKEOFF", "TAKEOFF", "TAKEOFF", "TAKEOFF", "TAKEOFF", "TAKEOFF", "TAKEOFF", "TAKEOFF", "TAKEOFF", "TAKEOFF", "LAND", "LAND", "LAND", "LAND", "LAND", "LAND", "LAND", "LAND", "LAND", "LAND", "LAND", "LAND", "LAND", "LAND", "LAND", "LAND", "LAND", "LAND", "LAND", "LAND", "LAND", "LAND", "LAND", "LAND", "LAND", "LAND", "LAND", "LAND", "LAND", "LAND", "LAND", "LAND", "LAND", "LAND", "LAND", "LAND", "LAND", "LAND", "LAND", "LAND"], "lat_deg": [0.0, 40.6526092, 40.652608699999995, 40.652608199999996, 40.6526079, 40.6526073, 40.6526068, 40.652606299999995, 40.652606, 40.6526059, 40.652606299999995, 40.6526065, 40.652606299999995, 40.652606, 40.652605, 40.6526035, 40.6526024, 40.6526017, 40.652601399999995, 40.6526023, 40.6526042, 40.6526066, 40.6526089, 40.652610599999996, 40.652611199999996, 40.652611, 40.6526104, 40.6526099, 40.6526095, 40.652608799999996, 40.652608199999996, 40.6526078, 40.652607499999995, 40.6526071, 40.652606399999996, 40.652606399999996, 40.652606399999996, 40.652607599999996, 40.6526086, 40.6526085, 40.6526083, 40.652608199999996, 40.652608199999996, 40.652608099999995, 40.6526079, 40.6526078, 40.6526077, 40.6526078, 40.652607499999995, 40.652608699999995, 40.6526089, 40.652608099999995, 40.6526071, 40.6526059, 40.652603, 40.6526012, 40.652600899999996, 40.6525999, 40.6525992, 40.6525974, 40.6525965, 40.6525951], "lng_deg": [0.0, -119.3542597, -119.35426029999999, -119.35426079999999, -119.3542612, -119.3542612, -119.35426109999999, -119.35426109999999, -119.354261, -119.3542607, -119.3542602, -119.3542588, -119.3542571, -119.3542559, -119.3542555, -119.35425579999999, -119.3542571, -119.3542591, -119.3542612, -119.3542629, -119.3542641, -119.3542647, -119.35426489999999, -119.3542648, -119.35426489999999, -119.354265, -119.3542655, -119.3542657, -119.354266, -119.3542664, -119.35426679999999, -119.3542674, -119.35426779999999, -119.3542681, -119.35426869999999, -119.3542672, -119.3542672, -119.3542657, -119.3542652, -119.354265, -119.35426509999999, -119.3542652, -119.3542653, -119.35426489999999, -119.3542648, -119.35426489999999, -119.354265, -119.35426489999999, -119.3542652, -119.354267, -119.35427059999999, -119.35427299999999, -119.3542765, -119.3542808, -119.35428569999999, -119.35429169999999, -119.3542975, -119.3543016, -119.35430609999999, -119.3543093, -119.3543119, -119.3543131], "abs_alt_m": [0.0, 1188.0230712890625, 1188.0150146484375, 1188.0130615234375, 1188.009033203125, 1188.006103515625, 1188.0040283203125, 1188.008056640625, 1187.9951171875, 1187.8970947265625, 1188.131103515625, 1188.280029296875, 1188.39599609375, 1188.4820556640625, 1188.51806640625, 1188.4970703125, 1188.4610595703125, 1188.4420166015625, 1188.443115234375, 1188.45703125, 1188.4730224609375, 1188.498046875, 1188.4071044921875, 1188.43408203125, 1188.4710693359375, 1188.4840087890625, 1188.489013671875, 1188.4901123046875, 1188.487060546875, 1188.4830322265625, 1188.47607421875, 1188.4710693359375, 1188.47607421875, 1188.4620361328125, 1187.2430419921875, 1185.5850830078125, 1185.5850830078125, 1186.72802734375, 1186.81201171875, 1186.8760986328125, 1186.912109375, 1186.9140625, 1186.8990478515625, 1186.8780517578125, 1186.883056640625, 1186.8770751953125, 1186.8690185546875, 1186.8580322265625, 1186.8651123046875, 1187.0550537109375, 1187.089111328125, 1187.18310546875, 1187.412109375, 1187.4130859375, 1187.3800048828125, 1187.416015625, 1187.3590087890625, 1187.373046875, 1187.4071044921875, 1187.3470458984375, 1187.39501953125, 1187.5040283203125], "rel_alt_m": [0.0, -0.003000000026077032, -0.01100000087171793, -0.012000000104308128, -0.017000000923871994, -0.01900000125169754, -0.02200000174343586, 0.003000000026077032, -0.00800000037997961, -0.10600000619888306, 0.12600000202655792, 0.2750000059604645, 0.39100003242492676, 0.4780000150203705, 0.5130000114440918, 0.4930000305175781, 0.4570000171661377, 0.43700000643730164, 0.43800002336502075, 0.4520000219345093, 0.4690000116825104, 0.4930000305175781, 0.4020000100135803, 0.42900002002716064, 0.4660000205039978, 0.48000001907348633, 0.484000027179718, 0.48500001430511475, 0.4820000231266022, 0.4780000150203705, 0.4710000157356262, 0.46700000762939453, 0.4710000157356262, 0.4580000340938568, -0.7600000500679016, -2.4190001487731934, -2.4190001487731934, -1.2750000953674316, -1.1920000314712524, -1.128000020980835, -1.0920000076293945, -1.0890001058578491, -0.005000000353902578, -0.02500000037252903, -0.021000001579523087, -0.027000000700354576, -0.03400000184774399, -0.04500000178813934, -0.039000000804662704, 0.1510000079870224, 0.18400001525878906, 0.27900001406669617, 0.021000001579523087, 0.02200000174343586, -0.007000000216066837, 0.02800000086426735, -0.009000000543892384, 0.004000000189989805, 0.03800000250339508, -0.013000000268220901, 0.032999999821186066, 0.006000000052154064], "x_m": [0.0, 1.448301911354065, 1.3885687589645386, 1.340773105621338, 1.2976763248443604, 1.236166000366211, 1.1771080493927002, 1.1273953914642334, 1.0934169292449951, 1.0890915393829346, 1.13118314743042, 1.1432883739471436, 1.1280168294906616, 1.0916906595230103, 0.9692932367324829, 0.8142895698547363, 0.6965509057044983, 0.6146761178970337, 0.5855013132095337, 0.6968943476676941, 0.9170026183128357, 1.1826064586639404, 1.4339319467544556, 1.6124905347824097, 1.6735434532165527, 1.6503336429595947, 1.5864185094833374, 1.5234586000442505, 1.4777685403823853, 1.4076032638549805, 1.3330135345458984, 1.2895954847335815, 1.260843276977539, 1.2087929248809814, 1.1175382137298584, 0.9909862279891968, 1.0016010999679565, 1.2869855165481567, 1.3866736888885498, 1.3708378076553345, 1.3515022993087769, 1.3445777893066406, 1.3389804363250732, 1.3311516046524048, 1.3044967651367188, 1.2941441535949707, 1.2900978326797485, 1.2932102680206299, 1.280117392539978, 1.3915468454360962, 1.416061282157898, 1.3214119672775269, 1.2095911502838135, 1.0681791305541992, 0.7141537666320801, 0.5584960579872131, 0.5299527049064636, 0.4135693311691284, 0.3220480978488922, 0.12514249980449677, 0.02469043619930744, -0.1356612592935562], "y_m": [0.0, 14.208836555480957, 14.161787986755371, 14.114338874816895, 14.084052085876465, 14.085548400878906, 14.089305877685547, 14.094815254211426, 14.098328590393066, 14.13520622253418, 14.17729377746582, 14.311598777770996, 14.45789909362793, 14.53771686553955, 14.563909530639648, 14.540473937988281, 14.427321434020996, 14.26052474975586, 14.080642700195312, 13.933751106262207, 13.83487606048584, 13.790435791015625, 13.769883155822754, 13.773446083068848, 13.776861190795898, 13.764904975891113, 13.726418495178223, 13.705371856689453, 13.681839942932129, 13.64725399017334, 13.611549377441406, 13.558492660522461, 13.520121574401855, 13.493409156799316, 13.451054573059082, 13.585546493530273, 13.666295051574707, 13.706418991088867, 13.744365692138672, 13.763771057128906, 13.755322456359863, 13.7503023147583, 13.735596656799316, 13.769643783569336, 13.78155517578125, 13.775429725646973, 13.76290225982666, 13.77745532989502, 13.73986530303955, 13.592955589294434, 13.287385940551758, 13.084455490112305, 12.761563301086426, 12.400318145751953, 11.936304092407227, 11.430526733398438, 11.013561248779297, 10.665119171142578, 10.268777847290039, 10.00586986541748, 9.78381061553955, 9.7009859085083],